{
  "$schema": "https://schema.management.azure.com/schemas/2019-04-01/deploymentTemplate.json#",
  "contentVersion": "1.0.0.35",
  "parameters": {
    "location": {
      "type": "string",
      "defaultValue": "[resourceGroup().location]",
      "metadata": {
        "description": "Location for all resources."
      }
    },
    "customData": {
      "type": "string",
      "defaultValue": "echo customData",
      "metadata": {
        "description": "String passed down to the Virtual Machine."
      }
    },
    "vmName": {
      "type": "string",
      "metadata": {
        "description": "Name of VM-Series VM in the Azure portal"
      },
      "defaultValue": "VM-Series"
    },
    "imageVersion": {
      "type": "string",
      "allowedValues": ["latest", "10.1.0", "10.0.6", "9.1.10"],
      "metadata": {
        "description": "Version number of VM-Series VM in the Azure portal"
      },
      "defaultValue": "latest"
    },
    "vmSize": {
      "type": "string",
      "allowedValues": [
        "Standard_D3_v2",
        "Standard_D4_v2",
        "Standard_D5_v2",
        "Standard_D4_v3",
        "Standard_DS3_v2",
        "Standard_DS4_v2",
        "Standard_DS5_v2",
        "Standard_D8_v3",
        "Standard_D16_v3",
        "Standard_D8s_v3",
        "Standard_D16s_v3",
        "Standard_F8s_v2",
        "Standard_F32s_v2",
        "Standard_D8_v4",
        "Standard_D16_v4",
        "Standard_D8s_v4",
        "Standard_D16s_v4"
      ],
      "metadata": {
        "description": "Azure VM size for VM-Series"
      },
      "defaultValue": "Standard_D3_v2"
    },
    "virtualNetworkName": {
      "type": "string",
      "metadata": {
        "description": "Name of the Virtual Network (VNET)"
      },
      "defaultValue": "fwVNET"
    },
    "vnetNewOrExisting": {
      "type": "string",
      "defaultValue": "existing",
      "allowedValues": ["new", "existing"],
      "metadata": {
        "description": "Use new or existing VNET"
      }
    },
    "virtualNetworkExistingRGName": {
      "type": "string",
      "defaultValue": "",
      "metadata": {
        "description": "Name of resource group of existing VNET (if applicable)"
      }
    },
    "subnet0Name": {
      "type": "string",
      "defaultValue": "Mgmt",
      "metadata": {
        "description": "Subnet for Management"
      }
    },
    "subnet1Name": {
      "type": "string",
      "defaultValue": "Untrust",
      "metadata": {
        "description": "Subnet for Untrust"
      }
    },
    "subnet2Name": {
      "type": "string",
      "defaultValue": "Trust",
      "metadata": {
        "description": "Subnet for Trust"
      }
    },

    "authenticationType": {
      "type": "string",
      "metadata": {
        "description": "Type of administrator user authentication "
      },
      "allowedValues": ["sshPublicKey", "password"],
      "defaultValue": "password"
    },
    "adminUsername": {
      "type": "string",
      "metadata": {
        "description": "Username of the administrator account of VM-Series"
      }
    },
    "adminPasswordOrKey": {
      "type": "securestring",
      "metadata": {
        "description": "Password or ssh key for the administrator account of VM-Series."
      }
    },
    "publicIPNewOrExisting": {
      "type": "string",
      "defaultValue": "new",
      "allowedValues": ["new", "existing"],
      "metadata": {
        "description": "Public IP for mgmt interface is new or existing"
      }
    },
    "publicIPAddressName": {
      "type": "string",
      "metadata": {
        "description": "Name of existing public IP resource"
      }
    },
    "publicIPRGName": {
      "type": "string",
      "defaultValue": "None",
      "metadata": {
        "description": "Name of existing public IP resource group"
      }
    },
    "publicIPAllocationMethod": {
      "type": "string",
      "defaultValue": "Dynamic",
      "allowedValues": ["Dynamic", "Static"],
      "metadata": {
        "description": "Allocation method of public IP resource"
      }
    },
    "bootstrap": {
      "type": "string",
      "defaultValue": "no",
      "allowedValues": ["yes", "no"],
      "metadata": {
        "description": "Pass bootstrap data to VM"
      }
    },
    "zone": {
      "type": "string",
      "defaultValue": "None",
      "metadata": {
        "description": "Availability Zone for VM-Series"
      }
    },
    "availabilitySetName": {
      "type": "string",
      "defaultValue": "None"
    },
    "availabilitySetPlatformFaultDomainCount": {
      "type": "string",
      "defaultValue": "2"
    },
    "availabilitySetPlatformUpdateDomainCount": {
      "type": "string",
      "defaultValue": "5"
    }
  },
  "variables": {
    "imagePublisher": "paloaltonetworks",
    "imageSku": "byol",
    "imageOffer": "vmseries-flex",
    "nicName": "[concat(parameters('vmName'), '-eth-nic-')]",
    "existingVnetID": "[resourceId(parameters('virtualNetworkExistingRGName'),concat('Microsoft.Network','/','virtualNetworks'),parameters('virtualNetworkName'))]",
    "existingSubnet0Ref": "[concat(variables('existingVnetID'),'/subnets/',parameters('subnet0Name'))]",
    "existingSubnet1Ref": "[concat(variables('existingVnetID'),'/subnets/',parameters('subnet1Name'))]",
    "existingSubnet2Ref": "[concat(variables('existingVnetID'),'/subnets/',parameters('subnet2Name'))]",
    "newVnetID": "[resourceId('Microsoft.Network/virtualNetworks',parameters('virtualNetworkName'))]",
    "newSubnet0Ref": "[concat(variables('newVnetID'),'/subnets/',parameters('subnet0Name'))]",
    "newSubnet1Ref": "[concat(variables('newVnetID'),'/subnets/',parameters('subnet1Name'))]",
    "newSubnet2Ref": "[concat(variables('newVnetID'),'/subnets/',parameters('subnet2Name'))]",
    "vnetID": "[if(equals(parameters('vnetNewOrExisting'),'new'), variables('newVnetID'), variables('existingVnetID'))]",
    "subnet0Ref": "[if(equals(parameters('vnetNewOrExisting'),'new'), variables('newSubnet0Ref'), variables('existingSubnet0Ref'))]",
    "subnet1Ref": "[if(equals(parameters('vnetNewOrExisting'),'new'), variables('newSubnet1Ref'), variables('existingSubnet1Ref'))]",
    "subnet2Ref": "[if(equals(parameters('vnetNewOrExisting'),'new'), variables('newSubnet2Ref'), variables('existingSubnet2Ref'))]",
    "zones": ["[parameters('zone')]"],
    "availabilitySet": {
      "id": "[resourceId('Microsoft.Compute/availabilitySets', parameters('availabilitySetName'))]"
    },
    "linuxConfiguration": {
      "disablePasswordAuthentication": true,
      "ssh": {
        "publicKeys": [
          {
            "path": "[concat('/home/', parameters('adminUsername'), '/.ssh/authorized_keys')]",
            "keyData": "[parameters('adminPasswordOrKey')]"
          }
        ]
      }
    }
  },
  "resources": [
    {
      "name": "[parameters('publicIPAddressName')]",
      "type": "Microsoft.Network/publicIPAddresses",
      "apiVersion": "2017-10-01",
      "condition": "[equals(parameters('publicIPNewOrExisting'), 'new')]",
      "location": "[parameters('location')]",
      "properties": {
        "publicIPAllocationMethod": "[parameters('publicIPAllocationMethod')]",
        "dnsSettings": {
          "domainNameLabel": "[parameters('publicIPAddressName')]"
        }
      }
    },
    {
      "name": "[concat(variables('nicName'), '0')]",
      "type": "Microsoft.Network/networkInterfaces",
      "apiVersion": "2017-10-01",
      "dependsOn": [ ],
      "location": "[parameters('location')]",
      "properties": {
        "ipConfigurations": [
          {
            "name": "ipconfig-mgmt",
            "properties": {
              "privateIPAllocationMethod": "Dynamic",
               "subnet": {
                "id": "[variables('subnet0Ref')]"
              }
            }
          }
        ]
      }
    },
    {
      "name": "[concat(variables('nicName'), '1')]",
      "type": "Microsoft.Network/networkInterfaces",
      "apiVersion": "2017-10-01",
      "dependsOn": [
        "[resourceId('Microsoft.Network/publicIPAddresses', parameters('publicIPAddressName'))]"
      ],
      "location": "[parameters('location')]",
      "properties": {
        "enableIPForwarding": true,
        "enableAcceleratedNetworking": "[if(equals(parameters('imageVersion'), '8.1.9'), 'false', 'true')]",
        "ipConfigurations": [
          {
            "name": "ipconfig-untrust",
            "properties": {
              "privateIPAllocationMethod": "Dynamic",
              "publicIPAddress": {
                "id": "[if(equals(parameters('publicIPNewOrExisting'), 'existing'), resourceId(parameters('publicIPRGName'), 'Microsoft.Network/publicIPAddresses', parameters('publicIPAddressName')), resourceId('Microsoft.Network/publicIPAddresses',parameters('publicIPAddressName')))]"
              },
              "subnet": {
                "id": "[variables('subnet1Ref')]"
              }
            }
          }
        ]
      }
    },
    {
      "name": "[concat(variables('nicName'), '2')]",
      "type": "Microsoft.Network/networkInterfaces",
      "apiVersion": "2017-10-01",
      "dependsOn": [],
      "location": "[parameters('location')]",
      "properties": {
        "enableIPForwarding": true,
        "enableAcceleratedNetworking": "[if(equals(parameters('imageVersion'), '8.1.9'), 'false', 'true')]",
        "ipConfigurations": [
          {
            "name": "ipconfig-trust",
            "properties": {
              "privateIPAllocationMethod": "Dynamic",
              "subnet": {
                "id": "[variables('subnet2Ref')]"
              }
            }
          }
        ]
      }
    },
    {
      "name": "[parameters('availabilitySetName')]",
      "type": "Microsoft.Compute/availabilitySets",
      "apiVersion": "2018-06-01",
      "condition": "[not(equals(parameters('availabilitySetName'), 'None'))]",
      "location": "[parameters('location')]",
      "dependsOn": [
     
      ],
      "properties": {
        "platformFaultDomainCount": "[parameters('availabilitySetPlatformFaultDomainCount')]",
        "platformUpdateDomainCount": "[parameters('availabilitySetPlatformUpdateDomainCount')]"
      },
      "sku": {
        "name": "aligned"
      }
    },
    {
      "name": "[parameters('vmName')]",
      "type": "Microsoft.Compute/virtualMachines",
      "apiVersion": "2018-06-01",
      "dependsOn": [
        "[resourceId('Microsoft.Network/publicIPAddresses', parameters('publicIPAddressName'))]",
        "[concat(variables('nicName'), '0')]",
        "[concat(variables('nicName'), '1')]",
        "[concat(variables('nicName'), '2')]",
        "[resourceId('Microsoft.Compute/availabilitySets', parameters('availabilitySetName'))]"
      ],
      "location": "[parameters('location')]",
      "plan": {
        "name": "[variables('imageSku')]",
        "product": "[variables('imageOffer')]",
        "publisher": "[variables('imagePublisher')]"
      },
      "properties": {
        "hardwareProfile": {
          "vmSize": "[parameters('vmSize')]"
        },
        "osProfile": {
          "computerName": "[parameters('vmName')]",
          "adminUsername": "[parameters('adminUsername')]",
          "adminPassword": "[parameters('adminPasswordOrKey')]",
          "linuxConfiguration": "[if(equals(parameters('authenticationType'), 'password'), json('null'), variables('linuxConfiguration'))]",
          "customData": "[if(equals(parameters('bootstrap'), 'no'), json('null'), base64(parameters('customData')))]"
        },
        "storageProfile": {
          "imageReference": {
            "publisher": "[variables('imagePublisher')]",
            "offer": "[variables('imageOffer')]",
            "sku": "[variables('imageSku')]",
            "version": "[parameters('imageVersion')]"
          },
          "osDisk": {
            "createOption": "FromImage"
          }
        },
        "networkProfile": {
          "networkInterfaces": [
            {
              "id": "[resourceId('Microsoft.Network/networkInterfaces', concat(variables('nicName'),'0'))]",
              "properties": {
                "primary": true
              }
            },
            {
              "id": "[resourceId('Microsoft.Network/networkInterfaces', concat(variables('nicName'),'1'))]",
              "properties": {
                "primary": false
              }
            },
            {
              "id": "[resourceId('Microsoft.Network/networkInterfaces', concat(variables('nicName'),'2'))]",
              "properties": {
                "primary": false
              }
            }
          ]
        },
        "availabilitySet": "[if(equals(parameters('availabilitySetName'), 'None'), json('null'), variables('availabilitySet'))]"
      },
      "zones": "[if(equals(parameters('zone'), 'None'), json('null'), variables('zones'))]"
    }
  ]
}
