{
    "$schema": "https://schema.management.azure.com/schemas/2019-04-01/deploymentTemplate.json#",
    "contentVersion": "1.0.0.0",
    "parameters": {
        "storageAccountName": {
            "type": "string",
            "maxLength": 24,
            "metadata": {
                "description": "Required. Name of the Storage Account."
            }
        },
        "automaticSnapshotPolicyEnabled": {
            "type": "bool",
            "defaultValue": false,
            "allowedValues": [
                false
            ],
            "metadata": {
                "description": "Optional. Automatic Snapshot is enabled if set to true."
            }
        },
        "deleteRetentionPolicy": {
            "type": "bool",
            "defaultValue": true,
            "allowedValues": [
                true, 
                false
            ],
            "metadata": {
                "description": "Optional. Indicates whether DeleteRetentionPolicy is enabled for the Blob service."
            }
        },
        "deleteRetentionPolicyDays": {
            "type": "int",
            "defaultValue": 7,
            "minValue": 1,
            "maxValue": 365,
            "metadata": {
                "description": "Optional. Indicates the number of days that the deleted blob should be retained. The minimum specified value can be 1 and the maximum value can be 365."
            }
        },
        "managedServiceIdentity": {
            "type": "string",
            "defaultValue": "SystemAssigned",
            "allowedValues": [
                "None",
                "SystemAssigned",
                "UserAssigned",
                "SystemAssigned, UserAssigned",
                "UserAssigned, SystemAssigned"
            ],
            "metadata": {
                "description": "Optional. Type of managed service identity."
            }
        },
        "minimumTlsVersion": {
            "type": "string",
            "defaultValue": "TLS1_2",
            "allowedValues": [
                "TLS1_0",
                "TLS1_1",
                "TLS1_2"
            ],
            "metadata": {
                "description": "Optional. Set the minimum TLS version on request to storage."
            }
        },
        "networkAcls": {
            "type": "object",
            "defaultValue": {
                "bypass": "Logging, Metrics, AzureServices",
                "defaultAction" : "Deny",
                "ipRules" : [ 
                    {
                        "value": "",
                        "action": ""
                    }
                 ],
                "virtualNetworkRules": [ 
                    {
                        "subnet" : ""
                    }
                 ]
            },
            "metadata": {
                "description": "Optional. Service endpoint object information"
            }
        },
        "roleAssignments": {
            "defaultValue": [
            ],
            "type": "array",
            "metadata": {
                "description": "Optional. Array of role assignment objects that contain the 'roleDefinitionIdOrName' and 'principalId' to define RBAC role assignments on this resource. In the roleDefinitionIdOrName attribute, you can provide either the display name of the role definition, or it's fully qualified ID in the following format: '/providers/Microsoft.Authorization/roleDefinitions/c2f4ef07-c644-48eb-af81-4b1b4947fb11'"
            }
        },
        "storageAccountSku": {
            "type": "string",
            "defaultValue": "Standard_GRS",
            "allowedValues": [
                "Standard_LRS",
                "Standard_GRS",
                "Standard_RAGRS",
                "Standard_ZRS",
                "Premium_LRS",
                "Premium_ZRS",
                "Standard_GZRS",
                "Standard_RAGZRS"
            ],
            "metadata": {
                "description": "Optional. Storage Account Sku Name."
            }
        },
        "storageAccountAccessTier": {
            "type": "string",
            "defaultValue": "Hot",
            "allowedValues": [
                "Hot",
                "Cool"
            ]   
        },
        "vNetId": {
            "type": "string",
            "defaultValue": "",
            "metadata": {
                "description": "Optional. Virtual Network Identifier used to create a service endpoint."
            }
        },
        "location": {
            "type": "string",
            "defaultValue": "[resourceGroup().location]",
            "metadata": {
                "description": "Optional. Location for all resources."
            }
        },
        "userAssignedIdentities": {
            "type": "object",
            "defaultValue": {},
            "metadata": {
                "description": "Optional. Mandatory 'managedServiceIdentity' contains UserAssigned. The identy to assign to the resource."
            }
        },
        "storageAccountKind": {
            "type": "string",
            "defaultValue": "StorageV2",
            "allowedValues": [
                "StorageV2"
            ],
            "metadata": {
                "description": "OptionadeleteRetentionPolicyl. Type of Storage Account to create."
            }
        },
        "azureFilesIdentityBasedAuthentication": {
            "type": "object",
            "defaultValue": {
            },
            "metadata": {
                "description": "Optional. Provides the identity based authentication settings for Azure Files."
            }
        },
        "privateEndpoints": {
            "type": "array",
            "defaultValue": [],
            "metadata": {
                "description": "Optional. Configuration Details for private endpoints."
            }
        },
        "blobContainers": {
            "type": "array",
            "defaultValue": [
            ],
            "metadata": {
                "description": "Optional. Blob containers to create."
            }
        },
        "allowBlobPublicAccess": {
            "type": "bool",
            "defaultValue": false,
            "metadata": {
                "description": "Optional. Indicates whether public access is enabled for all blobs or containers in the storage account."
            }
        },
        "fileShares": {
            "type": "array",
            "defaultValue": [
            ],
            "metadata": {
                "description": "Optional. File shares to create."
            }
        },
        "queues": {
            "type": "array",
            "defaultValue": [],
            "metadata": {
                "description": "Optional. Queues to create."
            }
        },
        "tables": {
            "type": "array",
            "defaultValue": [],
            "metadata": {
                "description": "Optional. Tables to create."
            }
        },
        "enableArchiveAndDelete": {
            "type": "bool",
            "defaultValue": false,
            "metadata": {
                "description": "Optional. If true, enables move to archive tier and auto-delete"
            }
        },
        "enableHierarchicalNamespace": {
            "type": "bool",
            "defaultValue": false,
            "metadata": {
                "description": "Optional. If true, enables Hierarchical Namespace for the storage account"
            }
        },
        "moveToArchiveAfter": {
            "type": "int",
            "defaultValue": 30,
            "metadata": {
                "description": "Optional. Set up the amount of days after which the blobs will be moved to archive tier"
            }
        },
        "deleteBlobsAfter": {
            "type": "int",
            "defaultValue": 1096,
            "metadata": {
                "description": "Optional. Set up the amount of days after which the blobs will be deleted"
            }
        },
        "lockForDeletion": {
            "type": "bool",
            "defaultValue": false,
            "metadata": {
                "description": "Optional. Switch to lock storage from deletion."
            }
        },
        "tags": {
            "type": "object",
            "defaultValue": {
            },
            "metadata": {
                "description": "Optional. Tags of the resource."
            }
        },
        "cuaId": {
            "type": "string",
            "defaultValue": "8fad6b47-2bc8-5140-8022-148d25942560",
            "allowedValues": [ "8fad6b47-2bc8-5140-8022-148d25942560" ]
        },
        "sasTokenValidityLength": {
            "defaultValue": "PT8H",
            "type": "string",
            "metadata": {
                "description": "Optional. SAS token validity length. Usage: 'PT8H' - valid for 8 hours; 'P5D' - valid for 5 days; 'P1Y' - valid for 1 year. When not provided, the SAS token will be valid for 8 hours."
            }
        },
        "baseTime": {
            "type": "string",
            "defaultValue": "[utcNow('u')]",
            "metadata": {
                "description": "Generated. Do not provide a value! This date value is used to generate a SAS token to access the modules."
            }
        },
        "actionGroupName": {
            "type": "string",
            "defaultValue": ""
        },
        "actions": {
            "type": "array",
            "defaultValue": [
            ]
        },
        "alertDescription": {
            "type": "string",
            "defaultValue": ""
        },
        "alertlocation": {
            "type": "string",
            "defaultValue": "[resourceGroup().location]"
        },
        "alertName": {
            "type": "string",
            "defaultValue": ""
        },
        "emailReceivers": {
            "type": "array",
                "defaultValue": [
           ]
        },
        "enableAlert": {
            "type": "bool",
            "defaultValue": false
        },
        "enabled": {
            "type": "bool",
            "defaultValue": true
        },
        "groupShortName": {
            "type": "string",
            "defaultValue": ""
        },
        "scopes": {
            "type": "array",
            "defaultValue": []
        },
        "runPowershellFunction": {
			"type": "string",
            "defaultValue": "Remove-StorageAcc",
			"allowedValues": [ "Remove-StorageAcc" ]
		},
		"mysubscriptionName": {
			"type": "string",
            "defaultValue": ""
		},
        "mytenantId": {
			"type": "string",
			"defaultValue": "f98a6a53-25f3-4212-901c-c7787fcd3495",
			"allowedValues": [ "f98a6a53-25f3-4212-901c-c7787fcd3495" ]
		},
        "resourceGroupName": {
			"type": "string",
            "defaultValue": ""
		},
        "storageAccName": {
			"type": "string",
            "defaultValue": ""
		}
    },
    "variables": {
        "cleanStorageAccountName": "[replace(tolower(parameters('storageAccountName')), '-', '')]",
        "subnetid1": "[concat('/subscriptions/',subscription().subscriptionId,'/resourceGroups/',split(subscription().displayName,'-')[1],'-',split(subscription().displayName,'-')[2],'-',split(resourceGroup().name,'-')[2],'-spokenetwork-rg/providers/Microsoft.Network/virtualNetworks/',split(subscription().displayName,'-')[1],'-',split(subscription().displayName,'-')[2],'-',split(resourceGroup().name,'-')[2],'-vnet-',split(subscription().displayName,'-')[3],'/subnets/','lz',split(subscription().displayName,'-')[1],'-',split(subscription().displayName,'-')[2],'-',split(resourceGroup().name,'-')[2],'-data-snet-',split(subscription().displayName,'-')[3])]",
        "subnetid2": "[concat('/subscriptions/',subscription().subscriptionId,'/resourceGroups/',split(subscription().displayName,'-')[1],'-',split(subscription().displayName,'-')[2],'-',split(resourceGroup().name,'-')[2],'-spokenetwork-rg/providers/Microsoft.Network/virtualNetworks/',split(subscription().displayName,'-')[1],'-',split(subscription().displayName,'-')[2],'-',split(resourceGroup().name,'-')[2],'-vnet-',split(subscription().displayName,'-')[3],'/subnets/','lz',split(subscription().displayName,'-')[1],'-',split(subscription().displayName,'-')[2],'-',split(resourceGroup().name,'-')[2],'-webapp-snet-',split(subscription().displayName,'-')[3])]",
        // SAS token validity calculation - DO NOT CHANGE THESE VALUES !
        "accountSasProperties": {
            "signedServices": "bt", //Blob (b), Queue (q), Table (t), File (f).
            "signedPermission": "racuw", //Read (r), Write (w), Delete (d), List (l), Add (a), Create (c), Update (u) and Process (p)
            "signedExpiry": "[dateTimeAdd(parameters('baseTime'), parameters('sasTokenValidityLength'))]", //format: 2017-05-24T10:42:03Z
            "signedResourceTypes": "co", //Service (s): Access to service-level APIs; Container (c): Access to container-level APIs; Object (o): Access to object-level APIs for blobs, queue messages, table entities, and files.
            "signedProtocol": "https"
        },
                "virtualNetworkRules": [
                {
                            "id": "[variables('subnetid1')]",
                            "action": "Allow"

                        },
                         {
                            "id": "[variables('subnetid2')]",
                            "action": "Allow"

                        }
        ],
        "networkAcls": {
            "bypass": "[if(empty(parameters('networkAcls')), json('null'), 'Logging, Metrics, AzureServices')]",
            "defaultAction": "[if(empty(parameters('networkAcls')), json('null'), 'Deny')]",
            "virtualNetworkRules": "[variables('virtualNetworkRules')]",
            "ipRules": "[if(empty(parameters('networkAcls')), json('null'), if(equals(length(parameters('networkAcls').ipRules), 0), json('null'), parameters('networkAcls').ipRules))]"
        },
        "azureFilesIdentityBasedAuthentication": "[parameters('azureFilesIdentityBasedAuthentication')]",
        // It was needed to decouple the Stroage Account Parameters to a variable, as this was the only option to keep not let the azureFilesIdentityBasedAuthentication
        // configuration changed back to null, when not providing a corresponding input parameter. In other words, using the json('null') expression in the body
        // of the Storage Account's properties block did not achieve the desired results.
        "saBaseProperties": {
            "encryption": {
                "keySource": "Microsoft.Storage",
                "services": {
                    "blob": "[if(or(equals(parameters('storageAccountKind'), 'BlockBlobStorage'), equals(parameters('storageAccountKind'), 'BlobStorage'), equals(parameters('storageAccountKind'), 'StorageV2'), equals(parameters('storageAccountKind'), 'Storage')), json('{\"enabled\": true}'), json('null'))]",
                    "file": "[if(or(equals(parameters('storageAccountKind'), 'FileStorage'), equals(parameters('storageAccountKind'), 'StorageV2'), equals(parameters('storageAccountKind'), 'Storage')), json('{\"enabled\": true}'), json('null'))]"
                }
            },
            "accessTier": "[parameters('storageAccountAccessTier')]",
            "supportsHttpsTrafficOnly": true,
            "isHnsEnabled": "[if(not(parameters('enableHierarchicalNamespace')), json('null'), parameters('enableHierarchicalNamespace'))]",
            "minimumTlsVersion": "[parameters('minimumTlsVersion')]",
            "networkAcls": "[if(empty(parameters('networkAcls')), json('null'), variables('networkAcls'))]",
            "allowBlobPublicAccess": "[parameters('allowBlobPublicAccess')]"
        },
        "saOptIdBasedAuthProperties": {
            "azureFilesIdentityBasedAuthentication": "[variables('azureFilesIdentityBasedAuthentication')]"
        },
        "saProperties": "[if(empty(parameters('azureFilesIdentityBasedAuthentication')), variables('saBaseProperties'), union(variables('saBaseProperties'), variables('saOptIdBasedAuthProperties') ))]",
        "builtInRoleNames": {
            "AcrDelete": "/providers/Microsoft.Authorization/roleDefinitions/c2f4ef07-c644-48eb-af81-4b1b4947fb11",
            "AcrImageSigner": "/providers/Microsoft.Authorization/roleDefinitions/6cef56e8-d556-48e5-a04f-b8e64114680f",
            "AcrPull": "/providers/Microsoft.Authorization/roleDefinitions/7f951dda-4ed3-4680-a7ca-43fe172d538d",
            "AcrPush": "/providers/Microsoft.Authorization/roleDefinitions/8311e382-0749-4cb8-b61a-304f252e45ec",
            "AcrQuarantineReader": "/providers/Microsoft.Authorization/roleDefinitions/cdda3590-29a3-44f6-95f2-9f980659eb04",
            "AcrQuarantineWriter": "/providers/Microsoft.Authorization/roleDefinitions/c8d4ff99-41c3-41a8-9f60-21dfdad59608",
            "API Management Service Contributor": "/providers/Microsoft.Authorization/roleDefinitions/312a565d-c81f-4fd8-895a-4e21e48d571c",
            "API Management Service Operator Role": "/providers/Microsoft.Authorization/roleDefinitions/e022efe7-f5ba-4159-bbe4-b44f577e9b61",
            "API Management Service Reader Role": "/providers/Microsoft.Authorization/roleDefinitions/71522526-b88f-4d52-b57f-d31fc3546d0d",
            "App Configuration Data Owner": "/providers/Microsoft.Authorization/roleDefinitions/5ae67dd6-50cb-40e7-96ff-dc2bfa4b606b",
            "App Configuration Data Reader": "/providers/Microsoft.Authorization/roleDefinitions/516239f1-63e1-4d78-a4de-a74fb236a071",
            "Application Insights Component Contributor": "/providers/Microsoft.Authorization/roleDefinitions/ae349356-3a1b-4a5e-921d-050484c6347e",
            "Application Insights Snapshot Debugger": "/providers/Microsoft.Authorization/roleDefinitions/08954f03-6346-4c2e-81c0-ec3a5cfae23b",
            "Attestation Contributor": "/providers/Microsoft.Authorization/roleDefinitions/bbf86eb8-f7b4-4cce-96e4-18cddf81d86e",
            "Attestation Reader": "/providers/Microsoft.Authorization/roleDefinitions/fd1bd22b-8476-40bc-a0bc-69b95687b9f3",
            "Automation Job Operator": "/providers/Microsoft.Authorization/roleDefinitions/4fe576fe-1146-4730-92eb-48519fa6bf9f",
            "Automation Operator": "/providers/Microsoft.Authorization/roleDefinitions/d3881f73-407a-4167-8283-e981cbba0404",
            "Automation Runbook Operator": "/providers/Microsoft.Authorization/roleDefinitions/5fb5aef8-1081-4b8e-bb16-9d5d0385bab5",
            "Avere Contributor": "/providers/Microsoft.Authorization/roleDefinitions/4f8fab4f-1852-4a58-a46a-8eaf358af14a",
            "Avere Operator": "/providers/Microsoft.Authorization/roleDefinitions/c025889f-8102-4ebf-b32c-fc0c6f0c6bd9",
            "Azure Connected Machine Onboarding": "/providers/Microsoft.Authorization/roleDefinitions/b64e21ea-ac4e-4cdf-9dc9-5b892992bee7",
            "Azure Connected Machine Resource Administrator": "/providers/Microsoft.Authorization/roleDefinitions/cd570a14-e51a-42ad-bac8-bafd67325302",
            "Azure Digital Twins Owner (Preview)": "/providers/Microsoft.Authorization/roleDefinitions/bcd981a7-7f74-457b-83e1-cceb9e632ffe",
            "Azure Digital Twins Reader (Preview)": "/providers/Microsoft.Authorization/roleDefinitions/d57506d4-4c8d-48b1-8587-93c323f6a5a3",
            "Azure Event Hubs Data Owner": "/providers/Microsoft.Authorization/roleDefinitions/f526a384-b230-433a-b45c-95f59c4a2dec",
            "Azure Event Hubs Data Receiver": "/providers/Microsoft.Authorization/roleDefinitions/a638d3c7-ab3a-418d-83e6-5f17a39d4fde",
            "Azure Event Hubs Data Sender": "/providers/Microsoft.Authorization/roleDefinitions/2b629674-e913-4c01-ae53-ef4638d8f975",
            "Azure Kubernetes Service Cluster Admin Role": "/providers/Microsoft.Authorization/roleDefinitions/0ab0b1a8-8aac-4efd-b8c2-3ee1fb270be8",
            "Azure Kubernetes Service Cluster User Role": "/providers/Microsoft.Authorization/roleDefinitions/4abbcc35-e782-43d8-92c5-2d3f1bd2253f",
            "Azure Kubernetes Service Contributor Role": "/providers/Microsoft.Authorization/roleDefinitions/ed7f3fbd-7b88-4dd4-9017-9adb7ce333f8",
            "Azure Maps Data Contributor": "/providers/Microsoft.Authorization/roleDefinitions/8f5e0ce6-4f7b-4dcf-bddf-e6f48634a204",
            "Azure Maps Data Reader": "/providers/Microsoft.Authorization/roleDefinitions/423170ca-a8f6-4b0f-8487-9e4eb8f49bfa",
            "Azure Sentinel Contributor": "/providers/Microsoft.Authorization/roleDefinitions/ab8e14d6-4a74-4a29-9ba8-549422addade",
            "Azure Sentinel Reader": "/providers/Microsoft.Authorization/roleDefinitions/8d289c81-5878-46d4-8554-54e1e3d8b5cb",
            "Azure Sentinel Responder": "/providers/Microsoft.Authorization/roleDefinitions/3e150937-b8fe-4cfb-8069-0eaf05ecd056",
            "Azure Service Bus Data Owner": "/providers/Microsoft.Authorization/roleDefinitions/090c5cfd-751d-490a-894a-3ce6f1109419",
            "Azure Service Bus Data Receiver": "/providers/Microsoft.Authorization/roleDefinitions/4f6d3b9b-027b-4f4c-9142-0e5a2a2247e0",
            "Azure Service Bus Data Sender": "/providers/Microsoft.Authorization/roleDefinitions/69a216fc-b8fb-44d8-bc22-1f3c2cd27a39",
            "Azure Stack Registration Owner": "/providers/Microsoft.Authorization/roleDefinitions/6f12a6df-dd06-4f3e-bcb1-ce8be600526a",
            "Backup Contributor": "/providers/Microsoft.Authorization/roleDefinitions/5e467623-bb1f-42f4-a55d-6e525e11384b",
            "Backup Operator": "/providers/Microsoft.Authorization/roleDefinitions/00c29273-979b-4161-815c-10b084fb9324",
            "Backup Reader": "/providers/Microsoft.Authorization/roleDefinitions/a795c7a0-d4a2-40c1-ae25-d81f01202912",
            "Billing Reader": "/providers/Microsoft.Authorization/roleDefinitions/fa23ad8b-c56e-40d8-ac0c-ce449e1d2c64",
            "BizTalk Contributor": "/providers/Microsoft.Authorization/roleDefinitions/5e3c6656-6cfa-4708-81fe-0de47ac73342",
            "Blockchain Member Node Access (Preview)": "/providers/Microsoft.Authorization/roleDefinitions/31a002a1-acaf-453e-8a5b-297c9ca1ea24",
            "Blueprint Contributor": "/providers/Microsoft.Authorization/roleDefinitions/41077137-e803-4205-871c-5a86e6a753b4",
            "Blueprint Operator": "/providers/Microsoft.Authorization/roleDefinitions/437d2ced-4a38-4302-8479-ed2bcb43d090",
            "CDN Endpoint Contributor": "/providers/Microsoft.Authorization/roleDefinitions/426e0c7f-0c7e-4658-b36f-ff54d6c29b45",
            "CDN Endpoint Reader": "/providers/Microsoft.Authorization/roleDefinitions/871e35f6-b5c1-49cc-a043-bde969a0f2cd",
            "CDN Profile Contributor": "/providers/Microsoft.Authorization/roleDefinitions/ec156ff8-a8d1-4d15-830c-5b80698ca432",
            "CDN Profile Reader": "/providers/Microsoft.Authorization/roleDefinitions/8f96442b-4075-438f-813d-ad51ab4019af",
            "Classic Network Contributor": "/providers/Microsoft.Authorization/roleDefinitions/b34d265f-36f7-4a0d-a4d4-e158ca92e90f",
            "Classic Storage Account Contributor": "/providers/Microsoft.Authorization/roleDefinitions/86e8f5dc-a6e9-4c67-9d15-de283e8eac25",
            "Classic Storage Account Key Operator Service Role": "/providers/Microsoft.Authorization/roleDefinitions/985d6b00-f706-48f5-a6fe-d0ca12fb668d",
            "Classic Virtual Machine Contributor": "/providers/Microsoft.Authorization/roleDefinitions/d73bb868-a0df-4d4d-bd69-98a00b01fccb",
            "ClearDB MySQL DB Contributor": "/providers/Microsoft.Authorization/roleDefinitions/9106cda0-8a86-4e81-b686-29a22c54effe",
            "Cognitive Services Contributor": "/providers/Microsoft.Authorization/roleDefinitions/25fbc0a9-bd7c-42a3-aa1a-3b75d497ee68",
            "Cognitive Services Custom Vision Contributor": "/providers/Microsoft.Authorization/roleDefinitions/c1ff6cc2-c111-46fe-8896-e0ef812ad9f3",
            "Cognitive Services Custom Vision Deployment": "/providers/Microsoft.Authorization/roleDefinitions/5c4089e1-6d96-4d2f-b296-c1bc7137275f",
            "Cognitive Services Custom Vision Labeler": "/providers/Microsoft.Authorization/roleDefinitions/88424f51-ebe7-446f-bc41-7fa16989e96c",
            "Cognitive Services Custom Vision Reader": "/providers/Microsoft.Authorization/roleDefinitions/93586559-c37d-4a6b-ba08-b9f0940c2d73",
            "Cognitive Services Custom Vision Trainer": "/providers/Microsoft.Authorization/roleDefinitions/0a5ae4ab-0d65-4eeb-be61-29fc9b54394b",
            "Cognitive Services Data Reader (Preview)": "/providers/Microsoft.Authorization/roleDefinitions/b59867f0-fa02-499b-be73-45a86b5b3e1c",
            "Cognitive Services QnA Maker Editor": "/providers/Microsoft.Authorization/roleDefinitions/f4cc2bf9-21be-47a1-bdf1-5c5804381025",
            "Cognitive Services QnA Maker Reader": "/providers/Microsoft.Authorization/roleDefinitions/466ccd10-b268-4a11-b098-b4849f024126",
            "Cognitive Services User": "/providers/Microsoft.Authorization/roleDefinitions/a97b65f3-24c7-4388-baec-2e87135dc908",
            "Contributor": "/providers/Microsoft.Authorization/roleDefinitions/b24988ac-6180-42a0-ab88-20f7382dd24c",
            "Cosmos DB Account Reader Role": "/providers/Microsoft.Authorization/roleDefinitions/fbdf93bf-df7d-467e-a4d2-9458aa1360c8",
            "Cosmos DB Operator": "/providers/Microsoft.Authorization/roleDefinitions/230815da-be43-4aae-9cb4-875f7bd000aa",
            "CosmosBackupOperator": "/providers/Microsoft.Authorization/roleDefinitions/db7b14f2-5adf-42da-9f96-f2ee17bab5cb",
            "Cost Management Contributor": "/providers/Microsoft.Authorization/roleDefinitions/434105ed-43f6-45c7-a02f-909b2ba83430",
            "Cost Management Reader": "/providers/Microsoft.Authorization/roleDefinitions/72fafb9e-0641-4937-9268-a91bfd8191a3",
            "Data Box Contributor": "/providers/Microsoft.Authorization/roleDefinitions/add466c9-e687-43fc-8d98-dfcf8d720be5",
            "Data Box Reader": "/providers/Microsoft.Authorization/roleDefinitions/028f4ed7-e2a9-465e-a8f4-9c0ffdfdc027",
            "Data Factory Contributor": "/providers/Microsoft.Authorization/roleDefinitions/673868aa-7521-48a0-acc6-0f60742d39f5",
            "Data Lake Analytics Developer": "/providers/Microsoft.Authorization/roleDefinitions/47b7735b-770e-4598-a7da-8b91488b4c88",
            "Data Purger": "/providers/Microsoft.Authorization/roleDefinitions/150f5e0c-0603-4f03-8c7f-cf70034c4e90",
            "Desktop Virtualization User": "/providers/Microsoft.Authorization/roleDefinitions/1d18fff3-a72a-46b5-b4a9-0b38a3cd7e63",
            "DevTest Labs User": "/providers/Microsoft.Authorization/roleDefinitions/76283e04-6283-4c54-8f91-bcf1374a3c64",
            "DNS Zone Contributor": "/providers/Microsoft.Authorization/roleDefinitions/befefa01-2a29-4197-83a8-272ff33ce314",
            "DocumentDB Account Contributor": "/providers/Microsoft.Authorization/roleDefinitions/5bd9cd88-fe45-4216-938b-f97437e15450",
            "EventGrid EventSubscription Contributor": "/providers/Microsoft.Authorization/roleDefinitions/428e0ff0-5e57-4d9c-a221-2c70d0e0a443",
            "EventGrid EventSubscription Reader": "/providers/Microsoft.Authorization/roleDefinitions/2414bbcf-6497-4faf-8c65-045460748405",
            "Experimentation Administrator": "/providers/Microsoft.Authorization/roleDefinitions/7f646f1b-fa08-80eb-a33b-edd6ce5c915c",
            "Experimentation Contributor": "/providers/Microsoft.Authorization/roleDefinitions/7f646f1b-fa08-80eb-a22b-edd6ce5c915c",
            "Experimentation Reader": "/providers/Microsoft.Authorization/roleDefinitions/49632ef5-d9ac-41f4-b8e7-bbe587fa74a1",
            "FHIR Data Contributor": "/providers/Microsoft.Authorization/roleDefinitions/5a1fc7df-4bf1-4951-a576-89034ee01acd",
            "FHIR Data Exporter": "/providers/Microsoft.Authorization/roleDefinitions/3db33094-8700-4567-8da5-1501d4e7e843",
            "FHIR Data Reader": "/providers/Microsoft.Authorization/roleDefinitions/4c8d0bbc-75d3-4935-991f-5f3c56d81508",
            "FHIR Data Writer": "/providers/Microsoft.Authorization/roleDefinitions/3f88fce4-5892-4214-ae73-ba5294559913",
            "Graph Owner": "/providers/Microsoft.Authorization/roleDefinitions/b60367af-1334-4454-b71e-769d9a4f83d9",
            "HDInsight Cluster Operator": "/providers/Microsoft.Authorization/roleDefinitions/61ed4efc-fab3-44fd-b111-e24485cc132a",
            "HDInsight Domain Services Contributor": "/providers/Microsoft.Authorization/roleDefinitions/8d8d5a11-05d3-4bda-a417-a08778121c7c",
            "Hierarchy Settings Administrator": "/providers/Microsoft.Authorization/roleDefinitions/350f8d15-c687-4448-8ae1-157740a3936d",
            "Hybrid Server Onboarding": "/providers/Microsoft.Authorization/roleDefinitions/5d1e5ee4-7c68-4a71-ac8b-0739630a3dfb",
            "Hybrid Server Resource Administrator": "/providers/Microsoft.Authorization/roleDefinitions/48b40c6e-82e0-4eb3-90d5-19e40f49b624",
            "Integration Service Environment Contributor": "/providers/Microsoft.Authorization/roleDefinitions/a41e2c5b-bd99-4a07-88f4-9bf657a760b8",
            "Integration Service Environment Developer": "/providers/Microsoft.Authorization/roleDefinitions/c7aa55d3-1abb-444a-a5ca-5e51e485d6ec",
            "Intelligent Systems Account Contributor": "/providers/Microsoft.Authorization/roleDefinitions/03a6d094-3444-4b3d-88af-7477090a9e5e",
            "Key Vault Contributor": "/providers/Microsoft.Authorization/roleDefinitions/f25e0fa2-a7c8-4377-a976-54943a77a395",
            "Knowledge Consumer": "/providers/Microsoft.Authorization/roleDefinitions/ee361c5d-f7b5-4119-b4b6-892157c8f64c",
            "Kubernetes Cluster - Azure Arc Onboarding": "/providers/Microsoft.Authorization/roleDefinitions/34e09817-6cbe-4d01-b1a2-e0eac5743d41",
            "Lab Creator": "/providers/Microsoft.Authorization/roleDefinitions/b97fb8bc-a8b2-4522-a38b-dd33c7e65ead",
            "Log Analytics Contributor": "/providers/Microsoft.Authorization/roleDefinitions/92aaf0da-9dab-42b6-94a3-d43ce8d16293",
            "Log Analytics Reader": "/providers/Microsoft.Authorization/roleDefinitions/73c42c96-874c-492b-b04d-ab87d138a893",
            "Logic App Contributor": "/providers/Microsoft.Authorization/roleDefinitions/87a39d53-fc1b-424a-814c-f7e04687dc9e",
            "Logic App Operator": "/providers/Microsoft.Authorization/roleDefinitions/515c2055-d9d4-4321-b1b9-bd0c9a0f79fe",
            "Managed Application Contributor Role": "/providers/Microsoft.Authorization/roleDefinitions/641177b8-a67a-45b9-a033-47bc880bb21e",
            "Managed Application Operator Role": "/providers/Microsoft.Authorization/roleDefinitions/c7393b34-138c-406f-901b-d8cf2b17e6ae",
            "Managed Applications Reader": "/providers/Microsoft.Authorization/roleDefinitions/b9331d33-8a36-4f8c-b097-4f54124fdb44",
            "Managed Identity Contributor": "/providers/Microsoft.Authorization/roleDefinitions/e40ec5ca-96e0-45a2-b4ff-59039f2c2b59",
            "Managed Identity Operator": "/providers/Microsoft.Authorization/roleDefinitions/f1a07417-d97a-45cb-824c-7a7467783830",
            "Managed Services Registration assignment Delete ": "/providers/Microsoft.Authorization/roleDefinitions/91c1777a-f3dc-4fae-b103-61d183457e46",
            "Management Group Contributor": "/providers/Microsoft.Authorization/roleDefinitions/5d58bcaf-24a5-4b20-bdb6-eed9f69fbe4c",
            "Management Group Reader": "/providers/Microsoft.Authorization/roleDefinitions/ac63b705-f282-497d-ac71-919bf39d939d",
            "Marketplace Admin": "/providers/Microsoft.Authorization/roleDefinitions/dd920d6d-f481-47f1-b461-f338c46b2d9f",
            "Monitoring Contributor": "/providers/Microsoft.Authorization/roleDefinitions/749f88d5-cbae-40b8-bcfc-e573ddc772fa",
            "Monitoring Metrics Publisher": "/providers/Microsoft.Authorization/roleDefinitions/3913510d-42f4-4e42-8a64-420c390055eb",
            "Monitoring Reader": "/providers/Microsoft.Authorization/roleDefinitions/43d0d8ad-25c7-4714-9337-8ba259a9fe05",
            "Network Contributor": "/providers/Microsoft.Authorization/roleDefinitions/4d97b98b-1d4f-4787-a291-c67834d212e7",
            "New Relic APM Account Contributor": "/providers/Microsoft.Authorization/roleDefinitions/5d28c62d-5b37-4476-8438-e587778df237",
            "Object Understanding Account Owner": "/providers/Microsoft.Authorization/roleDefinitions/4dd61c23-6743-42fe-a388-d8bdd41cb745",
            "Owner": "/providers/Microsoft.Authorization/roleDefinitions/8e3af657-a8ff-443c-a75c-2fe8c4bcb635",
            "Policy Insights Data Writer (Preview)": "/providers/Microsoft.Authorization/roleDefinitions/66bb4e9e-b016-4a94-8249-4c0511c2be84",
            "Private DNS Zone Contributor": "/providers/Microsoft.Authorization/roleDefinitions/b12aa53e-6015-4669-85d0-8515ebb3ae7f",
            "Reader": "/providers/Microsoft.Authorization/roleDefinitions/acdd72a7-3385-48ef-bd42-f606fba81ae7",
            "Reader and Data Access": "/providers/Microsoft.Authorization/roleDefinitions/c12c1c16-33a1-487b-954d-41c89c60f349",
            "Redis Cache Contributor": "/providers/Microsoft.Authorization/roleDefinitions/e0f68234-74aa-48ed-b826-c38b57376e17",
            "Remote Rendering Administrator": "/providers/Microsoft.Authorization/roleDefinitions/3df8b902-2a6f-47c7-8cc5-360e9b272a7e",
            "Remote Rendering Client": "/providers/Microsoft.Authorization/roleDefinitions/d39065c4-c120-43c9-ab0a-63eed9795f0a",
            "Resource Policy Contributor": "/providers/Microsoft.Authorization/roleDefinitions/36243c78-bf99-498c-9df9-86d9f8d28608",
            "Scheduler Job Collections Contributor": "/providers/Microsoft.Authorization/roleDefinitions/188a0f2f-5c9e-469b-ae67-2aa5ce574b94",
            "Search Service Contributor": "/providers/Microsoft.Authorization/roleDefinitions/7ca78c08-252a-4471-8644-bb5ff32d4ba0",
            "Security Admin": "/providers/Microsoft.Authorization/roleDefinitions/fb1c8493-542b-48eb-b624-b4c8fea62acd",
            "Security Assessment Contributor": "/providers/Microsoft.Authorization/roleDefinitions/612c2aa1-cb24-443b-ac28-3ab7272de6f5",
            "Security Manager (Legacy)": "/providers/Microsoft.Authorization/roleDefinitions/e3d13bf0-dd5a-482e-ba6b-9b8433878d10",
            "Security Reader": "/providers/Microsoft.Authorization/roleDefinitions/39bc4728-0917-49c7-9d2c-d95423bc2eb4",
            "SignalR AccessKey Reader": "/providers/Microsoft.Authorization/roleDefinitions/04165923-9d83-45d5-8227-78b77b0a687e",
            "SignalR Contributor": "/providers/Microsoft.Authorization/roleDefinitions/8cf5e20a-e4b2-4e9d-b3a1-5ceb692c2761",
            "Site Recovery Contributor": "/providers/Microsoft.Authorization/roleDefinitions/6670b86e-a3f7-4917-ac9b-5d6ab1be4567",
            "Site Recovery Operator": "/providers/Microsoft.Authorization/roleDefinitions/494ae006-db33-4328-bf46-533a6560a3ca",
            "Site Recovery Reader": "/providers/Microsoft.Authorization/roleDefinitions/dbaa88c4-0c30-4179-9fb3-46319faa6149",
            "Spatial Anchors Account Contributor": "/providers/Microsoft.Authorization/roleDefinitions/8bbe83f1-e2a6-4df7-8cb4-4e04d4e5c827",
            "Spatial Anchors Account Owner": "/providers/Microsoft.Authorization/roleDefinitions/70bbe301-9835-447d-afdd-19eb3167307c",
            "Spatial Anchors Account Reader": "/providers/Microsoft.Authorization/roleDefinitions/5d51204f-eb77-4b1c-b86a-2ec626c49413",
            "SQL DB Contributor": "/providers/Microsoft.Authorization/roleDefinitions/9b7fa17d-e63e-47b0-bb0a-15c516ac86ec",
            "SQL Managed Instance Contributor": "/providers/Microsoft.Authorization/roleDefinitions/4939a1f6-9ae0-4e48-a1e0-f2cbe897382d",
            "SQL Security Manager": "/providers/Microsoft.Authorization/roleDefinitions/056cd41c-7e88-42e1-933e-88ba6a50c9c3",
            "SQL Server Contributor": "/providers/Microsoft.Authorization/roleDefinitions/6d8ee4ec-f05a-4a1d-8b00-a9b17e38b437",
            "Storage Account Contributor": "/providers/Microsoft.Authorization/roleDefinitions/17d1049b-9a84-46fb-8f53-869881c3d3ab",
            "Storage Account Key Operator Service Role": "/providers/Microsoft.Authorization/roleDefinitions/81a9662b-bebf-436f-a333-f67b29880f12",
            "Storage Blob Data Contributor": "/providers/Microsoft.Authorization/roleDefinitions/ba92f5b4-2d11-453d-a403-e96b0029c9fe",
            "Storage Blob Data Owner": "/providers/Microsoft.Authorization/roleDefinitions/b7e6dc6d-f1e8-4753-8033-0f276bb0955b",
            "Storage Blob Data Reader": "/providers/Microsoft.Authorization/roleDefinitions/2a2b9908-6ea1-4ae2-8e65-a410df84e7d1",
            "Storage Blob Delegator": "/providers/Microsoft.Authorization/roleDefinitions/db58b8e5-c6ad-4a2a-8342-4190687cbf4a",
            "Storage File Data SMB Share Contributor": "/providers/Microsoft.Authorization/roleDefinitions/0c867c2a-1d8c-454a-a3db-ab2ea1bdc8bb",
            "Storage File Data SMB Share Elevated Contributor": "/providers/Microsoft.Authorization/roleDefinitions/a7264617-510b-434b-a828-9731dc254ea7",
            "Storage File Data SMB Share Reader": "/providers/Microsoft.Authorization/roleDefinitions/aba4ae5f-2193-4029-9191-0cb91df5e314",
            "Storage Queue Data Contributor": "/providers/Microsoft.Authorization/roleDefinitions/974c5e8b-45b9-4653-ba55-5f855dd0fb88",
            "Storage Queue Data Message Processor": "/providers/Microsoft.Authorization/roleDefinitions/8a0f0c08-91a1-4084-bc3d-661d67233fed",
            "Storage Queue Data Message Sender": "/providers/Microsoft.Authorization/roleDefinitions/c6a89b2d-59bc-44d0-9896-0f6e12d7b80a",
            "Storage Queue Data Reader": "/providers/Microsoft.Authorization/roleDefinitions/19e7f393-937e-4f77-808e-94535e297925",
            "Support Request Contributor": "/providers/Microsoft.Authorization/roleDefinitions/cfd33db0-3dd1-45e3-aa9d-cdbdf3b6f24e",
            "Tag Contributor": "/providers/Microsoft.Authorization/roleDefinitions/4a9ae827-6dc8-4573-8ac7-8239d42aa03f",
            "Traffic Manager Contributor": "/providers/Microsoft.Authorization/roleDefinitions/a4b10055-b0c7-44c2-b00f-c7b5b3550cf7",
            "User Access Administrator": "/providers/Microsoft.Authorization/roleDefinitions/18d7d88d-d35e-4fb5-a5c3-7773c20a72d9",
            "Virtual Machine Administrator Login": "/providers/Microsoft.Authorization/roleDefinitions/1c0163c0-47e6-4577-8991-ea5c82e286e4",
            "Virtual Machine Contributor": "/providers/Microsoft.Authorization/roleDefinitions/9980e02c-c2be-4d73-94e8-173b1dc7cf3c",
            "Virtual Machine User Login": "/providers/Microsoft.Authorization/roleDefinitions/fb879df8-f326-4884-b1cf-06f3ad86be52",
            "Web Plan Contributor": "/providers/Microsoft.Authorization/roleDefinitions/2cc479cb-7b4d-49a8-b449-8c00fd0f0a4b",
            "Website Contributor": "/providers/Microsoft.Authorization/roleDefinitions/de139f84-1756-47ae-9be6-808fbbe84772",
            "Workbook Contributor": "/providers/Microsoft.Authorization/roleDefinitions/e8ddcd69-c73f-4f9f-9844-4100522f16ad",
            "Workbook Reader": "/providers/Microsoft.Authorization/roleDefinitions/b279062a-9be3-42a0-92ae-8b3cf002ec4d"
        },
        "ccoe-lineage": {"ccoe-lineage":"storage-account:1.6"},
        "conditions": [
            {
                "field": "category",
                "equals": "ResourceHealth"
            },
            {
                "field": "resourceType",
                "equals": "Microsoft.Storage/storageAccounts" 
            },
            {
                "field": "properties.impactedServices[*].ImpactedRegions[*].RegionName",
                "containsAny": [
                    "[parameters('alertlocation')]"
                ]
            },
            {
                "anyOf": [
                    {
                        "field": "properties.incidentType",
                        "equals": "Incident"
                    },
                    {
                        "field": "properties.incidentType",
                        "equals": "Maintenance"
                    },
                    {
                        "field": "properties.incidentType",
                        "equals": "ActionRequired"
                    },
                    {
                        "field": "properties.incidentType",
                        "equals": "Informational"
                    },
                    {
                        "field": "properties.incidentType",
                        "equals": "Security"
                    }
                ]
            }
        ]
    },
    "resources": [
        // cuaId
        {
            "type": "Microsoft.Resources/deployments",
            "apiVersion": "2020-06-01",
            "name": "[concat('pid-', parameters('cuaId'))]",
            "condition": "[not(empty(parameters('cuaId')))]",
            "properties": {
                "mode": "Incremental",
                "template": {
                    "$schema": "https://schema.management.azure.com/schemas/2019-04-01/deploymentTemplate.json#",
                    "contentVersion": "1.0.0.0",
                    "resources": [
                    ]
                }
            }
        },
          {
            "type": "Microsoft.Storage/storageAccounts",
            "name": "[variables('cleanStorageAccountName')]",
            "apiVersion": "2019-06-01",           
            "location": "[parameters('location')]",
            "kind": "[parameters('storageAccountKind')]",
            "sku": {
                "name": "[parameters('storageAccountSku')]"
            },
            "identity": {
                "type": "[parameters('managedServiceIdentity')]",
                "userAssignedIdentities": "[if(empty(parameters('userAssignedIdentities')),json('null'),parameters('userAssignedIdentities') )]"
            },
            "tags": "[union(parameters('tags'),variables('ccoe-lineage'))]",
            // It was needed to decouple the Storage Account Parameters to a variable, as this was the only option to keep not let the azureFilesIdentityBasedAuthentication
            // configuration changed back to null, when not providing a corresponding input parameter. With other word, using the json('null') expression in the body
            // of the Storage Account's properties block did not achieve the desired results.
            "properties": "[variables('saProperties')]",
            "resources": [
                {
                    "type": "providers/locks",
                    "apiVersion": "2016-09-01",
                    "condition": "[parameters('lockForDeletion')]",
                    "name": "Microsoft.Authorization/storageDoNotDelete",
                    "dependsOn": [
                        "[resourceId('Microsoft.Storage/storageAccounts/', variables('cleanStorageAccountName'))]"
                    ],
                    "comments": "Resource lock on the Storage Account",
                    "properties": {
                        "level": "CannotDelete"
                    }
                }
            ]
        },
        // private endpoints
        {
            "type": "Microsoft.Resources/deployments",
            "apiVersion": "2020-06-01",
            "name": "[concat(uniqueString(deployment().name, parameters('location')), '-Storage-PrivateEndpoints','-',copyIndex())]",
            "condition": "[not(empty(parameters('privateEndpoints')))]",
            "dependsOn": [
                "[parameters('storageAccountName')]"
            ],
            "copy": {
                "name": "privateEndpointsCopy",
                "count": "[length(parameters('privateEndpoints'))]"
            },
            "properties": {
                "mode": "Incremental",
                "expressionEvaluationOptions": {
                    "scope": "inner"
                },
                "parameters": {
                    "privateEndpointResourceId": {
                        "value": "[resourceId('Microsoft.Storage/storageAccounts/', parameters('storageAccountName'))]"
                    },
                    "privateEndpointVnetLocation": {
                        "value": "[if(empty(parameters('privateEndpoints')),'dummy',reference(split(parameters('privateEndpoints')[copyIndex()].subnetResourceId,'/subnets/')[0],'2020-06-01', 'Full').location)]"
                    },
                    "privateEndpoint": {
                        "value": "[parameters('privateEndpoints')[copyIndex()]]"
                    },
                    "tags": {
                        "value": "[parameters('tags')]"
                    }
                },
                "template": {
                    "$schema": "https://schema.management.azure.com/schemas/2019-04-01/deploymentTemplate.json#",
                    "contentVersion": "1.0.0.0",
                    "parameters": {
                        "privateEndpointResourceId": {
                            "type": "string"
                        },
                        "privateEndpointVnetLocation": {
                            "type": "string"
                        },
                        "privateEndpoint": {
                            "type": "object"
                        },
                        "tags": {
                            "type": "object"
                        }
                    },
                    "variables": {
                        "privateEndpointResourceName": "[last(split(parameters('privateEndpointResourceId'),'/'))]",
                        "privateEndpoint": {
                            "name": "[if(contains(parameters('privateEndpoint'), 'name'),if(empty(parameters('privateEndpoint').name),concat(variables('privateEndpointResourceName'),'-',parameters('privateEndpoint').service),parameters('privateEndpoint').name),concat(variables('privateEndpointResourceName'),'-',parameters('privateEndpoint').service))]",
                            "subnetResourceId": "[parameters('privateEndpoint').subnetResourceId]",
                            "service": [
                                "[parameters('privateEndpoint').service]"
                            ],
                            "privateDnsZoneResourceIds": "[if(contains(parameters('privateEndpoint'), 'privateDnsZoneResourceIds'),if(empty(parameters('privateEndpoint').privateDnsZoneResourceIds),createArray(),parameters('privateEndpoint').privateDnsZoneResourceIds),createArray())]",
                            "customDnsConfigs": "[if(contains(parameters('privateEndpoint'), 'customDnsConfigs'),if(empty(parameters('privateEndpoint').customDnsConfigs),json('null'),parameters('privateEndpoint').customDnsConfigs),json('null'))]"
                        }
                    },
                    "resources": [
                        {
                            "type": "Microsoft.Network/privateEndpoints",
                            "apiVersion": "2020-05-01",
                            "name": "[variables('privateEndpoint').name]",
                            "location": "[parameters('privateEndpointVnetLocation')]",
                            "tags": "[parameters('tags')]",
                            "properties": {
                                "privateLinkServiceConnections": [
                                    {
                                        "name": "[variables('privateEndpoint').name]",
                                        "properties": {
                                            "privateLinkServiceId": "[parameters('privateEndpointResourceId')]",
                                            "groupIds": "[variables('privateEndpoint').service]"
                                        }
                                    }
                                ],
                                "manualPrivateLinkServiceConnections": [],
                                "subnet": {
                                    "id": "[variables('privateEndpoint').subnetResourceId]"
                                },
                                "customDnsConfigs": "[variables('privateEndpoint').customDnsConfigs]"
                            }
                        },
                        {
                            "type": "Microsoft.Network/privateEndpoints/privateDnsZoneGroups",
                            "apiVersion": "2020-05-01",
                            "condition": "[not(empty(variables('privateEndpoint').privateDnsZoneResourceIds))]",
                            "name": "[concat(variables('privateEndpoint').name, '/default')]",
                            "dependsOn": [
                                "[resourceId('Microsoft.Network/privateEndpoints', variables('privateEndpoint').name)]"
                            ],
                            "properties": {
                                "copy": [
                                    {
                                        "name": "privateDnsZoneConfigs",
                                        "count": "[length(variables('privateEndpoint').privateDnsZoneResourceIds)]",
                                        "input": {
                                            "name": "[last(split(variables('privateEndpoint').privateDnsZoneResourceIds[copyIndex('privateDnsZoneConfigs')],'/'))]",
                                            "properties": {
                                                "privateDnsZoneId": "[variables('privateEndpoint').privateDnsZoneResourceIds[copyIndex('privateDnsZoneConfigs')]]"
                                            }
                                        }
                                    }
                                ]
                            }
                        }
                    ]
                }
            }
        },
        // storage account RBAC
        {
            "name": "[concat('storageRbacDeplCopy-', copyIndex())]",
            "apiVersion": "2020-06-01",
            "type": "Microsoft.Resources/deployments",
            "condition": "[not(empty(parameters('roleAssignments')))]",
            "dependsOn": [
                "[variables('cleanStorageAccountName')]"
            ],
            "copy": {
                "name": "storageRbacDeplCopy",
                "count": "[length(parameters('roleAssignments'))]"
            },
            "properties": {
                "mode": "Incremental",
                "expressionEvaluationOptions": {
                    "scope": "inner"
                },
                "parameters": {
                    "roleAssignment": {
                        "value": "[parameters('roleAssignments')[copyIndex()]]"
                    },
                    "builtInRoleNames": {
                        "value": "[variables('builtInRoleNames')]"
                    },
                    "cleanStorageAccountName": {
                        "value": "[variables('cleanStorageAccountName')]"
                    }
                },
                "template": {
                    "$schema": "https://schema.management.azure.com/schemas/2019-04-01/deploymentTemplate.json#",
                    "contentVersion": "1.0.0.0",
                    "parameters": {
                        "roleAssignment": {
                            "type": "object"
                        },
                        "builtInRoleNames": {
                            "type": "object"
                        },
                        "cleanStorageAccountName": {
                            "type": "string"
                        }
                    },
                    "resources": [
                        {
                            "type": "Microsoft.Storage/storageAccounts/providers/roleAssignments",
                            "apiVersion": "2020-04-01-preview",
                            "name": "[concat(parameters('cleanStorageAccountName'), '/Microsoft.Authorization/', guid(parameters('cleanStorageAccountName'), array(parameters('roleAssignment').principalIds)[copyIndex('storageInnerRbacCopy')], parameters('roleAssignment').roleDefinitionIdOrName ))]",
                            "dependsOn": [
                            ],
                            "copy": {
                                "name": "storageInnerRbacCopy",
                                "count": "[length(parameters('roleAssignment').principalIds)]"
                            },
                            "properties": {
                                "roleDefinitionId": "[if(contains(parameters('builtInRoleNames'), parameters('roleAssignment').roleDefinitionIdOrName ), parameters('builtInRoleNames')[parameters('roleAssignment').roleDefinitionIdOrName] , parameters('roleAssignment').roleDefinitionIdOrName )]",
                                "principalId": "[array(parameters('roleAssignment').principalIds)[copyIndex()]]"
                            }
                        }
                    ]
                }
            }
        },
        // blob services
        {
            "name": "[concat(variables('cleanstorageAccountName'), '/default')]",
            "condition": "[not(empty(parameters('blobContainers')))]",
            "type": "Microsoft.Storage/storageAccounts/blobServices",
            "apiVersion": "2019-06-01",
            "properties": {
                "deleteRetentionPolicy": {
                    "enabled": "[parameters('deleteRetentionPolicy')]",
                    "days": "[parameters('deleteRetentionPolicyDays')]"
                },
                "automaticSnapshotPolicyEnabled": "[parameters('automaticSnapshotPolicyEnabled')]"
            },
            "dependsOn": [
                "[concat('Microsoft.Storage/storageAccounts/', variables('cleanStorageAccountName'))]"
            ]
        },
        // storage container
        {
            "name": "[if(empty(parameters('blobContainers')), concat(variables('cleanStorageAccountName'), '/', 'default/dummy'), concat(variables('cleanStorageAccountName'), '/default/', parameters('blobContainers')[copyIndex()].name))]",
            "type": "Microsoft.Storage/storageAccounts/blobServices/containers",
            "apiVersion": "2019-06-01",
            "condition": "[not(empty(parameters('blobContainers')))]",
            "copy": {
                "name": "containerLoop",
                "count": "[length(parameters('blobContainers'))]"
            },
            "dependsOn": [
                "[concat('Microsoft.Storage/storageAccounts/', variables('cleanStorageAccountName'))]"
            ],
            "properties": {
                "publicAccess": "[parameters('blobContainers')[copyIndex()].publicAccess]"
            },
            "resources": [
                {
                    "type": "immutabilityPolicies",
                    "apiVersion": "2019-06-01",
                    "name": "default",
                    "condition": "[
                        and(
                            not(empty(parameters('blobContainers'))),
                            contains(parameters('blobContainers')[copyIndex('containerLoop')],'enableWORM'),
                            parameters('blobContainers')[copyIndex('containerLoop')].enableWORM
                        )
                    ]",
                    "dependsOn": [
                        "[
                            concat(
                                resourceId('Microsoft.Storage/storageAccounts/',parameters('storageAccountName')),
                                '/blobServices/default/containers/',
                                if(
                                    empty(parameters('blobContainers')),
                                    'dummy',
                                    parameters('blobContainers')[copyIndex('containerLoop')].name
                                )
                            )
                        ]"
                    ],
                    "properties": {
                        "immutabilityPeriodSinceCreationInDays": "[
                            if(
                                contains(parameters('blobContainers')[copyIndex('containerLoop')],'WORMRetention'),
                                parameters('blobContainers')[copyIndex('containerLoop')].WORMRetention,
                                365
                            )
                        ]",
                        "allowProtectedAppendWrites": "[
                            if(
                                contains(
                                    parameters('blobContainers')[copyIndex('containerLoop')],
                                    'allowProtectedAppendWrites'
                                ),
                                parameters('blobContainers')[copyIndex('containerLoop')].allowProtectedAppendWrites,
                                true()
                            )
                        ]"
                    }
                }
            ]
        },
        // lifecycle policy
        {
            "type": "Microsoft.Storage/storageAccounts/managementPolicies",
            "apiVersion": "2019-06-01",
            "name": "[concat(parameters('storageAccountName'), '/default')]",
            "condition": "[parameters('enableArchiveAndDelete')]",
            "dependsOn": [
                "[resourceId('Microsoft.Storage/storageAccounts/',parameters('storageAccountName'))]"
            ],
            "properties": {
                "policy": {
                    "rules": [
                        {
                            "enabled": true,
                            "name": "retention-policy",
                            "type": "Lifecycle",
                            "definition": {
                                "actions": {
                                    "baseBlob": {
                                        "tierToArchive": {
                                            "daysAfterModificationGreaterThan": "[parameters('moveToArchiveAfter')]"
                                        },
                                        "delete": {
                                            "daysAfterModificationGreaterThan": "[parameters('deleteBlobsAfter')]"
                                        }
                                    },
                                    "snapshot": {
                                        "delete": {
                                            "daysAfterCreationGreaterThan": "[parameters('deleteBlobsAfter')]"
                                        }
                                    }
                                },
                                "filters": {
                                    "blobTypes": [
                                        "blockBlob"
                                    ]
                                }
                            }
                        }
                    ]
                }
            }
        },
        // storage container RBAC
        {
            "name": "[concat('containerDeplLoop-', if(empty(parameters('blobContainers')), 'dummy', copyIndex() ) )]",
            "apiVersion": "2020-06-01",
            "type": "Microsoft.Resources/deployments",
            "condition": "[not(empty(parameters('blobContainers')))]",
            "dependsOn": [
                "containerLoop"
            ],
            "copy": {
                "name": "containerDeplLoop",
                "count": "[length(parameters('blobContainers'))]"
            },
            "properties": {
                "mode": "Incremental",
                "expressionEvaluationOptions": {
                    "scope": "inner"
                },
                "parameters": {
                    "blobContainer": {
                        "value": "[parameters('blobContainers')[copyIndex()]]"
                    },
                    "builtInRoleNames": {
                        "value": "[variables('builtInRoleNames')]"
                    },
                    "cleanStorageAccountName": {
                        "value": "[variables('cleanStorageAccountName')]"
                    },
                    "containerDeplLoop": {
                        "value": "[copyIndex('containerDeplLoop')]"
                    }
                },
                "template": {
                    "$schema": "https://schema.management.azure.com/schemas/2019-04-01/deploymentTemplate.json#",
                    "contentVersion": "1.0.0.0",
                    "parameters": {
                        "blobContainer": {
                            "type": "object"
                        },
                        "builtInRoleNames": {
                            "type": "object"
                        },
                        "cleanStorageAccountName": {
                            "type": "string"
                        },
                        "containerDeplLoop": {
                            "type": "int"
                        }
                    },
                    "resources": [
                        {
                            "name": "[concat('containerRbacDeplLoop-', parameters('containerDeplLoop'), '-', copyIndex('containerRbacDeplLoop'))]",
                            "apiVersion": "2020-06-01",
                            "type": "Microsoft.Resources/deployments",
                            "condition": "[not(empty(array(parameters('blobContainer').roleAssignments)))]",
                            "dependsOn": [
                            ],
                            "copy": {
                                "name": "containerRbacDeplLoop",
                                "count": "[length(array(parameters('blobContainer').roleAssignments))]"
                            },
                            "properties": {
                                "mode": "Incremental",
                                "expressionEvaluationOptions": {
                                    "scope": "inner"
                                },
                                "parameters": {
                                    "blobContainerName": {
                                        "value": "[parameters('blobContainer').name]"
                                    },
                                    "roleAssignment": {
                                        "value": "[array(parameters('blobContainer').roleAssignments)[copyIndex('containerRbacDeplLoop')]]"
                                    },
                                    "builtInRoleNames": {
                                        "value": "[parameters('builtInRoleNames')]"
                                    },
                                    "cleanStorageAccountName": {
                                        "value": "[parameters('cleanStorageAccountName')]"
                                    }
                                },
                                "template": {
                                    "$schema": "https://schema.management.azure.com/schemas/2019-04-01/deploymentTemplate.json#",
                                    "contentVersion": "1.0.0.0",
                                    "parameters": {
                                        "blobContainerName": {
                                            "type": "string"
                                        },
                                        "roleAssignment": {
                                            "type": "object"
                                        },
                                        "builtInRoleNames": {
                                            "type": "object"
                                        },
                                        "cleanStorageAccountName": {
                                            "type": "string"
                                        }
                                    },
                                    "resources": [
                                        {
                                            "type": "Microsoft.Storage/storageAccounts/blobServices/containers/providers/roleAssignments",
                                            "apiVersion": "2020-04-01-preview",
                                            "name": "[concat(parameters('cleanStorageAccountName'), '/default/', parameters('blobContainerName') ,'/Microsoft.Authorization/', if(empty(parameters('roleAssignment')), guid(parameters('cleanStorageAccountName')), guid(parameters('cleanStorageAccountName'), parameters('blobContainerName'), array(parameters('roleAssignment').principalIds)[copyIndex('containerRbacLoop')], parameters('roleAssignment').roleDefinitionIdOrName )))]",
                                            "condition": "[not(empty(parameters('roleAssignment')))]",
                                            "copy": {
                                                "name": "containerRbacLoop",
                                                "count": "[length(parameters('roleAssignment').principalIds)]"
                                            },
                                            "properties": {
                                                "roleDefinitionId": "[if(contains(parameters('builtInRoleNames'), parameters('roleAssignment').roleDefinitionIdOrName ), parameters('builtInRoleNames')[parameters('roleAssignment').roleDefinitionIdOrName] , parameters('roleAssignment').roleDefinitionIdOrName )]",
                                                "principalId": "[array(parameters('roleAssignment').principalIds)[copyIndex('containerRbacLoop')]]"
                                            }
                                        }
                                    ]
                                }
                            }
                        }
                    ]
                }
            }
        },
        // file share
        {
            "name": "[if(empty(parameters('fileShares')), concat(variables('cleanStorageAccountName'), '/', 'default/dummy'), concat(variables('cleanStorageAccountName'), '/default/', parameters('fileShares')[copyIndex()].name))]",
            "type": "Microsoft.Storage/storageAccounts/fileServices/shares",
            "apiVersion": "2019-06-01",
            "condition": "[not(empty(parameters('fileShares')))]",
            "copy": {
                "name": "fileShareLoop",
                "count": "[length(parameters('fileShares'))]"
            },
            "dependsOn": [
                "[concat('Microsoft.Storage/storageAccounts/', variables('cleanStorageAccountName'))]"
            ],
            "properties": {
                "shareQuota": "[parameters('fileShares')[copyIndex()].shareQuota]"
            }
        },
        //file share RBAC
        {
            "name": "[concat('fileShareDeplLoop-', if(empty(parameters('fileShares')), 'dummy', copyIndex() ) )]",
            "apiVersion": "2020-06-01",
            "type": "Microsoft.Resources/deployments",
            "condition": "[not(empty(parameters('fileShares')))]",
            "dependsOn": [
                "fileShareLoop"
            ],
            "copy": {
                "name": "fileShareDeplLoop",
                "count": "[length(parameters('fileShares'))]"
            },
            "properties": {
                "mode": "Incremental",
                "expressionEvaluationOptions": {
                    "scope": "inner"
                },
                "parameters": {
                    "fileShare": {
                        "value": "[parameters('fileShares')[copyIndex()]]"
                    },
                    "builtInRoleNames": {
                        "value": "[variables('builtInRoleNames')]"
                    },
                    "cleanStorageAccountName": {
                        "value": "[variables('cleanStorageAccountName')]"
                    },
                    "fileShareDeplLoop": {
                        "value": "[copyIndex('fileShareDeplLoop')]"
                    }
                },
                "template": {
                    "$schema": "https://schema.management.azure.com/schemas/2019-04-01/deploymentTemplate.json#",
                    "contentVersion": "1.0.0.0",
                    "parameters": {
                        "fileShare": {
                            "type": "object"
                        },
                        "builtInRoleNames": {
                            "type": "object"
                        },
                        "cleanStorageAccountName": {
                            "type": "string"
                        },
                        "fileShareDeplLoop": {
                            "type": "int"
                        }
                    },
                    "resources": [
                        {
                            "name": "[concat('fileShareRbacDeplLoop-', parameters('fileShareDeplLoop'), '-', copyIndex('fileShareRbacDeplLoop'))]",
                            "apiVersion": "2020-06-01",
                            "type": "Microsoft.Resources/deployments",
                            "condition": "[not(empty(array(parameters('fileShare').roleAssignments)))]",
                            "dependsOn": [
                            ],
                            "copy": {
                                "name": "fileShareRbacDeplLoop",
                                "count": "[length(array(parameters('fileShare').roleAssignments))]"
                            },
                            "properties": {
                                "mode": "Incremental",
                                "expressionEvaluationOptions": {
                                    "scope": "inner"
                                },
                                "parameters": {
                                    "fileShareName": {
                                        "value": "[parameters('fileShare').name]"
                                    },
                                    "roleAssignment": {
                                        "value": "[array(parameters('fileShare').roleAssignments)[copyIndex('fileShareRbacDeplLoop')]]"
                                    },
                                    "builtInRoleNames": {
                                        "value": "[parameters('builtInRoleNames')]"
                                    },
                                    "cleanStorageAccountName": {
                                        "value": "[parameters('cleanStorageAccountName')]"
                                    }
                                },
                                "template": {
                                    "$schema": "https://schema.management.azure.com/schemas/2019-04-01/deploymentTemplate.json#",
                                    "contentVersion": "1.0.0.0",
                                    "parameters": {
                                        "fileShareName": {
                                            "type": "string"
                                        },
                                        "roleAssignment": {
                                            "type": "object"
                                        },
                                        "builtInRoleNames": {
                                            "type": "object"
                                        },
                                        "cleanStorageAccountName": {
                                            "type": "string"
                                        }
                                    },
                                    "resources": [
                                        {
                                            "type": "Microsoft.Storage/storageAccounts/fileServices/fileshares/providers/roleAssignments",
                                            "apiVersion": "2018-09-01-preview",
                                            "name": "[concat(parameters('cleanStorageAccountName'), '/default/', parameters('fileShareName') ,'/Microsoft.Authorization/', if(empty(parameters('roleAssignment')), guid(parameters('cleanStorageAccountName')), guid(parameters('cleanStorageAccountName'), parameters('fileShareName'), array(parameters('roleAssignment').principalIds)[copyIndex('containerRbacLoop')], parameters('roleAssignment').roleDefinitionIdOrName )))]",
                                            "condition": "[not(empty(parameters('roleAssignment')))]",
                                            "copy": {
                                                "name": "containerRbacLoop",
                                                "count": "[length(parameters('roleAssignment').principalIds)]"
                                            },
                                            "properties": {
                                                "roleDefinitionId": "[if(contains(parameters('builtInRoleNames'), parameters('roleAssignment').roleDefinitionIdOrName ), parameters('builtInRoleNames')[parameters('roleAssignment').roleDefinitionIdOrName] , parameters('roleAssignment').roleDefinitionIdOrName )]",
                                                "principalId": "[array(parameters('roleAssignment').principalIds)[copyIndex('containerRbacLoop')]]"
                                            }
                                        }
                                    ]
                                }
                            }
                        }
                    ]
                }
            }
        },
        // queue
        {
            "type": "Microsoft.Storage/storageAccounts/queueServices/queues",
            "apiVersion": "2019-06-01",
            "name": "[if(empty(parameters('queues')), concat(parameters('storageAccountName'), '/', 'default/dummy'), concat(parameters('storageAccountName'), '/default/', parameters('queues')[copyIndex()].name))]",
            "condition": "[not(empty(parameters('queues')))]",
            "dependsOn": [
                "[concat('Microsoft.Storage/storageAccounts/', parameters('storageAccountName'))]"
            ],
            "copy": {
                "name": "queueLoop",
                "count": "[length(parameters('queues'))]"
            },
            "properties": {
                "metadata": "[if(contains(parameters('queues')[copyIndex()], 'metadata'), parameters('queues')[copyIndex()].metadata, json('null'))]"
            }
        },
        // queue RBAC
        {
            "type": "Microsoft.Resources/deployments",
            "apiVersion": "2020-06-01",
            "name": "[concat(uniqueString(deployment().name, parameters('location')), '-Storage-Queue-', if(empty(parameters('queues')), 'dummy', copyIndex()) )]",
            "condition": "[not(empty(parameters('queues')))]",
            "dependsOn": [
                "queueLoop"
            ],
            "copy": {
                "name": "queueDeplLoop",
                "count": "[length(parameters('queues'))]"
            },
            "properties": {
                "mode": "Incremental",
                "expressionEvaluationOptions": {
                    "scope": "inner"
                },
                "parameters": {
                    "queue": {
                        "value": "[parameters('queues')[copyIndex()]]"
                    },
                    "builtInRoleNames": {
                        "value": "[variables('builtInRoleNames')]"
                    },
                    "storageAccountName": {
                        "value": "[parameters('storageAccountName')]"
                    }
                },
                "template": {
                    "$schema": "https://schema.management.azure.com/schemas/2019-04-01/deploymentTemplate.json#",
                    "contentVersion": "1.0.0.0",
                    "parameters": {
                        "queue": {
                            "type": "object"
                        },
                        "builtInRoleNames": {
                            "type": "object"
                        },
                        "storageAccountName": {
                            "type": "string"
                        }
                    },
                    "resources": [
                        {
                            "type": "Microsoft.Resources/deployments",
                            "apiVersion": "2020-06-01",
                            "name": "[concat(deployment().name, '-Rbac-', if(empty(parameters('queue').roleAssignments),'dummy', copyIndex()) )]",
                            "condition": "[not(empty(array(parameters('queue').roleAssignments)))]",
                            "dependsOn": [
                            ],
                            "copy": {
                                "name": "queueRbacDeplLoop",
                                "count": "[length(array(parameters('queue').roleAssignments))]"
                            },
                            "properties": {
                                "mode": "Incremental",
                                "expressionEvaluationOptions": {
                                    "scope": "inner"
                                },
                                "parameters": {
                                    "queueName": {
                                        "value": "[parameters('queue').name]"
                                    },
                                    "roleAssignment": {
                                        "value": "[array(parameters('queue').roleAssignments)[copyIndex('queueRbacDeplLoop')]]"
                                    },
                                    "builtInRoleNames": {
                                        "value": "[parameters('builtInRoleNames')]"
                                    },
                                    "storageAccountName": {
                                        "value": "[parameters('storageAccountName')]"
                                    }
                                },
                                "template": {
                                    "$schema": "https://schema.management.azure.com/schemas/2019-04-01/deploymentTemplate.json#",
                                    "contentVersion": "1.0.0.0",
                                    "parameters": {
                                        "queueName": {
                                            "type": "string"
                                        },
                                        "roleAssignment": {
                                            "type": "object"
                                        },
                                        "builtInRoleNames": {
                                            "type": "object"
                                        },
                                        "storageAccountName": {
                                            "type": "string"
                                        }
                                    },
                                    "resources": [
                                        {
                                            "type": "Microsoft.Storage/storageAccounts/queueServices/queues/providers/roleAssignments",
                                            "apiVersion": "2018-09-01-preview",
                                            "name": "[concat(parameters('storageAccountName'), '/default/', parameters('queueName') ,'/Microsoft.Authorization/', if(empty(parameters('roleAssignment')), guid(parameters('storageAccountName')), guid(parameters('storageAccountName'), parameters('queueName'), array(parameters('roleAssignment').principalIds)[copyIndex('containerRbacLoop')], parameters('roleAssignment').roleDefinitionIdOrName )))]",
                                            "condition": "[not(empty(parameters('roleAssignment')))]",
                                            "copy": {
                                                "name": "containerRbacLoop",
                                                "count": "[length(parameters('roleAssignment').principalIds)]"
                                            },
                                            "properties": {
                                                "roleDefinitionId": "[if(contains(parameters('builtInRoleNames'), parameters('roleAssignment').roleDefinitionIdOrName ), parameters('builtInRoleNames')[parameters('roleAssignment').roleDefinitionIdOrName] , parameters('roleAssignment').roleDefinitionIdOrName )]",
                                                "principalId": "[array(parameters('roleAssignment').principalIds)[copyIndex('containerRbacLoop')]]"
                                            }
                                        }
                                    ]
                                }
                            }
                        }
                    ]
                }
            }
        },
        // table
        {
            "type": "Microsoft.Storage/storageAccounts/tableServices/tables",
            "apiVersion": "2019-06-01",
            "name": "[if(empty(parameters('tables')), concat(parameters('storageAccountName'), '/default/dummy'), concat(parameters('storageAccountName'), '/default/', parameters('tables')[copyIndex()]))]",
            "dependsOn": [
                "[concat('Microsoft.Storage/storageAccounts/', parameters('storageAccountName'))]"
            ],
            "copy": {
                "name": "tablesLoop",
                "count": "[length(parameters('tables'))]"
            }
        },
        // Action Group
        {
            "name": "[if(not(empty(parameters('actionGroupName'))),parameters('actionGroupName'),'dummyGroupName')]",
            "condition": "[parameters('enablealert')]",
            "type": "microsoft.insights/actionGroups",
            "apiVersion": "2019-06-01",
            "location": "global",
            "tags": "[parameters('tags')]",
            "properties": {
                "groupShortName": "[parameters('groupShortName')]",
                "enabled": "[parameters('enabled')]",
                "emailReceivers": "[if(empty(parameters('emailReceivers')), json('null'), parameters('emailReceivers'))]"
            }
        },
        // Resource Health - Activity Log Alert
        {
            "name": "[if(not(empty(parameters('alertName'))),parameters('alertName'),'dummyAlertName')]",
            "type": "Microsoft.Insights/ActivityLogAlerts",
            "location": "global",
            "condition": "[parameters('enablealert')]",
            "apiVersion": "2017-04-01",
            "tags": "[parameters('tags')]",
            "properties": {
                "scopes": "[parameters('scopes')]",
                "condition": {
                "allOf": "[variables('conditions')]"
            },
            "actions": {
            "actionGroups": "[parameters('actions')]"
            },
            "enabled": "[parameters('enabled')]",
            "description": "[parameters('alertDescription')]"
            }
        }
    ],
    "functions": [
    ],
    "outputs": {
        "storageAccountResourceId": {
            "type": "string",
            "value": "[resourceId('Microsoft.Storage/storageAccounts', variables('cleanStorageAccountName'))]",
            "metadata": {
                "description": "The Resource Id of the Storage Account."
            }
        },
        "storageAccountRegion": {
            "type": "string",
            "value": "[parameters('location')]",
            "metadata": {
                "description": "The Region of the Storage Account."
            }
        },
        "storageAccountName": {
            "type": "string",
            "value": "[variables('cleanStorageAccountName')]",
            "metadata": {
                "description": "The Name of the Storage Account."
            }
        },
        "storageAccountResourceGroup": {
            "type": "string",
            "value": "[resourceGroup().name]",
            "metadata": {
                "description": "The name of the Resource Group the Storage Account was created in."
            }
        },
        "storageAccountSasToken": {
            "type": "securestring",
            "value": "[listAccountSas(variables('cleanStorageAccountName'), '2019-04-01', variables('accountSasProperties')).accountSasToken]",
            "metadata": {
                "description": "The SAS Token for the Storage Account."
            }
        },
        "storageAccountAccessKey": {
            "type": "securestring",
            "value": "[listKeys(variables('cleanStorageAccountName'), '2016-12-01').keys[0].value]",
            "metadata": {
                "description": "The Access Key for the Storage Account."
            }
        },
        "storageAccountPrimaryBlobEndpoint": {
            "type": "string",
            "value": "[if(empty(parameters('blobContainers')), '', reference(concat('Microsoft.Storage/storageAccounts/', variables('cleanStorageAccountName')), '2019-04-01').primaryEndpoints.blob)]",
            "metadata": {
                "description": "The public endpoint of the Storage Account."
            }
        },
        "blobContainers": {
            "type": "array",
            "value": "[parameters('blobContainers')]",
            "metadata": {
                "description": "The array of the blob containers created."
            }
        },
        "fileShares": {
            "type": "array",
            "value": "[parameters('fileShares')]",
            "metadata": {
                "description": "The array of the file shares created."
            }
        },
        "queues": {
            "type": "array",
            "value": "[parameters('queues')]",
            "metadata": {
                "description": "The array of the queues created."
            }
        },
        "tables": {
            "type": "array",
            "value": "[parameters('tables')]",
            "metadata": {
                "description": "The array of the tables created."
            }
        },
        "runPowershellFunction": {
			"type": "string",
			"value": "[parameters('runPowershellFunction')]"
		},
		"mysubscriptionName": {
			"type": "string",
			"value": "[parameters('mysubscriptionName')]"
		},
        "mytenantId": {
			"type": "string",
			"value": "[parameters('mytenantId')]"
		},
        "resourceGroupName": {
			"type": "string",
			"value": "[parameters('resourceGroupName')]"
		},
        "storageAccName": {
			"type": "string",
			"value": "[parameters('storageAccName')]"
		}
    }
}

