{
  "$schema": "https://schema.management.azure.com/schemas/2019-04-01/deploymentTemplate.json#",
  "contentVersion": "1.0.0.0",
  "parameters": {
    "actionGroupName": {
      "type": "string",
      "metadata": {
        "description": "Azure Network Security Group Resource Name."
      }
    },
    "actionGroupShortName": {
      "type": "string",
      "metadata": {
        "description": "Azure Network Security Group Resource Name."
      }
    },
      "alertRuleName": {
      "type": "string",
      "metadata": {
        "description": "Azure Network Security Group Resource Name."
      }
    },
    "location": {
      "type": "string",
      "metadata": {
        "description": "deployment Location, Same as Log analytics Workspace resource group and Analytics Worksapce Name"
      }
    },
    "operationName": {
      "type": "string",
      "metadata": {
        "description": "Alert rule Operation Name, to filter Logs on"
      }
    },
    "subjectMessage": {
      "type": "string",
      "metadata": {
        "description": "Description of the alert and email subject line."
      }
    },
    "workspaceName": {
      "type": "string",
      "metadata": {
        "description": "Network Security Group Diagnostics Log Analytics Workspace information, Subscription Id, resource group and Analytics Worksapce Name"
      }
    },
    "frequency": {
      "type": "int",
      "defaultValue": 15,
      "metadata": {
        "description": "ALert threshold and frequency duration in minutes"
      }
    },
    "emailReceivers": {
      "type": "array",
      "metadata": {
        "description": "Email Alert Rule Action Configuration"
      }
    }
  },
  "variables": {},
  "resources": [
    {
      "type": "Microsoft.Insights/actionGroups",
      "apiVersion": "2019-06-01",
      "name": "[parameters('actionGroupName')]",
      "location": "Global",
      "properties": {
        "groupShortName": "[parameters('actionGroupShortName')]",
        "enabled": true,
        "smsReceivers": [],
        "emailReceivers": "[parameters('emailReceivers')]",
        "webhookReceivers": [],
        "itsmReceivers": [],
        "azureAppPushReceivers": [],
        "automationRunbookReceivers": [],
        "voiceReceivers": [],
        "logicAppReceivers": [],
        "azureFunctionReceivers": [],
        "armRoleReceivers": []
      }
    },
    {
      "type": "microsoft.insights/scheduledQueryRules",
      "apiVersion": "2018-04-16",
      "name": "[parameters('alertRuleName')]",
      "location": "[parameters('location')]",
      "tags": {},
      "dependson": ["[parameters('actionGroupName')]"],
      "properties": {
        "description": "[parameters('subjectMessage')]",
        "enabled": "true",
        "source": {
          "query": "[concat('AzureActivity | where ActivityStatus =~ \"Succeeded\" or ActivityStatus =~ \"Failed\" | where CategoryValue =~ \"Administrative\" | where OperationNameValue =~ \"',parameters('operationName'),'\"')]",
          "dataSourceId": "[resourceId('Microsoft.OperationalInsights/workspaces',parameters('workspaceName'))]",
          "authorizedResources": [],
          "queryType": "ResultCount"
        },
        "schedule": {
          "frequencyInMinutes": "[parameters('frequency')]",
          "timeWindowInMinutes": "[parameters('frequency')]"
        },
        "action": {
          "odata.type": "Microsoft.WindowsAzure.Management.Monitoring.Alerts.Models.Microsoft.AppInsights.Nexus.DataContracts.Resources.ScheduledQueryRules.AlertingAction",
          "severity": "4",

          "aznsAction": {
            "actionGroup": [
              "[resourceId('microsoft.insights/actiongroups',parameters('actionGroupName'))]"
            ],
            "emailSubject": "[parameters('subjectMessage')]",
            "customWebhookPayload": "{}"
          },
          "trigger": {
            "thresholdOperator": "GreaterThan",
            "threshold": 0
          },

          "throttleConsecutiveWindowCount": 0,
          "throttlingInMin": "[parameters('frequency')]",
          "timeAggregation": "Count"
        }
      }
    }
  ],
  "outputs": {
    "wks": {
      "type": "string",
      "value": "[resourceId('Microsoft.OperationalInsights/workspaces',parameters('workspaceName'))]"
    }
  }
}
