{
  "name": "AllowedLocationsDefinitionInitiatives",
  "displayName": "Allowed locations Initiative",
  "description": "This policy enables you to restrict the locations your organization can specify when deploying resources. Use to enforce your geo-compliance requirements. Excludes resource groups, Microsoft.AzureActiveDirectory/b2cDirectories, and resources that use the 'global' region.",
  "metadata": {
    "category": "General",
    "version": "1.0.0"
  },
  "parameters": {
    "e56962a6-4747-49cd-b67b-bf8b01975c4c-effect": {
        "type": "String",
        "metadata": {
            "displayName": "Allowed affects"
        }
    },
    "e56962a6-4747-49cd-b67b-bf8b01975c4c-listOfAllowedLocations": {
      "type": "array",
      "metadata": {
          "displayName": "Allowed locations"
      }
  },    "e56962a6-4747-49cd-b67b-bf8b01975c4c-listOfResourceTypes": {
    "type": "array",
    "metadata": {
        "displayName": "list of Resource Types"
    }
}
  },
  "policyDefinitions": [
    {
      "policyDefinitionReferenceId": "Allow list of allowed locations for resources",
      "policyDefinitionId": "/providers/Microsoft.Management/managementGroups/NG-US-UK-Policies/providers/Microsoft.Authorization/policyDefinitions/customAllowedlocations",
      "parameters": {
        "effect": {
            "value": "[parameters('e56962a6-4747-49cd-b67b-bf8b01975c4c-effect')]"
        },
        "listOfAllowedLocations": {
          "value": "[parameters('e56962a6-4747-49cd-b67b-bf8b01975c4c-listOfAllowedLocations')]"
      },
      "listOfResourceTypes": {
        "value": "[parameters('e56962a6-4747-49cd-b67b-bf8b01975c4c-listOfResourceTypes')]"
    }
      },
      "groupNames": []
    }
  ]
}
