{
    "name": "AuditInitiativeDefinition",
    "displayName": "Audit Initiative Definition",
    "description": "This initiative definition contains these policies - 7f89b1eb-583c-429a-8828-af049802c1d9, faf25c8c-9598-4305-b4de-0aee1317fb31, 06a78e20-9358-41c9-923c-fb736d382a4d and 5fc23db3-dd4d-4c56-bcc7-43626243e601.",
    "metadata": {
        "category": "General"
    },
    "parameters": {
        "7f89b1eb-583c-429a-8828-af049802c1d9-listOfResourceTypes": {
            "type": "Array",
            "metadata": {
                "displayName": "Resource Types",
                "strongType": "resourceTypes"
            }
        }
    },
    "policyDefinitions": [
        {
            "policyDefinitionId": "/providers/Microsoft.Authorization/policyDefinitions/7f89b1eb-583c-429a-8828-af049802c1d9",
            "parameters": {
                "listOfResourceTypes": {
                    "value": "[parameters('7f89b1eb-583c-429a-8828-af049802c1d9-listOfResourceTypes')]"
                }
            }
        },
        {
            "policyDefinitionId": "/providers/Microsoft.Authorization/policyDefinitions/06a78e20-9358-41c9-923c-fb736d382a4d",
            "parameters": {}
        }
    ]
}