{
    "name": "AzureMonitorforVMs",
    "displayName": "Azure Monitor for VMs",
    "description": "This initiative definition contains Dependency Agent policies.",
    "metadata": {
        "category": "Monitoring"
    },
    "parameters": {
        "effect": {
            "type": "String",
            "metadata": {
                "displayName": "Effect",
                "description": "Enable or disable the execution of the policy."
            },
            "allowedValues": [
                "DeployIfNotExists",
                "Disabled"
            ],
            "defaultValue": "DeployIfNotExists"
        }
    },
    "policyDefinitions": [
        {
            "policyDefinitionReferenceId": "DependencyAgentExtension_Linux_VM_AMA_Deploy",
            "policyDefinitionId": "/providers/Microsoft.Authorization/policyDefinitions/d55b81e1-984f-4a96-acab-fae204e3ca7f",
            "parameters": {
                "effect": {
                    "value": "[parameters('effect')]"
                }
            }
        },
        {
            "policyDefinitionReferenceId": "DependencyAgentExtension_Linux_VMSS_AMA_Deploy",
            "policyDefinitionId": "/providers/Microsoft.Authorization/policyDefinitions/2fea0c12-e7d4-4e03-b7bf-c34b2b8d787d",
            "parameters": {
                "effect": {
                    "value": "[parameters('effect')]"
                }
            }
        },
        {
            "policyDefinitionReferenceId": "DependencyAgentExtension_Windows_VM_AMA_Deploy",
            "policyDefinitionId": "/providers/Microsoft.Authorization/policyDefinitions/89ca9cc7-25cd-4d53-97ba-445ca7a1f222",
            "parameters": {
                "effect": {
                    "value": "[parameters('effect')]"
                }
            }
        },
        {
            "policyDefinitionReferenceId": "DependencyAgentExtension_Windows_VMSS_AMA_Deploy",
            "policyDefinitionId": "/providers/Microsoft.Authorization/policyDefinitions/af0082fd-fa58-4349-b916-b0e47abb0935",
            "parameters": {
                "effect": {
                    "value": "[parameters('effect')]"
                }
            }
        }
    ]
}