{  
    "name": "BackupInitiativeDefinition",
    "displayName": "Backup Initiative Definition",
    "description": "This initiative definition contains two policy - 013e242c-8828-4970-87b3-ab247555486d",
    "metadata": {
        "category": "General"
    },
    "parameters": {
        "013e242c-8828-4970-87b3-ab247555486d": {
            "type": "string",
            "metadata": {
                "displayName": "Effect for - Azure Backup should be enabled for Virtual Machines"
            },            
            "allowedValues": [
                "AuditIfNotExists",
                "Disabled"
            ]
        }
    },
    "policyDefinitions": [
          {
            "policyDefinitionId": "/providers/Microsoft.Authorization/policyDefinitions/013e242c-8828-4970-87b3-ab247555486d",
            "parameters": {
                "effect": {
                    "value": "[parameters('013e242c-8828-4970-87b3-ab247555486d')]"
                }
            }
          }
    ]
}