{
  "name": "ComputeInitiativeDefinition",
  "displayName": "Compute Initiative",
  "description": "Compute Initiative",
  "metadata": {
    "category": "Compute",
    "version": "1.0.0"
  },
  "parameters": {
    "23404354-379e-4133-9753-0161e1f2907e-OperatingSystem": {
      "type": "String",
      "metadata": {
          "displayName": "Allowed Operating Systems"
      }  
  },
    "23404354-379e-4133-9753-0161e1f2907e-listOfAllowedimagePublishers": {
        "type": "Array",
        "metadata": {
            "displayName": "Allowed image publishers"
        }
    },
    "23404354-379e-4133-9753-0161e1f2907e-effect": {
      "type": "String",
      "metadata": {
        "displayName": "Effect",
        "description": "Enable or disable the execution of the policy"
      }
    }
  },
  "policyDefinitions": [
    {
        "policyDefinitionReferenceId": "[Custom] Audit allowed images from certain image publishers to be deployed",
        "policyDefinitionId": "/providers/Microsoft.Management/managementGroups/NG-US-UK-Policies/providers/Microsoft.Authorization/policyDefinitions/AuditAllowedImagePublishersforLinux",
        "parameters": {
          "OperatingSystem": {
            "value": "[parameters('23404354-379e-4133-9753-0161e1f2907e-OperatingSystem')]"
        },
          "listOfAllowedimagePublishers": {
              "value": "[parameters('23404354-379e-4133-9753-0161e1f2907e-listOfAllowedimagePublishers')]"
          },
          "effect": {
            "value": "[parameters('23404354-379e-4133-9753-0161e1f2907e-effect')]"
          }
        },
        "groupNames": []
    }
  ]
    
}
