{
    "name": "ACRInitiativeDefinition",
    "displayName": "Azure Container Registry Initiative Definition",
    "description": "Initiative for Azure Container Registry policies",
    "metadata": {
        "category": "Security"
    },
    "parameters": {
        "dc921057-6b28-4fbe-9b83-f7bec05db6c2": {
            "type": "string",
            "metadata": {
                "displayName": "Effect for - Container registries should have local authentication methods disabled"
            },
            "allowedValues": [
                "Audit",
                "Deny"
            ],
            "defaultValue": "Audit"
        },
        "5b9159ae-1701-4a6f-9a7a-aa9c8ddd0580": {
            "type": "string",
            "metadata": {
                "displayName": "Effect for - Container registries should be encrypted with a customer-managed key"
            },
            "allowedValues": [
                "Audit",
                "Deny",
                "Disabled"
            ],
            "defaultValue": "Audit"
        }
    },
    "policyDefinitions": [
        {
            "policyDefinitionId": "/providers/Microsoft.Authorization/policyDefinitions/dc921057-6b28-4fbe-9b83-f7bec05db6c2",
            "parameters": {
                "effect": {
                    "value": "[parameters('dc921057-6b28-4fbe-9b83-f7bec05db6c2')]"
                }
            }
        },
        {
            "policyDefinitionId": "/providers/Microsoft.Authorization/policyDefinitions/5b9159ae-1701-4a6f-9a7a-aa9c8ddd0580",
            "parameters": {
                "effect": {
                    "value": "[parameters('5b9159ae-1701-4a6f-9a7a-aa9c8ddd0580')]"
                }
            }
        }
    ]
}