{
    "name": "AutomationAcctSecurityInitiativeDefinition",
    "displayName": "Automation Account Security Initiative",
    "description": "It is important to enable encryption of Automation account variable assets when storing sensitive data",
    "metadata": {
        "category": "Automation"
    },
    "parameters": {
        "effect": {
            "type": "string",
            "defaultValue": "Deny",
            "metadata": {
                "displayName": "Policy Effect",
                "description": "The effect determines what happens when the policy rule is evaluated to match"
            }
        }
    },
    "policyDefinitions": [
        {
            "policyDefinitionReferenceId": "Automation account variables should be encrypted",
            "policyDefinitionId": "/providers/Microsoft.Authorization/policyDefinitions/3657f5a0-770e-44a3-b44e-9431ba1e9735",
            "parameters": {
                "effect": {
                    "value": "[parameters('effect')]"
                }
            }
        }
    ]
}