{
    "name": "MonitorInitiativeDefinition",
    "displayName": "Monitor Initiative Definition",
    "description": "This initiative definition contains two policies - 41388f1c-2db0-4c25-95b2-35d7f5ccbfa9 and 3e596b57-105f-48a6-be97-03e9243bad6e.",
    "metadata": {
        "category": "General"
    },
    "parameters": {
        "41388f1c-2db0-4c25-95b2-35d7f5ccbfa9": {
            "type": "string",
            "metadata": {
                "displayName": "Effect for - Azure Monitor should collect activity logs from all regions"
            },
            "allowedValues": [
                "AuditIfNotExists",
                "Disabled"
            ]
        },
        "3e596b57-105f-48a6-be97-03e9243bad6e": {
            "type": "string",
            "metadata": {
                "displayName": "Effect for - Azure Monitor solution 'Security and Audit' must be deployed"
            },
            "allowedValues": [
                "AuditIfNotExists",
                "Disabled"
            ]
        }
    },
    "policyDefinitions": [
        {
            "policyDefinitionId": "/providers/Microsoft.Authorization/policyDefinitions/41388f1c-2db0-4c25-95b2-35d7f5ccbfa9",
            "parameters": {
                "effect": {
                    "value": "[parameters('41388f1c-2db0-4c25-95b2-35d7f5ccbfa9')]"
                }
            }
        },
        {
            "policyDefinitionId": "/providers/Microsoft.Authorization/policyDefinitions/3e596b57-105f-48a6-be97-03e9243bad6e",
            "parameters": {
                "effect": {
                    "value": "[parameters('3e596b57-105f-48a6-be97-03e9243bad6e')]"
                }
            }
        }
    ]
}