{
    "name": "notificationsInitiativeDefinition",
    "displayName": "Notifications Initiative Definition",
    "description": "This initiative definition contains two policies - 6e2593d9-add6-4083-9c9b-4b7d2188c899 and 0b15565f-aa9e-48ba-8619-45960f2c314d.",
    "metadata": {
        "category": "General"
    },
    "parameters": {
        "6e2593d9-add6-4083-9c9b-4b7d2188c899": {
            "type": "string",
            "metadata": {
                "displayName": "Effect for - Custom subscription owner roles should not exist"
            },
            "allowedValues": [
                "AuditIfNotExists",
                "Disabled"
            ]
        },
        "0b15565f-aa9e-48ba-8619-45960f2c314d": {
            "type": "string",
            "metadata": {
                "displayName": "Effect for - There should be more than one owner assigned to your subscription"
            },
            "allowedValues": [
                "AuditIfNotExists",
                "Disabled"
            ]
        }
    },
    "policyDefinitions": [
        {
            "policyDefinitionId": "/providers/Microsoft.Authorization/policyDefinitions/6e2593d9-add6-4083-9c9b-4b7d2188c899",
            "parameters": {
                "effect": {
                    "value": "[parameters('6e2593d9-add6-4083-9c9b-4b7d2188c899')]"
                }
            }
        },
        {
            "policyDefinitionId": "/providers/Microsoft.Authorization/policyDefinitions/0b15565f-aa9e-48ba-8619-45960f2c314d",
            "parameters": {
                "effect": {
                    "value": "[parameters('0b15565f-aa9e-48ba-8619-45960f2c314d')]"
                }
            }
        }
    ]
}