{
    "name": "RedisCacheInitiativeDefinition",
    "displayName": "Redis Cache Initiative Definition",
    "description": "This initiative definition contains two policies - 7d092e0a-7acd-40d2-a975-dca21cae48c4 and 22bee202-a82f-4305-9a2a-6d7f44d4dedb.",
    "metadata": {
        "category": "Security",
        "version": "1.0.0"
    },
    "parameters": {
        "7d092e0a-7acd-40d2-a975-dca21cae48c4": {
            "type": "String",
            "metadata": {
              "displayName": "Effect",
              "description": "The effect determines what happens when the policy rule is evaluated to match."
            },
            "allowedValues": [
              "Audit",
              "Deny"
            ],
            "defaultValue": "Audit"
        },
        "22bee202-a82f-4305-9a2a-6d7f44d4dedb": {
            "type": "String",
            "metadata": {
              "displayName": "Effect",
              "description": "The effect determines what happens when the policy rule is evaluated to match."
            },
            "allowedValues": [
              "Audit",
              "Deny"
            ],
            "defaultValue": "Audit"
        }
    },
    "policyDefinitions": [
        {
            "policyDefinitionReferenceId": "Only secure connections to your Azure Cache for Redis should be enabled",
            "policyDefinitionId": "/providers/Microsoft.Authorization/policyDefinitions/7d092e0a-7acd-40d2-a975-dca21cae48c4",
            "parameters": {
                "effect": {
                    "value": "[parameters('7d092e0a-7acd-40d2-a975-dca21cae48c4')]"
                }
            }
        },
        {
            "policyDefinitionReferenceId": "Azure Cache for Redis should reside within a virtual network",
            "policyDefinitionId": "/providers/Microsoft.Authorization/policyDefinitions/22bee202-a82f-4305-9a2a-6d7f44d4dedb",
            "parameters": {
                "effect": {
                    "value": "[parameters('22bee202-a82f-4305-9a2a-6d7f44d4dedb')]"
                }
            }
        }
    ]
}