{
    "definition": {
        "$schema": "https://schema.management.azure.com/providers/Microsoft.Logic/schemas/2016-06-01/workflowdefinition.json#",
        "actions": {
            "Azure_DevOps_API_Version": {
                "inputs": "6.1-preview.1",
                "runAfter": {
                    "Azure_DevOps_Pipeline_ID": [
                        "Succeeded"
                    ]
                },
                "type": "Compose"
            },
            "Azure_DevOps_Branch_Name": {
                "inputs": "refs/heads/main",
                "runAfter": {
                    "Azure_DevOps_API_Version": [
                        "Succeeded"
                    ]
                },
                "type": "Compose"
            },
            "Azure_DevOps_Organization_Name_Project_Name": {
                "inputs": "NGRID/CCoE/",
                "runAfter": {
                    "Variable_to_hold_runResult_of_the_pipeline": [
                        "Succeeded"
                    ]
                },
                "type": "Compose"
            },
            "Azure_DevOps_Pipeline_ID": {
                "inputs": 210,
                "runAfter": {
                    "Azure_DevOps_Organization_Name_Project_Name": [
                        "Succeeded"
                    ]
                },
                "type": "Compose"
            },
            "Check_request_state": {
                "actions": {
                    "Application_Name_Hold": {
                        "inputs": "@substring(body('Parse_the_output_from_SNOW_incoming_request')?['invp'],5)",
                        "runAfter": {},
                        "type": "Compose"
                    },
                    "Regional_Location_Hold": {
                        "inputs": "@body('Parse_the_output_from_SNOW_incoming_request')?['regional_location']",
                        "runAfter": {
                            "Application_Name_Hold": [
                                "Succeeded"
                            ]
                        },
                        "type": "Compose"
                    },
                    "Scope_All_of_the_environments_and_set_the_environment_to_an_array_variable": {
                        "actions": {
                            "Condition_to_put_the_environment_value_for_FOF_(UK)": {
                                "actions": {
                                    "Append_to_array_variable_FOF_environment": {
                                        "inputs": {
                                            "name": "Environment",
                                            "value": "fof"
                                        },
                                        "runAfter": {},
                                        "type": "AppendToArrayVariable"
                                    }
                                },
                                "else": {
                                    "actions": {
                                        "Condition_to_put_the_environment_value_for_UAT_(US)": {
                                            "actions": {
                                                "Append_to_array_variable_UAT_environment": {
                                                    "inputs": {
                                                        "name": "Environment",
                                                        "value": "uat"
                                                    },
                                                    "runAfter": {},
                                                    "type": "AppendToArrayVariable"
                                                }
                                            },
                                            "expression": {
                                                "and": [
                                                    {
                                                        "equals": [
                                                            "@body('Parse_the_output_from_SNOW_incoming_request')?['uat_fof']",
                                                            true
                                                        ]
                                                    },
                                                    {
                                                        "equals": [
                                                            "@body('Parse_the_output_from_SNOW_incoming_request')?['regional_location']",
                                                            "US"
                                                        ]
                                                    }
                                                ]
                                            },
                                            "runAfter": {},
                                            "type": "If"
                                        }
                                    }
                                },
                                "expression": {
                                    "and": [
                                        {
                                            "equals": [
                                                "@body('Parse_the_output_from_SNOW_incoming_request')?['uat_fof']",
                                                "true"
                                            ]
                                        },
                                        {
                                            "equals": [
                                                "@body('Parse_the_output_from_SNOW_incoming_request')?['regional_location']",
                                                "UK"
                                            ]
                                        }
                                    ]
                                },
                                "runAfter": {
                                    "Condition_to_put_the_environment_value_for_dev": [
                                        "Succeeded"
                                    ]
                                },
                                "type": "If"
                            },
                            "Condition_to_put_the_environment_value_for_dev": {
                                "actions": {
                                    "Append_to_array_variable_dev_environment": {
                                        "inputs": {
                                            "name": "Environment",
                                            "value": "dev"
                                        },
                                        "runAfter": {},
                                        "type": "AppendToArrayVariable"
                                    }
                                },
                                "expression": {
                                    "and": [
                                        {
                                            "equals": [
                                                "@body('Parse_the_output_from_SNOW_incoming_request')?['dev_qa']",
                                                "true"
                                            ]
                                        }
                                    ]
                                },
                                "runAfter": {
                                    "Condition_to_put_the_environment_value_for_prod": [
                                        "Succeeded"
                                    ]
                                },
                                "type": "If"
                            },
                            "Condition_to_put_the_environment_value_for_prod": {
                                "actions": {
                                    "Append_to_array_variable_prod_environment": {
                                        "inputs": {
                                            "name": "Environment",
                                            "value": "Prod"
                                        },
                                        "runAfter": {},
                                        "type": "AppendToArrayVariable"
                                    }
                                },
                                "expression": {
                                    "and": [
                                        {
                                            "equals": [
                                                "@body('Parse_the_output_from_SNOW_incoming_request')?['prod_dr']",
                                                "true"
                                            ]
                                        }
                                    ]
                                },
                                "runAfter": {},
                                "type": "If"
                            }
                        },
                        "runAfter": {
                            "Regional_Location_Hold": [
                                "Succeeded"
                            ]
                        },
                        "type": "Scope"
                    }
                },
                "expression": {
                    "and": [
                        {
                            "equals": [
                                "@body('Parse_the_output_from_SNOW_incoming_request')?['state']",
                                "Open"
                            ]
                        }
                    ]
                },
                "runAfter": {
                    "Parse_the_output_from_SNOW_incoming_request": [
                        "Succeeded"
                    ]
                },
                "type": "If"
            },
            "Get_Authorization_to_run_the_pipeline": {
                "inputs": "@base64('User:4epacbx77ncotkyqbc4qihnzvp2k7cw7cvahirgtnhxayf3kwi4a')",
                "runAfter": {
                    "Azure_DevOps_Branch_Name": [
                        "Succeeded"
                    ]
                },
                "type": "Compose"
            },
            "Initialize_variable_for_capturing_Environment": {
                "inputs": {
                    "variables": [
                        {
                            "name": "Environment",
                            "type": "array"
                        }
                    ]
                },
                "runAfter": {},
                "type": "InitializeVariable"
            },
            "Loop_thru_each_environment": {
                "actions": {
                    "Condition_to_check_pipeline_progress": {
                        "actions": {
                            "AccessToken": {
                                "inputs": "@body('Parse_JSON_for_Access_token')?['access_token']",
                                "runAfter": {
                                    "Parse_JSON_for_Access_token": [
                                        "Succeeded"
                                    ]
                                },
                                "type": "Compose"
                            },
                            "Compose_to_change_the_token_to_string": {
                                "inputs": "@string(body('HTTP_Post_to_Get_Token_from_SNOW'))",
                                "runAfter": {
                                    "HTTP_Post_to_Get_Token_from_SNOW": [
                                        "Succeeded"
                                    ]
                                },
                                "type": "Compose"
                            },
                            "Do_Until_Status_changes": {
                                "actions": {
                                    "Delay_to_check_the_status": {
                                        "inputs": {
                                            "interval": {
                                                "count": 8,
                                                "unit": "Minute"
                                            }
                                        },
                                        "runAfter": {},
                                        "type": "Wait"
                                    },
                                    "HTTP_get_pipeline_run_status": {
                                        "inputs": {
                                            "headers": {
                                                "Authorization": "Basic @{outputs('Get_Authorization_to_run_the_pipeline')}",
                                                "Content-Type": "application/json"
                                            },
                                            "method": "GET",
                                            "uri": "https://dev.azure.com/@{outputs('Azure_DevOps_Organization_Name_Project_Name')}_apis/pipelines/@{outputs('Azure_DevOps_Pipeline_ID')}/runs/@{outputs('Save_the_Job_ID')}?api-version=@{outputs('Azure_DevOps_API_Version')}"
                                        },
                                        "runAfter": {
                                            "Delay_to_check_the_status": [
                                                "Succeeded"
                                            ]
                                        },
                                        "type": "Http"
                                    },
                                    "Parse_JSON_for_run_status": {
                                        "inputs": {
                                            "content": "@body('HTTP_get_pipeline_run_status')",
                                            "schema": {
                                                "properties": {
                                                    "_links": {
                                                        "properties": {
                                                            "pipeline": {
                                                                "properties": {
                                                                    "href": {
                                                                        "type": "string"
                                                                    }
                                                                },
                                                                "type": "object"
                                                            },
                                                            "pipeline.web": {
                                                                "properties": {
                                                                    "href": {
                                                                        "type": "string"
                                                                    }
                                                                },
                                                                "type": "object"
                                                            },
                                                            "self": {
                                                                "properties": {
                                                                    "href": {
                                                                        "type": "string"
                                                                    }
                                                                },
                                                                "type": "object"
                                                            },
                                                            "web": {
                                                                "properties": {
                                                                    "href": {
                                                                        "type": "string"
                                                                    }
                                                                },
                                                                "type": "object"
                                                            }
                                                        },
                                                        "type": "object"
                                                    },
                                                    "createdDate": {
                                                        "type": "string"
                                                    },
                                                    "id": {
                                                        "type": "integer"
                                                    },
                                                    "name": {
                                                        "type": "string"
                                                    },
                                                    "pipeline": {
                                                        "properties": {
                                                            "folder": {
                                                                "type": "string"
                                                            },
                                                            "id": {
                                                                "type": "integer"
                                                            },
                                                            "name": {
                                                                "type": "string"
                                                            },
                                                            "revision": {
                                                                "type": "integer"
                                                            },
                                                            "url": {
                                                                "type": "string"
                                                            }
                                                        },
                                                        "type": "object"
                                                    },
                                                    "resources": {
                                                        "properties": {
                                                            "repositories": {
                                                                "properties": {
                                                                    "self": {
                                                                        "properties": {
                                                                            "refName": {
                                                                                "type": "string"
                                                                            },
                                                                            "repository": {
                                                                                "properties": {
                                                                                    "id": {
                                                                                        "type": "string"
                                                                                    },
                                                                                    "type": {
                                                                                        "type": "string"
                                                                                    }
                                                                                },
                                                                                "type": "object"
                                                                            },
                                                                            "version": {
                                                                                "type": "string"
                                                                            }
                                                                        },
                                                                        "type": "object"
                                                                    }
                                                                },
                                                                "type": "object"
                                                            }
                                                        },
                                                        "type": "object"
                                                    },
                                                    "result": {
                                                        "type": "string"
                                                    },
                                                    "state": {
                                                        "type": "string"
                                                    },
                                                    "url": {
                                                        "type": "string"
                                                    }
                                                },
                                                "type": "object"
                                            }
                                        },
                                        "runAfter": {
                                            "HTTP_get_pipeline_run_status": [
                                                "Succeeded"
                                            ]
                                        },
                                        "type": "ParseJson"
                                    },
                                    "Set_the_variable_with_status_of_the_pipeline": {
                                        "inputs": {
                                            "name": "runState",
                                            "value": "@body('Parse_JSON_for_run_status')?['state']"
                                        },
                                        "runAfter": {
                                            "Parse_JSON_for_run_status": [
                                                "Succeeded"
                                            ]
                                        },
                                        "type": "SetVariable"
                                    }
                                },
                                "expression": "@or(equals(variables('runState'), 'unknown'),equals(variables('runState'), 'completed'),equals(variables('runState'), 'failed'),equals(variables('runState'), 'canceled'))",
                                "limit": {
                                    "count": 60,
                                    "timeout": "PT65M"
                                },
                                "runAfter": {
                                    "Save_the_Job_ID": [
                                        "Succeeded"
                                    ]
                                },
                                "type": "Until"
                            },
                            "HTTP_Post_to_Get_Token_from_SNOW": {
                                "inputs": {
                                    "body": "grant_type=password&client_id=1c3e9e8b7ed2a890f5035c885c0df4af&client_secret=$`Uu)sT6SP&username=Azure.integration.user&password=Opsos02673##MI@#",
                                    "headers": {
                                        "Content-Type": "application/x-www-form-urlencoded"
                                    },
                                    "method": "POST",
                                    "uri": "https://nationalgrid.service-now.com/oauth_token.do"
                                },
                                "runAfter": {},
                                "type": "Http"
                            },
                            "Parse_JSON_for_Access_token": {
                                "inputs": {
                                    "content": "@outputs('Compose_to_change_the_token_to_string')",
                                    "schema": {
                                        "properties": {
                                            "access_token": {
                                                "type": "string"
                                            },
                                            "expires_in": {
                                                "type": "integer"
                                            },
                                            "refresh_token": {
                                                "type": "string"
                                            },
                                            "scope": {
                                                "type": "string"
                                            },
                                            "token_type": {
                                                "type": "string"
                                            }
                                        },
                                        "type": "object"
                                    }
                                },
                                "runAfter": {
                                    "Compose_to_change_the_token_to_string": [
                                        "Succeeded"
                                    ]
                                },
                                "type": "ParseJson"
                            },
                            "Save_the_Job_ID": {
                                "inputs": "@body('Parse_Payload_output_from_pipeline')?['id']",
                                "runAfter": {
                                    "AccessToken": [
                                        "Succeeded"
                                    ]
                                },
                                "type": "Compose"
                            },
                            "Set_variable_for_running_result_of_pipeline": {
                                "inputs": {
                                    "name": "runResult",
                                    "value": "@body('Parse_JSON_for_run_status')?['result']"
                                },
                                "runAfter": {
                                    "Do_Until_Status_changes": [
                                        "Succeeded"
                                    ]
                                },
                                "type": "SetVariable"
                            },
                            "Switch": {
                                "cases": {
                                    "Case_Failure": {
                                        "actions": {
                                            "HTTP_on_failed_pipeline_run_": {
                                                "inputs": {
                                                    "body": {
                                                        "u_state": "4",
                                                        "u_task_sys_id": "@body('Parse_the_output_from_SNOW_incoming_request')?['sys_id']",
                                                        "u_work_notes": "Your request for subscription / Landing Zone has failed in  @{toUpper(items('Loop_thru_each_environment'))} environment"
                                                    },
                                                    "headers": {
                                                        "Authorization": "Bearer @{outputs('AccessToken')}",
                                                        "Content-Type": "application/json"
                                                    },
                                                    "method": "POST",
                                                    "uri": "https://nationalgrid.service-now.com/api/ngpu2/task_update_api"
                                                },
                                                "runAfter": {},
                                                "type": "Http"
                                            }
                                        },
                                        "case": "failed"
                                    },
                                    "Case_succeeded": {
                                        "actions": {
                                            "HTTP_on_successful_pipeline_run_": {
                                                "inputs": {
                                                    "body": {
                                                        "u_state": "3",
                                                        "u_task_sys_id": "@body('Parse_the_output_from_SNOW_incoming_request')?['sys_id']",
                                                        "u_work_notes": "Your request for subscription/landing zone has been completed successfully. The provisioned Azure Subscription name is@{outputs('Formulate_Subscription_Name')} , The provisioned SPN  is @{outputs('Formulate_Subscription_SPN_name')} and requested region was @{toUpper(items('Loop_thru_each_environment'))}"
                                                    },
                                                    "headers": {
                                                        "Authorization": " Bearer @{outputs('AccessToken')}",
                                                        "Content-Type": "application/json"
                                                    },
                                                    "method": "POST",
                                                    "uri": "https://nationalgrid.service-now.com/api/ngpu2/task_update_api"
                                                },
                                                "runAfter": {},
                                                "type": "Http"
                                            }
                                        },
                                        "case": "succeeded"
                                    }
                                },
                                "default": {
                                    "actions": {
                                        "HTTP_on_all_other_pipeline_run_status": {
                                            "inputs": {
                                                "body": {
                                                    "u_state": "5",
                                                    "u_task_sys_id": "@body('Parse_the_output_from_SNOW_incoming_request')?['sys_id']",
                                                    "u_work_notes": "Your request for subscription / Landing Zone has timed out, taking longer than expected  @{toUpper(items('Loop_thru_each_environment'))} environment"
                                                },
                                                "headers": {
                                                    "Authorization": "Bearer @{outputs('AccessToken')}",
                                                    "Content-Type": "application/json"
                                                },
                                                "method": "POST",
                                                "uri": "https://nationalgrid.service-now.com/api/ngpu2/task_update_api"
                                            },
                                            "runAfter": {},
                                            "type": "Http"
                                        }
                                    }
                                },
                                "expression": "@variables('runResult')",
                                "runAfter": {
                                    "Set_variable_for_running_result_of_pipeline": [
                                        "Succeeded"
                                    ]
                                },
                                "type": "Switch"
                            }
                        },
                        "expression": {
                            "and": [
                                {
                                    "equals": [
                                        "@body('Parse_Payload_output_from_pipeline')?['state']",
                                        "inProgress"
                                    ]
                                }
                            ]
                        },
                        "runAfter": {
                            "Parse_Payload_output_from_pipeline": [
                                "Succeeded"
                            ]
                        },
                        "type": "If"
                    },
                    "Formulate_Subscription_Name": {
                        "inputs": "@toUpper(concat(outputs('Regional_Location_Hold'),'-',outputs(replace('Application_Name_Hold',' ','-')),'-',items('Loop_thru_each_environment'),'-01'))",
                        "runAfter": {
                            "Submit_payload_to_Azure_DevOps_Pipeline": [
                                "Succeeded"
                            ]
                        },
                        "type": "Compose"
                    },
                    "Formulate_Subscription_SPN_name": {
                        "inputs": "@toUpper(concat(outputs('Regional_Location_Hold'),'-',outputs(replace('Application_Name_Hold',' ','-')),'-',items('Loop_thru_each_environment'),'-01-SPN'))",
                        "runAfter": {
                            "Formulate_Subscription_Name": [
                                "Succeeded"
                            ]
                        },
                        "type": "Compose"
                    },
                    "Parse_Payload_output_from_pipeline": {
                        "inputs": {
                            "content": "@body('Submit_payload_to_Azure_DevOps_Pipeline')",
                            "schema": {
                                "properties": {
                                    "_links": {
                                        "properties": {
                                            "pipeline": {
                                                "properties": {
                                                    "href": {
                                                        "type": "string"
                                                    }
                                                },
                                                "type": "object"
                                            },
                                            "pipeline.web": {
                                                "properties": {
                                                    "href": {
                                                        "type": "string"
                                                    }
                                                },
                                                "type": "object"
                                            },
                                            "self": {
                                                "properties": {
                                                    "href": {
                                                        "type": "string"
                                                    }
                                                },
                                                "type": "object"
                                            },
                                            "web": {
                                                "properties": {
                                                    "href": {
                                                        "type": "string"
                                                    }
                                                },
                                                "type": "object"
                                            }
                                        },
                                        "type": "object"
                                    },
                                    "createdDate": {
                                        "type": "string"
                                    },
                                    "id": {
                                        "type": "integer"
                                    },
                                    "name": {
                                        "type": "string"
                                    },
                                    "pipeline": {
                                        "properties": {
                                            "folder": {
                                                "type": "string"
                                            },
                                            "id": {
                                                "type": "integer"
                                            },
                                            "name": {
                                                "type": "string"
                                            },
                                            "revision": {
                                                "type": "integer"
                                            },
                                            "url": {
                                                "type": "string"
                                            }
                                        },
                                        "type": "object"
                                    },
                                    "resources": {
                                        "properties": {
                                            "repositories": {
                                                "properties": {
                                                    "self": {
                                                        "properties": {
                                                            "refName": {
                                                                "type": "string"
                                                            },
                                                            "repository": {
                                                                "properties": {
                                                                    "connection": {
                                                                        "properties": {
                                                                            "id": {
                                                                                "type": "string"
                                                                            }
                                                                        },
                                                                        "type": "object"
                                                                    },
                                                                    "fullName": {
                                                                        "type": "string"
                                                                    },
                                                                    "type": {
                                                                        "type": "string"
                                                                    }
                                                                },
                                                                "type": "object"
                                                            },
                                                            "version": {
                                                                "type": "string"
                                                            }
                                                        },
                                                        "type": "object"
                                                    }
                                                },
                                                "type": "object"
                                            }
                                        },
                                        "type": "object"
                                    },
                                    "state": {
                                        "type": "string"
                                    },
                                    "url": {
                                        "type": "string"
                                    }
                                },
                                "type": "object"
                            }
                        },
                        "runAfter": {
                            "Formulate_Subscription_SPN_name": [
                                "Succeeded"
                            ]
                        },
                        "type": "ParseJson"
                    },
                    "Submit_payload_to_Azure_DevOps_Pipeline": {
                        "inputs": {
                            "body": {
                                "previewRun": false,
                                "resources": {
                                    "repositories": {
                                        "self": {
                                            "refName": "@outputs('Azure_DevOps_Branch_Name')"
                                        }
                                    }
                                },
                                "stagesToSkip": [],
                                "templateParameters": {
                                    "appName": "@outputs('Application_Name_Hold')",
                                    "bu": "@body('Parse_the_output_from_SNOW_incoming_request')?['business_unit_acronym_and_name']",
                                    "env": "@items('Loop_thru_each_environment')",
                                    "geo": "@body('Parse_the_output_from_SNOW_incoming_request')?['regional_location']",
                                    "invp": "@body('Parse_the_output_from_SNOW_incoming_request')?['invp']",
                                    "ownerEmailAddress": "@body('Parse_the_output_from_SNOW_incoming_request')?['requestors_email']",
                                    "requesterEmailAddress": "@body('Parse_the_output_from_SNOW_incoming_request')?['requestors_email']",
                                    "vNetSize": "@body('Parse_the_output_from_SNOW_incoming_request')?['virtual_network_size']"
                                },
                                "variables": {}
                            },
                            "headers": {
                                "Authorization": "Basic @{outputs('Get_Authorization_to_run_the_pipeline')}",
                                "Content-Type": "application/json"
                            },
                            "method": "POST",
                            "uri": "https://dev.azure.com/@{outputs('Azure_DevOps_Organization_Name_Project_Name')}_apis/pipelines/@{outputs('Azure_DevOps_Pipeline_ID')}/runs?api-version=@{outputs('Azure_DevOps_API_Version')}"
                        },
                        "runAfter": {},
                        "type": "Http"
                    }
                },
                "foreach": "@variables('Environment')",
                "runAfter": {
                    "Check_request_state": [
                        "Succeeded"
                    ]
                },
                "type": "Foreach"
            },
            "Parse_the_output_from_SNOW_incoming_request": {
                "inputs": {
                    "content": "@triggerBody()",
                    "schema": {
                        "properties": {
                            "business_unit_acronym_and_name": {
                                "type": "string"
                            },
                            "cost_center": {
                                "type": "string"
                            },
                            "dev_qa": {
                                "type": "string"
                            },
                            "invp": {
                                "type": "string"
                            },
                            "number": {
                                "type": "string"
                            },
                            "opened": {
                                "type": "string"
                            },
                            "prod_dr": {
                                "type": "string"
                            },
                            "regional_location": {
                                "type": "string"
                            },
                            "requestor": {
                                "type": "string"
                            },
                            "requestors_email": {
                                "type": "string"
                            },
                            "state": {
                                "type": "string"
                            },
                            "sys_id": {
                                "type": "string"
                            },
                            "uat_fof": {
                                "type": "string"
                            },
                            "virtual_network_size": {
                                "type": "string"
                            }
                        },
                        "type": "object"
                    }
                },
                "runAfter": {
                    "Get_Authorization_to_run_the_pipeline": [
                        "Succeeded"
                    ]
                },
                "type": "ParseJson"
            },
            "Variable_to_hold_runResult_of_the_pipeline": {
                "inputs": {
                    "variables": [
                        {
                            "name": "runResult",
                            "type": "string"
                        }
                    ]
                },
                "runAfter": {
                    "Variable_to_hold_runState_of_the_pipeline": [
                        "Succeeded"
                    ]
                },
                "type": "InitializeVariable"
            },
            "Variable_to_hold_runState_of_the_pipeline": {
                "description": "Initialize the Variable to hold the status of progress",
                "inputs": {
                    "variables": [
                        {
                            "name": "runState",
                            "type": "string"
                        }
                    ]
                },
                "runAfter": {
                    "Initialize_variable_for_capturing_Environment": [
                        "Succeeded"
                    ]
                },
                "type": "InitializeVariable"
            }
        },
        "contentVersion": "1.0.0.0",
        "outputs": {},
        "parameters": {},
        "triggers": {
            "manual": {
                "description": "SNOW - Entry Point - Dev Environment.",
                "inputs": {
                    "schema": {
                        "properties": {
                            "business_unit_acronym_and_name": {
                                "type": "string"
                            },
                            "cost_center": {
                                "type": "string"
                            },
                            "dev_qa": {
                                "type": "string"
                            },
                            "invp": {
                                "type": "string"
                            },
                            "number": {
                                "type": "string"
                            },
                            "opened": {
                                "type": "string"
                            },
                            "prod_dr": {
                                "type": "string"
                            },
                            "regional_location": {
                                "type": "string"
                            },
                            "requestor": {
                                "type": "string"
                            },
                            "requestors_email": {
                                "type": "string"
                            },
                            "state": {
                                "type": "string"
                            },
                            "sys_id": {
                                "type": "string"
                            },
                            "uat_fof": {
                                "type": "string"
                            },
                            "virtual_network_size": {
                                "type": "string"
                            }
                        },
                        "type": "object"
                    }
                },
                "kind": "Http",
                "operationOptions": "IncludeAuthorizationHeadersInOutputs",
                "type": "Request"
            }
        }
    },
    "parameters": {}
}