{
    "$schema": "https://schema.management.azure.com/schemas/2019-08-01/managementGroupDeploymentTemplate.json#",
    "contentVersion": "1.0.0.0",
    "parameters": {
        "roleName": {
            "type": "string",
            "metadata": {
                "description": "Required. Name of the custom RBAC role to be created."
            }
        },
        "resourceGroupName": {
            "type": "string",
            "defaultValue": "",
            "metadata": {
                "description": "Optional. Name of the Resource Group to deploy the custom role in. If no Resource Group name is provided, the module deploys at subscription level, therefore registers the custom RBAC role definition in the subscription."
            }
        },
        "roleDescription": {
            "type": "string",
            "defaultValue": "",
            "metadata": {
                "description": "Optional. Description of the custom RBAC role to be created."
            }
        },
        "actions": {
            "type": "array",
            "defaultValue": [
            ],
            "metadata": {
                "description": "Optional. List of allowed actions."
            }
        },
        "notActions": {
            "type": "array",
            "defaultValue": [
            ],
            "metadata": {
                "description": "Optional. List of denied actions."
            }
        },
        "dataActions": {
            "type": "array",
            "defaultValue": [
            ],
            "metadata": {
                "description": "Optional. List of allowed data actions."
            }
        },
        "notDataActions": {
            "type": "array",
            "defaultValue": [
            ],
            "metadata": {
                "description": "Optional. List of denied data actions."
            }
        },
        "managementGroupName": {
            "type": "string",
            "defaultValue": "",
            "metadata": {
                "description": "Mandatory. managementGroupName"
            }
        }
    },
    "variables": {
        "managementGroupId": "[concat('/providers/Microsoft.Management/managementGroups/', parameters('managementGroupName'))]"
    },
    "resources": [
        // Role Definitions on Management Group Scope
        {
            "name": "[guid(parameters('roleName'))]",
            "type": "Microsoft.Authorization/roleDefinitions",
            "apiVersion": "2018-01-01-preview",
            "condition": "[empty(parameters('resourceGroupName'))]",
            "properties": {
                "roleName": "[parameters('roleName')]",
                "description": "[parameters('roleDescription')]",
                "type": "customRole",
                "permissions": [
                    {
                        "actions": "[parameters('actions')]",
                        "notActions": "[parameters('notActions')]",
                        "dataActions": "[parameters('dataActions')]",
                        "notDataActions": "[parameters('notDataActions')]"
                    }
                ],
                "assignableScopes": [
                    "[variables('managementGroupId')]"
                ]
            }
        }
    ],
    "functions": [
    ],
    "outputs": {
    }
}