{
  "$schema": "https://schema.management.azure.com/schemas/2019-04-01/deploymentTemplate.json#",
  "contentVersion": "1.0.0.0",
  "parameters": {
    "metricQuery": {
      "type": "string",
      "metadata": {
        "description": "KQL Metric Query for Alert rules."
      }
    },
    "alertRuleName": {
      "type": "string",
      "metadata": {
        "description": "Azure Network Security Group Resource Name."
      }
    },
    "location": {
      "type": "string",
      "metadata": {
        "description": "deployment Location, Same as Log analytics Workspace resource group and Analytics Worksapce Name"
      }
    },

    "description": {
      "type": "string",
      "metadata": {
        "description": "Description of the alert and email subject line."
      }
    },
    "workspaceName": {
      "type": "string",
      "metadata": {
        "description": "Network Security Group Diagnostics Log Analytics Workspace information, Subscription Id, resource group and Analytics Worksapce Name"
      }
    },
    "trigger": {
      "type": "object",
      "metadata": {
        "description": "Alert trigger for threshold and Conditional Operatior"
      }
    },
    "severity": {
      "type": "int",
      "defaultValue": 2,
      "metadata": {
        "description": "ALert threshold and frequency duration in minutes"
      }
    },
    "frequency": {
      "type": "int",
      "defaultValue": 15,
      "metadata": {
        "description": "ALert threshold and frequency duration in minutes"
      }
    }
  },
  "variables": {},
  "resources": [
    {
      "type": "microsoft.insights/scheduledQueryRules",
      "apiVersion": "2018-04-16",
      "name": "[parameters('alertRuleName')]",
      "location": "[parameters('location')]",
      "tags": {},
      "dependson": [],
      "properties": {
        "description": "[parameters('description')]",
        "enabled": "true",
        "source": {
          "query": "[parameters('metricQuery')]",
          "dataSourceId": "[resourceId('Microsoft.OperationalInsights/workspaces',parameters('workspaceName'))]",
          "authorizedResources": [],
          "queryType": "ResultCount"
        },
        "schedule": {
          "frequencyInMinutes": "[parameters('frequency')]",
          "timeWindowInMinutes": "[parameters('frequency')]"
        },
        "action": {
          "odata.type": "Microsoft.WindowsAzure.Management.Monitoring.Alerts.Models.Microsoft.AppInsights.Nexus.DataContracts.Resources.ScheduledQueryRules.AlertingAction",
          "severity": "[parameters('severity')]",

          "aznsAction": {
            "actionGroup": [],
            "emailSubject": "",
            "customWebhookPayload": "{}"
          },
          "trigger": "[parameters('trigger')]",

          "throttleConsecutiveWindowCount": 0,
          "throttlingInMin": "[parameters('frequency')]",
          "timeAggregation": "Count"
        }
      }
    }
  ],
  "outputs": {
    "wks": {
      "type": "string",
      "value": "[resourceId('Microsoft.OperationalInsights/workspaces',parameters('workspaceName'))]"
    }
  }
}
