{
  "root": {
    "scope": "/providers/Microsoft.Management/managementGroups/Sandbox",
    "scopeDisplayName": "Sandbox",
    "policyAssignments": [
      {
        "name": "EventHubForASCdata",
        "displayName": "Deploy export to Event Hub for Azure Security Center alerts and recommendations - Sandbox Assignment",
        "description": "Enable export to Event Hub of Azure Security Center data. This policy deploys an export to Event Hub configuration with your conditions and target Event Hub on the assigned scope. To deploy this policy on newly created subscriptions, open the Compliance tab, select the relevant non-compliant assignment and create a remediation task.",
        "definitionId": "/providers/Microsoft.Authorization/policyDefinitions/cdfcce10-4578-4ecd-9703-530938e4abcb",
        "definitionDisplayName": "Deploy export to Event Hub for Azure Security Center data",
        "notScopes": [],
        "enforcementMode": "Default",
        "parameters": {
          "resourceGroupName": "ng-prd-eus2-centralmon-rg",
          "resourceGroupLocation": "eastus",
          "exportedDataTypes": [
            "Security alerts",
            "Security recommendations"
          ],
          "eventHubDetails": "/subscriptions/74d15849-ba7b-4be6-8ba1-330a178ba88d/resourcegroups/ng-pd-eus2-centralmon-rg/providers/microsoft.eventhub/namespaces/ng-pd-eus2-cehns-01/eventhubs/ng-pd-eus2-csecdiageh-01/authorizationrules/sendlistenaccess"
        },
        "managedIdentity": {
          "assignIdentity": true,
          "location": "eastus2"
        }
      },
      {
        "name": "ActivityLogToLAandEH",
        "displayName": "Azure Activity Logs Policy for a Log Analytics Workspace and Event Hub - Sandbox Assignment",
        "description": "This Custom policy Enables Diagnostic Settings and sends Azure Activity Logs to Log Analytics Workspace and Event Hub.",
        "definitionId": "/providers/Microsoft.Management/managementGroups/Sandbox/providers/Microsoft.Authorization/policyDefinitions/DeployActivityLogToLAandEH",
        "definitionDisplayName": "Azure Activity Logs Policy for a Log Analytics Workspace and Event Hub Definition",
        "notScopes": [],
        "enforcementMode": "Default",
        "parameters": {
          "logAnalytics": "/subscriptions/74d15849-ba7b-4be6-8ba1-330a178ba88d/resourcegroups/ng-pd-eus-centralmon-rg/providers/microsoft.operationalinsights/workspaces/ng-pd-eus-claw-01",
          "eventHubName": "ng-pd-eus2-csecdiageh-01",
          "eventHubAuthorizationRuleId": "/subscriptions/74d15849-ba7b-4be6-8ba1-330a178ba88d/resourcegroups/ng-pd-eus2-centralmon-rg/providers/microsoft.eventhub/namespaces/ng-pd-eus2-cehns-01/authorizationrules/rootmanagesharedaccesskey"
        },
        "managedIdentity": {
          "assignIdentity": true,
          "location": "eastus2"
        }
      },
      {
        "name": "LAWforASCalerts",
        "displayName": "Deploy export to Log Analytics workspace for Azure Security Center alerts and recommendations - Sandbox Assignment",
        "description": "Enable export to Log Analytics workspace of Azure Security Center data. This policy deploys an export to Log Analytics workspace configuration with your conditions and target workspace on the assigned scope. To deploy this policy on newly created subscriptions, open the Compliance tab, select the relevant non-compliant assignment and create a remediation task.",
        "definitionId": "/providers/Microsoft.Authorization/policyDefinitions/ffb6f416-7bd2-4488-8828-56585fef2be9",
        "definitionDisplayName": "Deploy export to Log Analytics workspace for Azure Security Center data",
        "notScopes": [],
        "enforcementMode": "Default",
        "parameters": {
          "resourceGroupName": "ng-prd-eus2-centralmon-rg",
          "resourceGroupLocation": "eastus",
          "workspaceResourceId": "/subscriptions/74d15849-ba7b-4be6-8ba1-330a178ba88d/resourcegroups/ng-pd-eus-centralmon-rg/providers/microsoft.operationalinsights/workspaces/ng-pd-eus-claw-01"
        },
        "managedIdentity": {
          "assignIdentity": true,
          "location": "eastus2"
        }
      }
    ],
    "policySetAssignments": [
      {
        "name": "DeployDiagnosticResource",
        "displayName": "Deploy Diagnostic Settings for Resources - Sandbox Assignment",
        "description": "Deploys the diagnostic settings for supported resources/",
        "definitionId": "/providers/Microsoft.Management/managementGroups/Sandbox/providers/Microsoft.Authorization/policySetDefinitions/DeployDiagnosticResources",
        "definitionDisplayName": "Deploy Diagnostics Settings for Resources",
        "notScopes": [],
        "enforcementMode": "Default",
        "parameters": {
          "effect": "DeployIfNotExists",
          "logAnalytics": "/subscriptions/74d15849-ba7b-4be6-8ba1-330a178ba88d/resourcegroups/ng-pd-eus-centralmon-rg/providers/microsoft.operationalinsights/workspaces/ng-pd-eus-claw-01",
          "metricsEnabled": "True"
        },
        "managedIdentity": {
          "assignIdentity": true,
          "location": "eastus2"
        }
      }
    ],
    "children": [
      {
        "scope": "/providers/Microsoft.Management/managementGroups/Sandbox-US",
        "scopeDisplayName": "US",
        "policyAssignments": [          
          {
            "name": "InheritTagsOnUSRgs",
            "displayName": "Inherit Required Tags From the Subscription to US Resource Groups - Sandbox US Assignment",
            "description": "This assignment is to make sure tags from parent subscription to resource groups are inherited",
            "definitionId": "/providers/Microsoft.Management/managementGroups/Sandbox/providers/Microsoft.Authorization/policyDefinitions/AddOrReplaceTagsOnRGFromSubscription-Sandbox-US",
            "definitionDisplayName": "Inherit the required tags from the subscription to rg",
            "notScopes": [],
            "enforcementMode": "Default",
            "parameters": {
              "effect": "modify",
              "tagApplicationID"     : "Application ID",
              "tagBusinessUnit"      : "Business Unit",
              "tagBusinessUnit1"      : "Business Unit 1",
              "tagCompanyCode"       : "Company Code",
              "tagCostCenter"        : "Cost Center",
              "tagEnvironment"       : "Environment",
              "tagFinOwner"          : "Financial Owner",
              "tagFinRTB"            : "Financial RTB",
              "tagInternalWorkOrder" : "Internal or Work Order",
              "tagOperationsCode"    : "Operations Code (WO)",
              "tagProjCode"          : "Project Code",
              "tagProjMng"           : "Project Manager",
              "tagProjectName"       : "Project Name",
              "tagRTBSupport"        : "RTB Support",
              "tagServiceOwner"      : "Service Owner"  
            },
            "managedIdentity": {
              "assignIdentity": true,
              "location": "eastus2"
            }
          },
          {
            "name": "InheritTagsOnUSResources",
            "displayName": "Inherit Required Tags From the Resource Groups to US Resources - Sandbox US Assignment",
            "description": "This assignment is to make sure tags from the Resource Groups to US Resources are inherited",
            "definitionId": "/providers/Microsoft.Management/managementGroups/Sandbox/providers/Microsoft.Authorization/policyDefinitions/InheritTagsFromResourceGroupsToResources-Sandbox-US",
            "definitionDisplayName": "Inherit the required tags from the Resource Groups to resources",
            "notScopes": [],
            "enforcementMode": "Default",
            "parameters": {
              "effect": "modify",
              "tagApplicationID"     : "Application ID",
              "tagBusinessUnit"      : "Business Unit",
              "tagBusinessUnit1"      : "Business Unit 1",
              "tagCompanyCode"       : "Company Code",
              "tagCostCenter"        : "Cost Center",
              "tagEnvironment"       : "Environment",
              "tagFinOwner"          : "Financial Owner",
              "tagFinRTB"            : "Financial RTB",
              "tagInternalWorkOrder" : "Internal or Work Order",
              "tagOperationsCode"    : "Operations Code (WO)",
              "tagProjCode"          : "Project Code",
              "tagProjMng"           : "Project Manager",
              "tagProjectName"       : "Project Name",
              "tagRTBSupport"        : "RTB Support",
              "tagServiceOwner"      : "Service Owner"  
            },
            "managedIdentity": {
              "assignIdentity": true,
              "location": "eastus2"
            }
          },
          {
            "name": "AppendTagsOnUSRgs",
            "displayName": "Append Required Tags From the Subscription to US Resource Groups - Sandbox US Assignment",
            "description": "This policy Append the tags that are required on all Resource groups in the US.",
            "definitionId": "/providers/Microsoft.Management/managementGroups/Sandbox/providers/Microsoft.Authorization/policyDefinitions/AppendTagsOnRGFromSubscription-Sandbox-US",
            "definitionDisplayName": "Append the required tags from the subscription to rg - us",
            "notScopes": [],
            "enforcementMode": "Default",
            "parameters": {
              "tagApplicationID"     : "Application ID",
              "tagBusinessUnit"      : "Business Unit",
              "tagBusinessUnit1"      : "Business Unit 1",
              "tagCompanyCode"       : "Company Code",
              "tagCostCenter"        : "Cost Center",
              "tagEnvironment"       : "Environment",
              "tagFinOwner"          : "Financial Owner",
              "tagFinRTB"            : "Financial RTB",
              "tagInternalWorkOrder" : "Internal or Work Order",
              "tagOperationsCode"    : "Operations Code (WO)",
              "tagProjCode"          : "Project Code",
              "tagProjMng"           : "Project Manager",
              "tagProjectName"       : "Project Name",
              "tagRTBSupport"        : "RTB Support",
              "tagServiceOwner"      : "Service Owner"
            },
            "managedIdentity": {
              "assignIdentity": false,
              "location": "eastus2"
            }
          },
          {
            "name": "AppendTagsOnUSResources",
            "displayName": "Append Required Tags From the Resource Groups to US Resources - Sandbox US Assignment",
            "description": "This policy Append the tags that are required on all Resource in the US.",
            "definitionId": "/providers/Microsoft.Management/managementGroups/Sandbox/providers/Microsoft.Authorization/policyDefinitions/AppendTagsOnResourcesFromResourceGroup-Sandbox-US",
            "definitionDisplayName": "Append the required tags from the Resource Group to Resources - us",
            "notScopes": [],
            "enforcementMode": "Default",
            "parameters": {
              "tagApplicationID"     : "Application ID",
              "tagBusinessUnit"      : "Business Unit",
              "tagBusinessUnit1"      : "Business Unit 1",
              "tagCompanyCode"       : "Company Code",
              "tagCostCenter"        : "Cost Center",
              "tagEnvironment"       : "Environment",
              "tagFinOwner"          : "Financial Owner",
              "tagFinRTB"            : "Financial RTB",
              "tagInternalWorkOrder" : "Internal or Work Order",
              "tagOperationsCode"    : "Operations Code (WO)",
              "tagProjCode"          : "Project Code",
              "tagProjMng"           : "Project Manager",
              "tagProjectName"       : "Project Name",
              "tagRTBSupport"        : "RTB Support",
              "tagServiceOwner"      : "Service Owner"
            },
            "managedIdentity": {
              "assignIdentity": false,
              "location": "eastus2"
            }
          }          
        ],        
        "policySetAssignments": [
          {
            "name": "DenyResourcesWOTagsUS",
            "displayName": "Deny Resources With Specific Tag Values Initiative - Sandbox US Assignment",
            "description": "This policy denies resources from being created with specific tag values like NA, N/A, blank, etc.",
            "definitionId": "/providers/Microsoft.Management/managementGroups/Sandbox/providers/Microsoft.Authorization/policySetDefinitions/DenyResourceWOTagsInitiativeUS",
            "definitionDisplayName": "Deny any tags that have any form of the words 'NA' within the tag value.",
            "notScopes": [],
            "enforcementMode": "Default",
            "parameters": {
              "effect": "Audit",
              "tagApplicationID"     : "Application ID",
              "tagBusinessUnit"      : "Business Unit",
              "tagBusinessUnit1"      : "Business Unit 1",
              "tagCompanyCode"       : "Company Code",
              "tagCostCenter"        : "Cost Center",
              "tagEnvironment"       : "Environment",
              "tagFinOwner"          : "Financial Owner",
              "tagFinRTB"            : "Financial RTB",
              "tagInternalWorkOrder" : "Internal or Work Order",
              "tagOperationsCode"    : "Operations Code (WO)",
              "tagProjCode"          : "Project Code",
              "tagProjMng"           : "Project Manager",
              "tagProjectName"       : "Project Name",
              "tagRTBSupport"        : "RTB Support",
              "tagServiceOwner"      : "Service Owner",
              "listofnotallowedtagValues":  [
                    "NA",
                    "#NA",
                    "NA#",
                    "N/A",
                    "#N/A",
                    "N/A#",
                    "n/a",
                    "#n/a",
                    "n/a#"
                ]
            }, 
            "managedIdentity": {
              "assignIdentity": false,
              "location": "eastus2"
            }
          }
        ],
        "children": []
      },
      {
        "scope": "/providers/Microsoft.Management/managementGroups/Sandbox-UK",
        "scopeDisplayName": "UK",
        "policyAssignments": [          
          {
            "name": "InheritTagsOnUKRgs",
            "displayName": "Inherit Required Tags From the Subscription to UK Resource Groups - Sandbox UK Assignment",
            "description": "This assignment is to make sure tags from parent subscription to resource groups are inherited",
            "definitionId": "/providers/Microsoft.Management/managementGroups/Sandbox/providers/Microsoft.Authorization/policyDefinitions/AddOrReplaceTagsOnRGFromSubscription-Sandbox-UK",
            "definitionDisplayName": "Inherit the required tags from the subscription to rg",
            "notScopes": [],
            "enforcementMode": "Default",
            "parameters": {
              "effect": "modify",
              "tagApplicationID"     : "Application ID",
              "tagBusinessUnit"      : "Business Unit",
              "tagBusinessUnit1"      : "Business Unit 1",
              "tagCompanyCode"       : "Company Code",
              "tagCostCenter"        : "Cost Center",
              "tagEnvironment"       : "Environment",
              "tagFinOwner"          : "Financial Owner",
              "tagFinRTB"            : "Financial RTB",
              "tagWBSCode"           : "WBS Code",
              "tagProjCode"          : "Project Code",
              "tagProjMng"           : "Project Manager",
              "tagProjectName"       : "Project Name",
              "tagRTBSupport"        : "RTB Support",
              "tagServiceOwner"      : "Service Owner"
            },
            "managedIdentity": {
              "assignIdentity": true,
              "location": "eastus2"
            }
          },    
          {
            "name": "InheritTagsOnUKResources",
            "displayName": "Inherit Required Tags From the Resource Groups to UK Resources - Sandbox UK Assignment",
            "description": "This assignment is to make sure tags from the Resource Groups to UK Resources are inherited",
            "definitionId": "/providers/Microsoft.Management/managementGroups/Sandbox/providers/Microsoft.Authorization/policyDefinitions/InheritTagsFromResourceGroupsToResources-Sandbox-UK",
            "definitionDisplayName": "Inherit the required tags from the Resource Groups to resources",
            "notScopes": [],
            "enforcementMode": "Default",
            "parameters": {
              "effect": "modify",
              "tagApplicationID"     : "Application ID",
              "tagBusinessUnit"      : "Business Unit",
              "tagBusinessUnit1"      : "Business Unit 1",
              "tagCompanyCode"       : "Company Code",
              "tagCostCenter"        : "Cost Center",
              "tagEnvironment"       : "Environment",
              "tagFinOwner"          : "Financial Owner",
              "tagFinRTB"            : "Financial RTB",
              "tagWBSCode"           : "WBS Code",
              "tagProjCode"          : "Project Code",
              "tagProjMng"           : "Project Manager",
              "tagProjectName"       : "Project Name",
              "tagRTBSupport"        : "RTB Support",
              "tagServiceOwner"      : "Service Owner"
            },
            "managedIdentity": {
              "assignIdentity": true,
              "location": "eastus2"
            }
          },
          {
            "name": "AppendTagsOnUKRgs",
            "displayName": "Append Required Tags From the Subscription to UK Resource Groups - Sandbox UK Assignment",
            "description": "This policy Append the tags that are required on all Resource groups in the UK.",
            "definitionId": "/providers/Microsoft.Management/managementGroups/Sandbox/providers/Microsoft.Authorization/policyDefinitions/AppendTagsOnRGFromSubscription-Sandbox-UK",
            "definitionDisplayName": "Append the required tags from the subscription to rg - uk",
            "notScopes": [],
            "enforcementMode": "Default",
            "parameters": {
              "tagApplicationID"     : "Application ID",
              "tagBusinessUnit"      : "Business Unit",
              "tagBusinessUnit1"      : "Business Unit 1",
              "tagCompanyCode"       : "Company Code",
              "tagCostCenter"        : "Cost Center",
              "tagEnvironment"       : "Environment",
              "tagFinOwner"          : "Financial Owner",
              "tagFinRTB"            : "Financial RTB",
              "tagWBSCode"           : "WBS Code",
              "tagProjCode"          : "Project Code",
              "tagProjMng"           : "Project Manager",
              "tagProjectName"       : "Project Name",
              "tagRTBSupport"        : "RTB Support",
              "tagServiceOwner"      : "Service Owner"
            },
            "managedIdentity": {
              "assignIdentity": false,
              "location": "eastus2"
            }
          },
          {
            "name": "AppendTagsOnUKResources",
            "displayName": "Append Required Tags From the Resource Groups to UK Resources - Sandbox UK Assignment",
            "description": "This policy Append the tags that are required on all Resource in the UK.",
            "definitionId": "/providers/Microsoft.Management/managementGroups/Sandbox/providers/Microsoft.Authorization/policyDefinitions/AppendTagsOnResourcesFromResourceGroup-Sandbox-UK",
            "definitionDisplayName": "Append the required tags from the Resource Group to Resources - uk",
            "notScopes": [],
            "enforcementMode": "Default",
            "parameters": {
              "tagApplicationID"     : "Application ID",
              "tagBusinessUnit"      : "Business Unit",
              "tagBusinessUnit1"      : "Business Unit 1",
              "tagCompanyCode"       : "Company Code",
              "tagCostCenter"        : "Cost Center",
              "tagEnvironment"       : "Environment",
              "tagFinOwner"          : "Financial Owner",
              "tagFinRTB"            : "Financial RTB",
              "tagWBSCode"           : "WBS Code",
              "tagProjCode"          : "Project Code",
              "tagProjMng"           : "Project Manager",
              "tagProjectName"       : "Project Name",
              "tagRTBSupport"        : "RTB Support",
              "tagServiceOwner"      : "Service Owner"
            },
            "managedIdentity": {
              "assignIdentity": false,
              "location": "eastus2"
            }
          }
        ],
        "policySetAssignments": [
          {
            "name": "DenyResourcesWOTagsUK",
            "displayName": "Deny Resources With Specific Tag Values Initiative Uk - Sandbox UK Assignment",
            "description": "This policy denies resources from being created with specific tag values like NA, N/A, blank, etc.",
            "definitionId": "/providers/Microsoft.Management/managementGroups/Sandbox/providers/Microsoft.Authorization/policySetDefinitions/DenyResourceWOTagsInitiativeUK",
            "definitionDisplayName": "Deny any tags that have any form of the words 'NA' within the tag value.",
            "notScopes": [],
            "enforcementMode": "Default",
            "parameters": {
              "effect": "Audit",
              "tagApplicationID"     : "Application ID",
              "tagBusinessUnit"      : "Business Unit",
              "tagBusinessUnit1"      : "Business Unit 1",
              "tagCompanyCode"       : "Company Code",
              "tagCostCenter"        : "Cost Center",
              "tagEnvironment"       : "Environment",
              "tagFinOwner"          : "Financial Owner",
              "tagFinRTB"            : "Financial RTB",
              "tagWBSCode"           : "WBS Code",
              "tagProjCode"          : "Project Code",
              "tagProjMng"           : "Project Manager",
              "tagProjectName"       : "Project Name",
              "tagRTBSupport"        : "RTB Support",
              "tagServiceOwner"      : "Service Owner",
              "listofnotallowedtagValues":  [
                    "NA",
                    "#NA",
                    "NA#",
                    "N/A",
                    "#N/A",
                    "N/A#",
                    "n/a",
                    "#n/a",
                    "n/a#"
                ]
            }, 
            "managedIdentity": {
              "assignIdentity": false,
              "location": "eastus2"
            }
          }
        ],
        "children": []
      }
    ]
  }
}
