{
    "$schema": "https://schema.management.azure.com/schemas/2019-04-01/deploymentTemplate.json#",
    "contentVersion": "1.0.0.0",
    "parameters": {
        "artifactsBaseUrl": {
            "type": "string",
            "metadata": {
                "artifactsBaseUrl": "/",
                "description": "The base URL for dependent assets"
            },
            "defaultValue": "https://catalogartifact.azureedge.net/publicartifacts/infoblox.infoblox-nios-for-860-578931ae-fe91-48d0-9e97-f4bea90139b4-vnios/Artifacts"
        },
        "location": {
            "type": "string",
            "defaultValue": "[ResourceGroup().Location]",
            "metadata": {
                "description": "Location of resources."
            }
        },
        "vmName": {
            "type": "string",
            "defaultValue": "CSR",
            "metadata": {
                "description": "Name for the Virtual Machine."
            }
        },
        "vmSize": {
            "type": "string",
            "metadata": {
                "description": "Size of the Virtual Machine."
            },
            "allowedValues": [
                "Standard_DS2",
                "Standard_DS2_v2",
                "Standard_DS3",
                "Standard_DS3_v2",
                "Standard_DS11_v2",
                "Standard_DS12_v2",
                "Standard_DS13_v2"
            ]
        },
        "niosModel": {
            "type": "string",
            "defaultValue": "cp-v1405",
            "metadata": {
                "description": "niosModel."
            },
            "allowedValues": [
                "IB-V825",
                "IB-V1425",
                "IB-V2225",
                "cp-v805",
                "cp-v1405",
                "cp-v2205"
            ]
        },
        "niosVersion": {
            "type": "string",
            "defaultValue": "latest",
            "metadata": {
                "description": "niosVersion"
            },
            "allowedValues": [
                "latest",
                "860.412613.0"
            ]
        },
        "adminPassword": {
            "type": "securestring",
            "metadata": {
                "description": "Password for the Virtual Machine."
            }
        },
        "virtualNetworkName": {
            "type": "string",
            "defaultValue": "NIOS_Network",
            "metadata": {
                "description": "VNet name"
            }
        },
        "virtualNetworkExistingRGName": {
            "type": "string",
            "defaultValue": "",
            "metadata": {
                "description": "Resource Group containing existing network"
            }
        },
        "virtualNetworkAddressPrefix": {
            "type": "string",
            "defaultValue": "",
            "metadata": {
                "description": "Virtual Network Address prefix"
            }
        },
        "vnetNewOrExisting": {
            "type": "string",
            "defaultValue": "",
            "metadata": {
                "description": "Identifies whether to use new or existing Virtual Network"
            }
        },
        "subnet1Name": {
            "type": "string",
            "defaultValue": "",
            "metadata": {
                "description": "Subnet 1 Name"
            }
        },
        "subnet1Prefix": {
            "type": "string",
            "defaultValue": "",
            "metadata": {
                "description": "Subnet 1 Prefix"
            }
        },
        "subnet1StartAddress": {
            "type": "string",
            "metadata": {
                "description": "Subnet 1 Starting IP Address"
            }
        },
        "subnet2Name": {
            "type": "string",
            "defaultValue": "",
            "metadata": {
                "description": "Subnet 2 Name"
            }
        },
        "subnet2Prefix": {
            "type": "string",
            "defaultValue": "",
            "metadata": {
                "description": "Subnet 2 Prefix"
            }
        },
        "subnet2StartAddress": {
            "type": "string",
            "metadata": {
                "description": "Subnet 2 Starting IP Address"
            }
        },
        "newStorageAccountName": {
            "type": "string",
            "metadata": {
                "description": "Unique Name for Storage Account where the Virtual Machine's disks will be placed."
            }
        },
        "storageAccountType": {
            "type": "string",
            "defaultValue": "Premium_LRS",
            "allowedValues": [
                "Premium_LRS"
            ],
            "metadata": {
                "description": "The type of storage account created."
            }
        },
        "storageAccountNewOrExisting": {
            "type": "string",
            "defaultValue": "new",
            "allowedValues": [
                "new",
                "existing"
            ],
            "metadata": {
                "description": "Identifies whether to use new or existing Storage Account"
            }
        },
        "storageAccountExistingRG": {
            "type": "string",
            "defaultValue": "",
            "metadata": {
                "description": "Resource Group containing existing storage account"
            }
        },
        "newStorageAccountForLogsName": {
            "type": "string",
            "metadata": {
                "description": "Unique Name for Storage Account where the Virtual Machine's boot diagnostics will be placed."
            }
        },
        "storageAccountForLogsType": {
            "type": "string",
            "defaultValue": "Standard_LRS",
            "allowedValues": [
                "Standard_LRS"
            ],
            "metadata": {
                "description": "The type of storage account created for boot diagnostics."
            }
        },
        "storageAccountForLogsNewOrExisting": {
            "type": "string",
            "defaultValue": "new",
            "allowedValues": [
                "new",
                "existing"
            ],
            "metadata": {
                "description": "Identifies whether to use new or existing Storage Account for boot diagnostics"
            }
        },
        "storageAccountForLogsNeedFix": {
            "type": "bool",
            "defaultValue": false,
            "allowedValues": [
                false,
                true
            ],
            "metadata": {
                "description": "Whether storage account for logs name should be appended by 'logs' or not"
            }
        },
        "storageAccountForLogsExistingRG": {
            "type": "string",
            "defaultValue": "",
            "metadata": {
                "description": "Resource Group containing existing storage account for boot diagnostics"
            }
        },
        "publicIPAddressName": {
            "type": "string",
            "defaultValue": "",
            "metadata": {
                "description": "Name of the Public IP Address"
            }
        },
        "publicIPDnsName": {
            "type": "string",
            "defaultValue": "niosdns",
            "metadata": {
                "description": "Unique DNS Prefix for the Public IP used to access the Virtual Machine."
            }
        },
        "publicIPNewOrExistingOrNone": {
            "type": "string",
            "defaultValue": "new",
            "allowedValues": [
                "new",
                "existing",
                "none"
            ],
            "metadata": {
                "description": "Indicates whether the Public IP is new or existing"
            }
        },
        "publicIPExistingRGName": {
            "type": "string",
            "defaultValue": "",
            "metadata": {
                "description": "Resource Group containing existing public IP"
            }
        },
        "availabilitySetNewOrExistingOrNone": {
            "type": "string",
            "defaultValue": "none",
            "allowedValues": [
                "new",
                "existing",
                "none"
            ],
            "metadata": {
                "description": "Indicates whether the availability Set IP is new, none or existing"
            }
        },
        "availabilitySetName": {
            "type": "string",
            "defaultValue": "",
            "metadata": {
                "description": "availability set name"
            }
        },
        "customData": {
            "type": "string",
            "defaultValue": "",
            "metadata": {
                "description": "Use space and '\n' symbols for indentation. Some custom data parameter are not available for Azure, please refer to Azure NIOS Guide for allowed parameters."
            }
        },
        "tempLicenseOption": {
            "type": "string",
            "defaultValue": "none",
            "allowedValues": [
                "none",
                "TE",
                "CP",
                "TE-SoT",
                "CP-SoT"
            ],
            "metadata": {
                "description": "Temporary license option."
            }
        }
    },
    "variables": {
        "imagePublisher": "infoblox",
        "imageOffer": "infoblox-vm-appliances-860",
        "imageSKU": "[if(contains(parameters('niosModel'), 'IB-V'), variables('imageSKUSoT-true'), variables('imageSKUSoT-false'))]",
        "imageSKUSoT-true": "vsot",
        "imageSKUSoT-false": "[parameters('niosModel')]",
        "tempLicense": "[if(equals(parameters('tempLicenseOption'), 'none'), '', if(equals(parameters('tempLicenseOption'), 'TE-SoT'), variables('tempLicense-TE-SoT'), variables('tempLicense-CP-SoT')))]",
        "tempLicense-TE-SoT": "[concat('nios ', parameters('niosModel'), ' enterprise dns cloud rpz')]",
        "tempLicense-CP-SoT": "[concat('nios ', parameters('niosModel'), ' enterprise dns cloud_api rpz')]",
        "version": "[parameters('niosVersion')]",
        "OSDiskName": "[concat(parameters('vmName'), uniqueString(resourceGroup().id))]",
        "vmStorageAccountContainerName": "disks",
        "vnetResourceId": "[if(equals(parameters('vnetNewOrExisting'), 'new'), variables('vnet-new'), variables('vnet-existing'))]",
        "vnet-new": "[resourceId('Microsoft.Network/virtualNetworks',parameters('virtualNetworkName'))]",
        "vnet-existing": "[resourceId(parameters('virtualNetworkExistingRGName'),'Microsoft.Network/virtualNetworks',parameters('virtualNetworkName'))]",
        "subnet1ResourceId": "[concat(variables('vnetResourceId'),'/subnets/',parameters('subnet1Name'))]",
        "subnet2ResourceId": "[concat(variables('vnetResourceId'),'/subnets/',parameters('subnet2Name'))]",
        "nsgName": "[concat(parameters('vmName'),'-securityGroup')]",
        "vnetNewParams": {
            "location": {
                "value": "[parameters('location')]"
            },
            "virtualNetworkName": {
                "value": "[parameters('virtualNetworkName')]"
            },
            "virtualNetworkAddressPrefix": {
                "value": "[parameters('virtualNetworkAddressPrefix')]"
            },
            "subnet1Name": {
                "value": "[parameters('subnet1Name')]"
            },
            "subnet1Prefix": {
                "value": "[parameters('subnet1Prefix')]"
            },
            "subnet2Name": {
                "value": "[parameters('subnet2Name')]"
            },
            "subnet2Prefix": {
                "value": "[parameters('subnet2Prefix')]"
            }
        },
        "publicIPExistingOrNone": "[replace(parameters('publicIPNewOrExistingOrNone'), 'new', 'existing')]",
        "publicIpResourceId": "[if(equals(parameters('publicIPNewOrExistingOrNone'), 'none'), '', if(equals(parameters('publicIPNewOrExistingOrNone'), 'new'), variables('publicIp-new'), variables('publicIp-existing')))]",
        "publicIp-new": "[resourceId('Microsoft.Network/publicIPAddresses',parameters('publicIPAddressName'))]",
        "publicIp-existing": "[resourceId(parameters('publicIPExistingRGName'),concat('Microsoft.Network','/','publicIPAddresses'),parameters('publicIPAddressName'))]",
        "publicIPAddressType": "Dynamic",
        "publicIPSetupURL": "[concat(parameters('artifactsBaseUrl'),'/publicip-',parameters('publicIPNewOrExistingOrNone'),'.json')]",
        "publicIPNewParams": {
            "location": {
                "value": "[parameters('location')]"
            },
            "publicIPAddressName": {
                "value": "[parameters('publicIPAddressName')]"
            },
            "publicIPAddressType": {
                "value": "[variables('publicIPAddressType')]"
            },
            "dnsPrefix": {
                "value": "[parameters('publicIPDnsName')]"
            }
        },
        "virtualNetworkSetupURL": "[concat(parameters('artifactsBaseUrl'),'/vnet-',parameters('vnetNewOrExisting'),'.json')]",
        "nicPrimaryName": "[concat(parameters('vmName'),'-lan1')]",
        "nicSecondaryName": "[concat(parameters('vmName'),'-mgmt')]",
        "nicPrimarySetupURL": "[concat(parameters('artifactsBaseUrl'),'/nic-pip',variables('publicIPExistingOrNone'),'.json')]",
        "nicSecondarySetupURL": "[concat(parameters('artifactsBaseUrl'),'/nic-pipnone.json')]",
        "nicprimaryNoneParams": {
            "location": {
                "value": "[parameters('location')]"
            },
            "nicName": {
                "value": "[variables('nicPrimaryName')]"
            },
            "IPAddress": {
                "value": "[parameters('subnet1StartAddress')]"
            },
            "subnetId": {
                "value": "[variables('subnet1ResourceId')]"
            },
            "networkSecurityGroupId": {
                "value": "[resourceId('Microsoft.Network/networkSecurityGroups', variables('nsgName'))]"
            }
        },
        "nicprimaryExistingParams": {
            "location": {
                "value": "[parameters('location')]"
            },
            "nicName": {
                "value": "[variables('nicPrimaryName')]"
            },
            "IPAddress": {
                "value": "[parameters('subnet1StartAddress')]"
            },
            "subnetId": {
                "value": "[variables('subnet1ResourceId')]"
            },
            "publicIPAddressId": {
                "value": "[variables('publicIpResourceId')]"
            },
            "networkSecurityGroupId": {
                "value": "[resourceId('Microsoft.Network/networkSecurityGroups', variables('nsgName'))]"
            }
        },
        "storageAccountForLogsName": "[if(parameters('storageAccountForLogsNeedFix'), variables('storageAccountForLogsNameNeedFix-true'), variables('storageAccountForLogsNameNeedFix-false'))]",
        "storageAccountForLogsNameNeedFix-true": "[concat(parameters('newStorageAccountForLogsName'), 'logs')]",
        "storageAccountForLogsNameNeedFix-false": "[parameters('newStorageAccountForLogsName')]",
        "storageAccountSetupURL": "[concat(parameters('artifactsBaseUrl'),'/storageAccount-',parameters('storageAccountNewOrExisting'),'.json')]",
        "storageAccountForLogsSetupURL": "[concat(parameters('artifactsBaseUrl'),'/storageAccount-',parameters('storageAccountForLogsNewOrExisting'),'.json')]",
        "storageAccountNewParams": {
            "location": {
                "value": "[parameters('location')]"
            },
            "storageAccountType": {
                "value": "[parameters('storageAccountType')]"
            },
            "storageAccountName": {
                "value": "[parameters('newStorageAccountName')]"
            }
        },
        "storageAccountExistingParams": {
            "storageAccountName": {
                "value": "[parameters('newStorageAccountName')]"
            },
            "storageAccountExistingRG": {
                "value": "[parameters('storageAccountExistingRG')]"
            }
        },
        "storageAccountForLogsNewParams": {
            "location": {
                "value": "[parameters('location')]"
            },
            "storageAccountType": {
                "value": "[parameters('storageAccountForLogsType')]"
            },
            "storageAccountName": {
                "value": "[variables('storageAccountForLogsName')]"
            }
        },
        "storageAccountForLogsExistingParams": {
            "storageAccountName": {
                "value": "[variables('storageAccountForLogsName')]"
            },
            "storageAccountExistingRG": {
                "value": "[parameters('storageAccountForLogsExistingRG')]"
            }
        },
        "customData": "[base64(concat('temp_license: ', variables('tempLicense'), '\n', 'default_admin_password: ', variables('sq'), replace(parameters('adminPassword'), variables('sq'), concat(variables('sq'), variables('sq'))), variables('sq'), '\n', parameters('customData')))]",
        "availabilitySetNewOrNone": "[replace(parameters('availabilitySetNewOrExistingOrNone'), 'existing', 'none')]",
        "availabilitySetExistingOrNone": "[replace(parameters('availabilitySetNewOrExistingOrNone'), 'new', 'existing')]",
        "availabilitySetNewParams": {
            "location": {
                "value": "[parameters('location')]"
            },
            "availabilitySetName": {
                "value": "[parameters('availabilitySetName')]"
            }
        },
        "availabilitySetSetupURL": "[concat(parameters('artifactsBaseUrl'),'/availabilityset-',variables('availabilitySetNewOrNone'),'.json')]",
        "sq": "'",
        "osProfile": {
            "computerName": "[parameters('vmName')]",
            "adminUsername": "[uniqueString(ResourceGroup().Id)]",
            "adminPassword": "[parameters('adminPassword')]",
            "customData": "[variables('customData')]"
        },
        "virtualMachineSetURL": "[concat(parameters('artifactsBaseUrl'),'/vm-availabilityset-', variables('availabilitySetExistingOrNone'),'.json')]"
    },
    "resources": [
        {
            "name": "pid-2dff6f71-ec4a-458a-86ba-a664cae1d62a-partnercenter",
            "type": "Microsoft.Resources/deployments",
            "apiVersion": "2020-10-01",
            "properties": {
                "mode": "Incremental",
                "template": {
                    "$schema": "https://schema.management.azure.com/schemas/2019-04-01/deploymentTemplate.json#",
                    "contentVersion": "1.0.0.0",
                    "resources": []
                }
            }
        },
        {
            "name": "SettingUpStorageAccount",
            "type": "Microsoft.Resources/deployments",
            "apiVersion": "2020-06-01",
            "properties": {
                "mode": "Incremental",
                "templateLink": {
                    "uri": "[variables('storageAccountSetupURL')]",
                    "contentVersion": "1.0.0.0"
                },
                "parameters": "[if(equals(parameters('storageAccountNewOrExisting'), 'new'), variables('storageAccountNewParams'), variables('storageAccountExistingParams'))]"
            }
        },
        {
            "name": "SettingUpStorageAccountForLogs",
            "type": "Microsoft.Resources/deployments",
            "apiVersion": "2020-06-01",
            "properties": {
                "mode": "Incremental",
                "templateLink": {
                    "uri": "[variables('storageAccountForLogsSetupURL')]",
                    "contentVersion": "1.0.0.0"
                },
                "parameters": "[if(equals(parameters('storageAccountForLogsNewOrExisting'), 'new'), variables('storageAccountForLogsNewParams'), variables('storageAccountForLogsExistingParams'))]"
            }
        },
        {
            "name": "SettingUpVirtualNetwork",
            "type": "Microsoft.Resources/deployments",
            "apiVersion": "2020-06-01",
            "properties": {
                "mode": "Incremental",
                "templateLink": {
                    "uri": "[variables('virtualNetworkSetupURL')]",
                    "contentVersion": "1.0.0.0"
                },
                "parameters": "[if(equals(parameters('vnetNewOrExisting'), 'new'), variables('vnetNewParams'), json('null'))]"
            }
        },
        {
            "name": "SettingUpPrimaryNic",
            "type": "Microsoft.Resources/deployments",
            "apiVersion": "2020-06-01",
            "dependsOn": [
            ],
            "properties": {
                "mode": "Incremental",
                "templateLink": {
                    "uri": "[variables('nicPrimarySetupURL')]",
                    "contentVersion": "1.0.0.0"
                },
                "parameters": "[if(equals(variables('publicIPExistingOrNone'), 'none'), variables('nicprimaryNoneParams'), variables('nicprimaryExistingParams'))]"
            }
        },
        {
            "name": "SettingUpSecondaryNic",
            "type": "Microsoft.Resources/deployments",
            "apiVersion": "2020-06-01",
            "dependsOn": [
            ],
            "properties": {
                "mode": "Incremental",
                "templateLink": {
                    "uri": "[variables('nicSecondarySetupURL')]",
                    "contentVersion": "1.0.0.0"
                },
                "parameters": {
                    "location": {
                        "value": "[parameters('location')]"
                    },
                    "nicName": {
                        "value": "[variables('nicSecondaryName')]"
                    },
                    "IPAddress": {
                        "value": "[parameters('subnet2StartAddress')]"
                    },
                    "subnetId": {
                        "value": "[variables('subnet2ResourceId')]"
                    },
                    "networkSecurityGroupId": {
                        "value": "[resourceId('Microsoft.Network/networkSecurityGroups', variables('nsgName'))]"
                    }
                }
            }
        },
        {
            "name": "SettingUpPublicIP",
            "type": "Microsoft.Resources/deployments",
            "apiVersion": "2020-06-01",
            "properties": {
                "mode": "Incremental",
                "templateLink": {
                    "uri": "[variables('publicIPSetupURL')]",
                    "contentVersion": "1.0.0.0"
                },
                "parameters": "[if(equals(parameters('publicIPNewOrExistingOrNone'), 'new'), variables('publicIPNewParams'), json('null'))]"
            }
        },
        {
            "name": "SettingUpAvailabilitySet",
            "type": "Microsoft.Resources/deployments",
            "apiVersion": "2020-06-01",
            "properties": {
                "mode": "Incremental",
                "templateLink": {
                    "uri": "[variables('availabilitySetSetupURL')]",
                    "contentVersion": "1.0.0.0"
                },
                "parameters": "[if(equals(parameters('availabilitySetNewOrExistingOrNone'), 'new'), variables('availabilitySetNewParams'), json('null'))]"
            }
        },
        {
            "name": "SettingUpVirtualMachine",
            "type": "Microsoft.Resources/deployments",
            "apiVersion": "2020-06-01",
            "dependsOn": [
                "[resourceId('Microsoft.Resources/deployments/', 'SettingUpStorageAccount')]",
                "[resourceId('Microsoft.Resources/deployments/', 'SettingUpStorageAccountForLogs')]",
                "[resourceId('Microsoft.Resources/deployments/', 'SettingUpPrimaryNic')]",
                "[resourceId('Microsoft.Resources/deployments/', 'SettingUpSecondaryNic')]",
                "[resourceId('Microsoft.Resources/deployments/', 'SettingUpAvailabilitySet')]"
            ],
            "properties": {
                "mode": "Incremental",
                "templateLink": {
                    "uri": "[variables('virtualMachineSetURL')]",
                    "contentVersion": "1.0.0.0"
                },
                "parameters": {
                    "vmName": {
                        "value": "[parameters('vmName')]"
                    },
                    "location": {
                        "value": "[parameters('location')]"
                    },
                    "plan": {
                        "value": {
                            "publisher": "[variables('imagePublisher')]",
                            "product": "[variables('imageOffer')]",
                            "name": "[variables('imageSKU')]"
                        }
                    },
                    "hardwareProfile": {
                        "value": {
                            "vmSize": "[parameters('vmSize')]"
                        }
                    },
                    "osProfile": {
                        "value": "[variables('osProfile')]"
                    },
                    "storageProfile": {
                        "value": {
                            "imageReference": {
                                "publisher": "[variables('imagePublisher')]",
                                "offer": "[variables('imageOffer')]",
                                "sku": "[variables('imageSKU')]",
                                "version": "[variables('version')]"
                            },
                            "osDisk": {
                                "name": "[variables('OSDiskName')]",
                                "vhd": {
                                    "uri": "[concat(reference('SettingUpStorageAccount').outputs.endpointURL.value, variables('vmStorageAccountContainerName'), '/', variables('OSDiskName'), '.vhd')]"
                                },
                                "caching": "ReadOnly",
                                "createOption": "FromImage"
                            }
                        }
                    },
                    "networkProfile": {
                        "value": {
                            "networkInterfaces": [
                                {
                                    "id": "[resourceId('Microsoft.Network/networkInterfaces/', variables('nicPrimaryName'))]",
                                    "properties": {
                                        "primary": true
                                    }
                                },
                                {
                                    "id": "[resourceId('Microsoft.Network/networkInterfaces/', variables('nicSecondaryName'))]",
                                    "properties": {
                                        "primary": false
                                    }
                                }
                            ]
                        }
                    },
                    "diagnosticsProfile": {
                        "value": {
                            "bootDiagnostics": {
                                "enabled": "true",
                                "storageUri": "[reference('SettingUpStorageAccountForLogs').outputs.endpointURL.value]"
                            }
                        }
                    }
                }
            }
        }
    ]
}