{
    "$schema": "https://schema.management.azure.com/schemas/2019-04-01/deploymentTemplate.json#",
    "contentVersion": "1.0.0.0",
    "parameters": {
      "workbookDisplayName": {
        "type": "string",
        "defaultValue": "Logic App",
        "metadata": {
          "description": "The friendly name for the workbook that is used in the Gallery or Saved List.  This name must be unique within a resource group."
        }
      },
      "workbookType": {
        "type": "string",
        "defaultValue": "workbook",
        "metadata": {
          "description": "The gallery that the workbook will been shown under. Supported values include workbook, tsg, etc. Usually, this is 'workbook'"
        }
      },
      "workbookSourceId": {
        "type": "string",
        "defaultValue": "Azure Monitor",
        "metadata": {
          "description": "The id of resource instance to which the workbook will be associated"
        }
      },
      "workbookId": {
        "type": "string",
        "defaultValue": "[newGuid()]",
        "metadata": {
          "description": "The unique guid for this workbook instance"
        }
    },
     "workbookserializedData": {
        "type": "string",
        "metadata": {
          "description": "The data"
        }
      }
    },
    "resources": [
      {
        "name": "[parameters('workbookId')]",
        "type": "microsoft.insights/workbooks",
        "location": "[resourceGroup().location]",
        "apiVersion": "2018-06-17-preview",
        "dependsOn": [],
        "kind": "shared",
        "properties": {
          "displayName": "[parameters('workbookDisplayName')]",
          "serializedData": "[parameters('workbookserializedData')]",
          "version": "1.0",
          "sourceId": "[parameters('workbookSourceId')]",
          "category": "[parameters('workbookType')]"
        }
      }
    ],
    "outputs": {
      "workbookId": {
        "type": "string",
        "value": "[resourceId( 'microsoft.insights/workbooks', parameters('workbookId'))]"
      }
    }
}