{
    "$schema": "https://schema.management.azure.com/schemas/2019-04-01/deploymentTemplate.json#",
    "contentVersion": "1.0.0.0",
    "parameters": {
        "actionruleName": {
            "defaultValue": "Action Rule created via ARM Template",
            "type": "String",
            "metadata": {
                "description": "Name for the Action Rule."
            }
        },
        "actionruleDescription": {
            "defaultValue": "Action rule created via ARM Template",
            "type": "String",
            "metadata": {
                "description": "Description for the Action Rule."
            }
        },
        "actionruleType": {
            "defaultValue": "Suppression",
            "type": "String",
            "allowedValues": [
                "Suppression",
                "ActionGroup"
            ],
            "metadata": {
                "description": "Type of action rule, either Suppression (Suppress alerts) or ActionGroup"
            }
        },
        "actionruleScope": {
            "defaultValue": "",
            "type": "String",
            "allowedValues": [
                "",
                "Resource",
                "ResourceGroup"
            ],
            "metadata": {
                "description": "Scope for the action rule leave empty for subscription, works with actionRuleScopeValues parameter."
            }
        },
        "actionruleScopeValues": {
            "type": "array",
            "defaultValue": [ "" ],
            "metadata": {
                "description": "Array of resource IDs, either Resource Group or Resource. Works when actionRuleScope is set to Resource or ResourceGroup."
            }
        },
        "actionruleStartDate": {
            "defaultValue": "12/12/2020",
            "type": "String",
            "metadata": {
                "description": "Start Date for the action rule to become active in MM/dd/YYYY notation"
            }
        },
        "actionruleEndDate": {
            "defaultValue": "12/12/2020",
            "type": "String",
            "metadata": {
                "description": "End Date for the action rule to become active in MM/dd/YYYY notation"
            }
        },
        "actionruleStartTime": {
            "defaultValue": "17:00:00",
            "type": "String",
            "metadata": {
                "description": "Start Time for the action rule to become active in 24 hour (UTC) notation"
            }
        },
        "actionruleEndTime": {
            "defaultValue": "19:00:00",
            "type": "String",
            "metadata": {
                "description": "End Time for the action rule to become active in 24 hour (UTC) notation"
            }
        },
        "actionruleRecurrenceType": {
            "defaultValue": "Once",
            "type": "String",
            "allowedValues": [
                "Once",
                "Daily",
                "Weekly",
                "Monthly",
                "Always"
            ],
            "metadata": {
                "description": "Decide if the action rule is active on a certain interval or always"
            }
        },
        "actionruleWeeklyRecurrence": {
            "defaultValue": [ "0" ],
            "type": "Array",
            "allowedValues": [
                "0",
                "1",
                "2",
                "3",
                "4",
                "5",
                "6"
            ],
            "metadata": {
                "description": "0 = Sunday, 1 = Monday and so on"
            }
        },
        "actionruleMonthlyRecurrence": {
            "defaultValue": [ "1" ],
            "type": "Array",
            "allowedValues": [
                "1",
                "2",
                "3",
                "4",
                "5",
                "6",
                "7",
                "8",
                "9",
                "10",
                "11",
                "12",
                "13",
                "14",
                "15",
                "16",
                "17",
                "18",
                "19",
                "20",
                "21",
                "22",
                "23",
                "24",
                "25",
                "26",
                "27",
                "28",
                "29",
                "30",
                "31"
            ],
            "metadata": {
                "description": "1 = First day of the month, 2 = Second day of the month and so on."
            }
        },
        "actionRuleConditions": {
            "type": "object",
            "defaultValue": {},
            "metadata": {
                "description": "Conditions for the action rule in object format."
            }
        },
        "actionRuleStatus": {
            "type": "string",
            "defaultValue": "Enabled",
            "allowedValues": [
                "Enabled",
                "Disabled"
            ],
            "metadata": {
                "description": "Enable or Disable the action rule."
            }
        },
        "actionGroupId": {
            "type": "string",
            "defaultValue": "",
            "metadata": {
                "description": "ResourceId of the action group. Only used when actionruleType is set to ActionGroup."
            }
        }
    },
    "variables": {
        "Resource": {
            "scopeType": "Resource",
            "values": "[parameters('actionruleScopeValues')]"
        },
        "ResourceGroup": {
            "scopeType": "ResourceGroup",
            "values": "[parameters('actionruleScopeValues')]"
        },
        "Once": {
            "recurrenceType": "Once",
            "schedule": {
                "startDate": "[parameters('actionruleStartDate')]",
                "endDate": "[parameters('actionruleEndDate')]",
                "startTime": "[parameters('actionruleStartTime')]",
                "endTime": "[parameters('actionruleEndTime')]"
            }
        },
        "Daily": {
            "recurrenceType": "Daily",
            "schedule": {
                "startDate": "[parameters('actionruleStartDate')]",
                "endDate": "[parameters('actionruleEndDate')]",
                "startTime": "[parameters('actionruleStartTime')]",
                "endTime": "[parameters('actionruleEndTime')]"
            }
        },
        "Weekly": {
            "recurrenceType": "Weekly",
            "schedule": {
                "startDate": "[parameters('actionruleStartDate')]",
                "endDate": "[parameters('actionruleEndDate')]",
                "startTime": "[parameters('actionruleStartTime')]",
                "endTime": "[parameters('actionruleEndTime')]",
                "recurrenceValues": "[parameters('actionruleWeeklyRecurrence')]"
            }
        },
        "Monthly": {
            "recurrenceType": "Monthly",
            "schedule": {
                "startDate": "[parameters('actionruleStartDate')]",
                "endDate": "[parameters('actionruleEndDate')]",
                "startTime": "[parameters('actionruleStartTime')]",
                "endTime": "[parameters('actionruleEndTime')]",
                "recurrenceValues": "[parameters('actionruleMonthlyRecurrence')]"
            }
        },
        "Always": {
            "recurrenceType": "Always"
        },
        "Suppression": {
            "status": "[parameters('actionRuleStatus')]",
            "type": "Suppression",
            "scope": "[if(or(equals(parameters('actionruleScope'),'Resource'),equals(parameters('actionruleScope'),'ResourceGroup')),variables(parameters('actionruleScope')),json('null'))]",
            "conditions": "[parameters('actionRuleconditions')]",
            "suppressionConfig": "[variables(parameters('actionruleRecurrenceType'))]",
            "description":"[parameters('actionruleDescription')]"
        },
        "ActionGroup": {
            "status": "[parameters('actionRuleStatus')]",
            "type": "ActionGroup",
            "scope": "[if(or(equals(parameters('actionruleScope'),'Resource'),equals(parameters('actionruleScope'),'ResourceGroup')),variables(parameters('actionruleScope')),json('null'))]",
            "conditions": "[parameters('actionRuleconditions')]",
            "actionGroupId": "[parameters('actionGroupId')]",
            "description":"[parameters('actionruleDescription')]"
        }
    },
    "resources": [
        {
            "type": "Microsoft.AlertsManagement/actionRules",
            "apiVersion": "2019-05-05-preview",
            "name": "[parameters('actionruleName')]",
            "location": "global",
            "properties": "[variables(parameters('actionruleType'))]"
        }
    ]
}