{
    "$schema": "https://schema.management.azure.com/schemas/2019-04-01/deploymentTemplate.json#",
    "contentVersion": "1.0.0.0",
    "parameters": {
        "scopes": {
            "type": "array",
            "metadata": {
                "description": "The list of resource id's that this scheduled query rule is scoped to."
            }
        },
        "alertRuleName": {
            "type": "string",
            "metadata": {
                "description": "Azure Network Security Group Resource Name."
            }
        },
        "location": {
            "type": "string",
            "metadata": {
                "description": "deployment Location"
            }
        },
        "description": {
            "type": "string",
            "metadata": {
                "description": "Description of the alert and email subject line."
            }
        },
        "actions": {
            "type": "array",
            "defaultValue": [
            ],
            "metadata": {
                "description": "Optional. The list of actions to take when alert triggers."
            }
        },
        "criteria": {
            "type": "array",
            "metadata": {
                "description": "The rule criteria that defines the conditions of the scheduled query rule"
            }
        },
        "severity": {
            "type": "int",
            "defaultValue": 2,
            "metadata": {
                "description": "ALert threshold and frequency duration in minutes"
            }
        },
        "evaluationFrequency": {
            "type": "string",
            "defaultValue": "PT15M",
            "metadata": {
                "description": "How often the scheduled query rule is evaluated represented in ISO 8601 duration format."
            }
        },
        "windowSize": {
            "type": "string",
            "defaultValue": "P1D",
            "metadata": {
                "description": "The period of time (in ISO 8601 duration format) on which the Alert query will be executed (bin size)."
            }
        }
    },
    "variables": {},
    "resources": [
        {
            "type": "microsoft.insights/scheduledqueryrules",
            "apiVersion": "2020-05-01-preview",
            "name": "[parameters('alertRuleName')]",
            "location": "[parameters('location')]",
            "tags": {},
            "properties": {
                "displayName": "[parameters('alertRuleName')]",
                "description": "[parameters('description')]",
                "severity": "[parameters('severity')]",
                "enabled": true,
                "evaluationFrequency": "[parameters('evaluationFrequency')]",
                "scopes": "[parameters('scopes')]",
                "windowSize": "[parameters('windowSize')]",
                "criteria": {
                    "allOf": "[parameters('criteria')]"
                },
                "autoMitigate": true,
                "actions": "[parameters('actions')]"
            }
        }
    ]
}