{
  "$schema": "https://schema.management.azure.com/schemas/2019-04-01/deploymentTemplate.json#",
  "contentVersion": "1.0.0.0",
  "parameters": {
    "vNetName": {
      "type": "string",
      "metadata": {
        "description": "Required. The Virtual Network (vNet) Name."
      }
    },

    "subnets": {
      "type": "array",
      "minLength": 1,
      "metadata": {
        "description": "Required. An Array of subnets to deploy to the Virual Network."
      }
    },

    "cuaId": {
      "type": "string",
      "defaultValue": "",
      "metadata": {
        "description": "Optional. Customer Usage Attribution id (GUID). This GUID must be previously registered"
      }
    }
  },
  "variables": {
    "subnetNamesToOutput": {
      "copy": [
        {
          "name": "subnetNamesOutput",
          "count": "[length(parameters('subnets'))]",
          "input": "[parameters('subnets')[copyIndex('subnetNamesOutput')].name]"
        }
      ]
    },
    "subnetIdsToOutput": {
      "copy": [
        {
          "name": "subnetIdsOutput",
          "count": "[length(parameters('subnets'))]",
          "input": "[resourceId('Microsoft.Network/virtualNetworks/subnets', parameters('vNetName'), parameters('subnets')[copyIndex('subnetIdsOutput')].name)]"
        }
      ]
    }
  },
  "resources": [
    {
      "condition": "[not(empty(parameters('cuaId')))]",
      "type": "Microsoft.Resources/deployments",
      "apiVersion": "2020-06-01",
      "name": "[concat('pid-', parameters('cuaId'))]",
      "properties": {
        "mode": "Incremental",
        "template": {
          "$schema": "https://schema.management.azure.com/schemas/2019-04-01/deploymentTemplate.json#",
          "contentVersion": "1.0.0.0",
          "resources": []
        }
      }
    },
    {
      "type": "Microsoft.Network/virtualNetworks/subnets",
      "apiVersion": "2020-07-01",
      "name": "[concat(parameters('vNetName'), '/',parameters('subnets')[copyIndex()].name)]",

      "copy": {
        "mode": "serial",
        "name": "subnets",
        "count": "[length(parameters('subnets'))]"
      },

      "properties": {
        "addressPrefix": "[parameters('subnets')[copyIndex()].addressPrefix]",
        "networkSecurityGroup": "[if(contains(parameters('subnets')[copyIndex()], 'networkSecurityGroupName'), if(empty(parameters('subnets')[copyIndex()].networkSecurityGroupName), json('null'), json(concat('{\"id\": \"', resourceId('Microsoft.Network/networkSecurityGroups', parameters('subnets')[copyIndex()].networkSecurityGroupName), '\"}'))), json('null'))]",
        "routeTable": "[if(contains(parameters('subnets')[copyIndex()], 'routeTableName'), if(empty(parameters('subnets')[copyIndex()].routeTableName), json('null'), json(concat('{\"id\": \"', resourceId('Microsoft.Network/routeTables', parameters('subnets')[copyIndex()].routeTableName), '\"}'))), json('null'))]",
        "serviceEndpoints": "[if(contains(parameters('subnets')[copyIndex()], 'serviceEndpoints'), if(empty(parameters('subnets')[copyIndex()].serviceEndpoints), json('null'), parameters('subnets')[copyIndex()].serviceEndpoints), json('null'))]",
        "delegations": "[if(contains(parameters('subnets')[copyIndex()], 'delegations'), if(empty(parameters('subnets')[copyIndex()].delegations), json('null'), parameters('subnets')[copyIndex()].delegations), json('null'))]",
        "natGateway": "[if(contains(parameters('subnets')[copyIndex()], 'natGatewayName'), if(empty(parameters('subnets')[copyIndex()].natGatewayName), json('null'), json(concat('{\"id\": \"', resourceId('Microsoft.Network/natGateways', parameters('subnets')[copyIndex()].natGatewayName), '\"}'))), json('null'))]",
        "privateEndpointNetworkPolicies": "[if(contains(parameters('subnets')[copyIndex()], 'privateEndpointNetworkPolicies'), if(empty(parameters('subnets')[copyIndex()].privateEndpointNetworkPolicies), json('null'), parameters('subnets')[copyIndex()].privateEndpointNetworkPolicies), json('null'))]",
        "privateLinkServiceNetworkPolicies": "[if(contains(parameters('subnets')[copyIndex()], 'privateLinkServiceNetworkPolicies'), if(empty(parameters('subnets')[copyIndex()].privateLinkServiceNetworkPolicies), json('null'), parameters('subnets')[copyIndex()].privateLinkServiceNetworkPolicies), json('null'))]"
      }
    }
  ],
  "functions": [],
  "outputs": {
    "vNetResourceGroup": {
      "type": "string",
      "value": "[resourceGroup().name]",
      "metadata": {
        "description": "The name of the Resource Group the Virtual Network was created in."
      }
    },
    "vNetResourceId": {
      "type": "string",
      "value": "[resourceId('Microsoft.Network/virtualNetworks', parameters('vNetName'))]",
      "metadata": {
        "description": "The Resource id of the Virtual Network deployed."
      }
    },
    "vNetName": {
      "type": "string",
      "value": "[parameters('vNetName')]",
      "metadata": {
        "description": "The name of the Virtual Network deployed."
      }
    },
    "subnetNames": {
      "type": "array",
      "value": "[variables('subnetNamesToOutput').subnetNamesOutput]",
      "metadata": {
        "description": "The Names of the Subnets deployed to the Virtual Network."
      }
    },
    "subnetIds": {
      "type": "array",
      "value": "[variables('subnetIdsToOutput').subnetIdsOutput]",
      "metadata": {
        "description": "The Resource Ids of the Subnets deployed to the Virtual Network."
      }
    }
  }
}
