{
    "$schema": "http://schema.management.azure.com/schemas/2015-01-01/deploymentTemplate.json#",
    "contentVersion": "1.0.0.0",
    "parameters": {
        "keyVaultName": {
            "type": "string",
            "minLength": 1,
            "metadata": {
                "description": "Required. Name of the Azure Key Vault"
            }
        },
        "accessPolicies": {
            "type": "array",
            "defaultValue": [],
            "metadata": {
                "description": "Optional. Array of access policies object"
            }
        },
        "secretsObject": {
            "type": "secureObject",
            "defaultValue": {
                "secrets": []
            },
            "metadata": {
                "description": "Optional. All secrets [{\"secretName\":\"\",\"secretValue\":\"\"} wrapped in a secure object]"
            }
        },
        "enableVaultForDeployment": {
            "type": "bool",
            "defaultValue": true,
            "allowedValues": [
                true,
                false
            ],
            "metadata": {
                "description": "Optional. Specifies if the vault is enabled for deployment by script or compute"
            }
        },
        "enableVaultForTemplateDeployment": {
            "type": "bool",
            "defaultValue": true,
            "allowedValues": [
                true,
                false
            ],
            "metadata": {
                "description": "Optional. Specifies if the vault is enabled for a template deployment"
            }
        },
        "enablePurgeProtection": {
            "type": "bool",
            "defaultValue": false,
            "allowedValues": [
                true,
                false
            ],
            "metadata": {
                "description": "Optional. Specifies if the vault is enabled for a Purge Protection"
            }
        },
        "enableSoftDelete": {
            "type": "bool",
            "defaultValue": true,
            "allowedValues": [
                true,
                false
            ],
            "metadata": {
                "description": "Optional. Specifies if the vault is enabled for a Soft Delete"
            }
        },
        "enableVaultForDiskEncryption": {
            "type": "bool",
            "defaultValue": true,
            "allowedValues": [
                true,
                false
            ],
            "metadata": {
                "description": "Optional. Specifies if the azure platform has access to the vault for enabling disk encryption scenarios."
            }
        },
        "lockForDeletion": {
            "type": "bool",
            "defaultValue": true,
            "metadata": {
                "description": "Optional. Switch to lock Key Vault from deletion."
            }
        },
        "vaultSku": {
            "type": "string",
            "defaultValue": "Premium",
            "allowedValues": [
                "Premium",
                "Standard"
            ],
            "metadata": {
                "description": "Optional. Specifies the SKU for the vault"
            }
        },
        "networkAcls": {
            "type": "object",
            "defaultValue": {},
            "metadata": {
                "description": "Optional. Service endpoint object information"
            }
        },
        "vNetId": {
            "type": "string",
            "defaultValue": "",
            "metadata": {
                "description": "Optional. Virtual Network resource identifier, if networkAcls is passed, this value must be passed as well"
            }
        },
        "location": {
            "type": "string",
            "defaultValue": "[resourceGroup().location]",
            "metadata": {
                "description": "Optional. Location for all resources."
            }
        }
    },
    "variables": {
        "deployServiceEndpoint": "[not(empty(parameters('networkAcls')))]",
         "subnetid1": "[concat('/subscriptions/',subscription().subscriptionId,'/resourceGroups/',split(subscription().displayName,'-')[1],'-',split(subscription().displayName,'-')[2],'-',split(resourceGroup().name,'-')[2],'-spokenetwork-rg/providers/Microsoft.Network/virtualNetworks/',split(subscription().displayName,'-')[1],'-',split(subscription().displayName,'-')[2],'-',split(resourceGroup().name,'-')[2],'-vnet-',split(subscription().displayName,'-')[3],'/subnets/','lz',split(subscription().displayName,'-')[1],'-',split(subscription().displayName,'-')[2],'-',split(resourceGroup().name,'-')[2],'-data-snet-',split(subscription().displayName,'-')[3])]",
         "subnetid2": "[concat('/subscriptions/',subscription().subscriptionId,'/resourceGroups/',split(subscription().displayName,'-')[1],'-',split(subscription().displayName,'-')[2],'-',split(resourceGroup().name,'-')[2],'-spokenetwork-rg/providers/Microsoft.Network/virtualNetworks/',split(subscription().displayName,'-')[1],'-',split(subscription().displayName,'-')[2],'-',split(resourceGroup().name,'-')[2],'-vnet-',split(subscription().displayName,'-')[3],'/subnets/','lz',split(subscription().displayName,'-')[1],'-',split(subscription().displayName,'-')[2],'-',split(resourceGroup().name,'-')[2],'-webapp-snet-',split(subscription().displayName,'-')[3])]",
  "virtualNetworkRules": [
                {
                            "id": "[variables('subnetid1')]",
                            "action": "Allow"

                        },
                         {
                            "id": "[variables('subnetid2')]",
                            "action": "Allow"

                        }
        ],
        "networkAcls": {
            "bypass": "[if(not(variables('deployServiceEndpoint')), json('null'), parameters('networkAcls').bypass)]",
            "defaultAction": "[if(not(variables('deployServiceEndpoint')), json('null'), parameters('networkAcls').defaultAction)]",
            "virtualNetworkRules": "[variables('virtualNetworkRules')]",
            "ipRules": "[if(not(variables('deployServiceEndpoint')), json('null'), if(equals(length(parameters('networkAcls').ipRules), 0), variables('emptyArray'), parameters('networkAcls').ipRules))]"
        },
        "emptyArray": []
    },
    "resources": [
        {
            "type": "Microsoft.KeyVault/vaults",
            "apiVersion": "2018-02-14",
            "name": "[parameters('keyVaultName')]",
            "location": "[parameters('location')]",
            "tags": {
                "displayName": "KeyVault"
            },
            "properties": {
                "enabledForDeployment": "[parameters('enableVaultForDeployment')]",
                "enabledForTemplateDeployment": "[parameters('enableVaultForTemplateDeployment')]",
                "enabledForDiskEncryption": "[parameters('enableVaultForDiskEncryption')]",
                "enableSoftDelete": "[parameters('enableSoftDelete')]",
                "enablePurgeProtection": "[parameters('enablePurgeProtection')]",
                "tenantId": "[subscription().tenantId]",
                "accessPolicies": "[parameters('accessPolicies')]",
                "sku": {
                    "name": "[parameters('vaultSku')]",
                    "family": "A"
                },
                "networkAcls": "[if(not(variables('deployServiceEndpoint')), json('null'), variables('networkAcls'))]"
            },
            "resources": [
                {
                    "type": "providers/locks",
                    "apiVersion": "2016-09-01",
                    "condition": "[parameters('lockForDeletion')]",
                    "name": "Microsoft.Authorization/keyVaultDoNotDelete",
                    "dependsOn": [
                        "[concat('Microsoft.KeyVault/vaults/', parameters('keyVaultName'))]"
                    ],
                    "comments": "Resource lock on Azure Key Vault",
                    "properties": {
                        "level": "CannotDelete"
                    }
                }
            ]
        },
        {
            "type": "Microsoft.KeyVault/vaults/secrets",
            "apiVersion": "2015-06-01",
            "condition": "[not(empty(parameters('secretsObject').secrets))]",
            "name": "[if(empty(parameters('secretsObject').secrets), concat(parameters('keyVaultName'), '/', 'dummy'), concat(parameters('keyVaultName'), '/', parameters('secretsObject').secrets[copyIndex()].secretName))]",
            "properties": {
                "value": "[parameters('secretsObject').secrets[copyIndex()].secretValue]"
            },
            "dependsOn": [
                "[concat('Microsoft.KeyVault/vaults/', parameters('keyVaultName'))]"
            ],
            "copy": {
                "name": "secretsCopy",
                "count": "[length(parameters('secretsObject').secrets)]"
            }
        }
    ],
    "outputs": {
        "keyVaultResourceId": {
            "type": "string",
            "value": "[resourceId('Microsoft.KeyVault/vaults', parameters('keyVaultName'))]",
            "metadata": {
                "description": "The Resource Id of the Key Vault."
            }
        },
        "keyVaultResourceGroup": {
            "type": "string",
            "value": "[resourceGroup().name]",
            "metadata": {
                "description": "The name of the Resource Group the Key Vault was created in."
            }
        },
        "keyVaultName": {
            "type": "string",
            "value": "[parameters('keyVaultName')]",
            "metadata": {
                "description": "The Name of the Key Vault."
            }
        },
        "keyVaultUrl": {
            "type": "string",
            "value": "[reference(resourceId('Microsoft.KeyVault/vaults', parameters('keyVaultName')),'2016-10-01').vaultUri]",
            "metadata": {
                "description": "The URL of the Key Vault."
            }
        }
    }
}