{
    "name": "AISearchInitiativeDef",
    "displayName": "AI Search Services Initiative",
    "description":  "AI Search Services Initiative contains three policies",
    "metadata": {
      "category": "Azure AI Search Services",
      "version": "1.0.0"
    },
  "parameters": {
    "ee980b6d-0eca-4501-8d54-f6290fd512c3": {
              "type": "string",
              "metadata": {
                  "displayName": "AI Search Services disable public network access"
              },   
              "defaultValue": "Deny",         
              "allowedValues": [
                "Audit",
                "Deny"
              ]
          },
          "6300012e-e9a4-4649-b41f-a85f5c43be91": {
              "type": "string",
              "metadata": {
                  "displayName": "AI Search Services local authentication methods - Audit"
              },   
              "defaultValue": "Audit",         
              "allowedValues": [
                "Audit",
                "Disabled"
              ]
          },
          "4eb216f2-9dba-4979-86e6-5d7e63ce3b75": {
            "type": "string",
            "metadata": {
                "displayName": "AI Search Services local authentication methods - Modify"
            },   
            "defaultValue": "Modify",         
            "allowedValues": [
              "Modify",
              "Disabled"
            ]
        }
    },
  
    "policyDefinitions": [
      {
        "policyDefinitionReferenceId": "AI Search Services to disable public network access",
        "policyDefinitionId": "/providers/Microsoft.Authorization/policyDefinitions/ee980b6d-0eca-4501-8d54-f6290fd512c3",
        "parameters": {
            "effect": {
              "value": "[parameters('ee980b6d-0eca-4501-8d54-f6290fd512c3')]"
            }
        },
        "groupNames": []
      },
      {
        "policyDefinitionReferenceId": "AI Search Services should have local authentication methods - Audit",
        "policyDefinitionId": "/providers/Microsoft.Authorization/policyDefinitions/6300012e-e9a4-4649-b41f-a85f5c43be91",
        "parameters": {
            "effect": {
              "value": "[parameters('6300012e-e9a4-4649-b41f-a85f5c43be91')]"
            }
        },
        "groupNames": []
      },
      {
        "policyDefinitionReferenceId": "AI Search Services should have local authentication methods - Modify",
        "policyDefinitionId": "/providers/Microsoft.Authorization/policyDefinitions/4eb216f2-9dba-4979-86e6-5d7e63ce3b75",
        "parameters": {
            "effect": {
              "value": "[parameters('4eb216f2-9dba-4979-86e6-5d7e63ce3b75')]"
            }
        },
        "groupNames": []
      }
      
        ]
  }