{
  "name": "APIMInitiativeDefinition",
  "displayName": "Azure API Management Service Initiative",
  "description": "Azure API Management Service Initiative",
  "metadata": {
    "category": "API Management",
    "version": "1.0.0"
  },
  "parameters": {},
  "policyDefinitions": [
    {
      "policyDefinitionReferenceId": "API Management services should be provisioned internal only",
      "policyDefinitionId": "/providers/Microsoft.Management/managementGroups/Global/providers/Microsoft.Authorization/policyDefinitions/APIMgmtInternalOnly",
      "parameters": {
        "effect": {
          "value": "Deny"
        }
      },
      "groupNames": []
    },
    {
      "policyDefinitionReferenceId": "API Management minimum API version should be set to 2019-12-01 or higher",
      "policyDefinitionId": "/providers/Microsoft.Authorization/policyDefinitions/549814b6-3212-4203-bdc8-1548d342fb67",
      "parameters": {
        "effect": {
          "value": "Audit"
        }
      },
      "groupNames": []
    },
    {
      "policyDefinitionReferenceId": "API Management secret named values should be stored in Azure Key Vault",
      "policyDefinitionId": "/providers/Microsoft.Authorization/policyDefinitions/f1cc7827-022c-473e-836e-5a51cae0b249",
      "parameters": {
        "effect": {
          "value": "Audit"
        }
      },
      "groupNames": []
    },
    {
      "policyDefinitionReferenceId": "API Management should have username and password authentication disabled",
      "policyDefinitionId": "/providers/Microsoft.Authorization/policyDefinitions/ffe25541-3853-4f4e-b71d-064422294b11",
      "parameters": {
        "effect": {
          "value": "Audit"
        }
      },
      "groupNames": []
    },
    {
      "policyDefinitionReferenceId": "Azure API Management platform version should be stv2",
      "policyDefinitionId": "/providers/Microsoft.Authorization/policyDefinitions/1dc2fc00-2245-4143-99f4-874c937f13ef",
      "parameters": {
        "effect": {
          "value": "Deny"
        }
      },
      "groupNames": []
    },
    {
      "policyDefinitionReferenceId": "API Management calls to API backends should not bypass certificate thumbprint or name validation",
      "policyDefinitionId": "/providers/Microsoft.Authorization/policyDefinitions/92bb331d-ac71-416a-8c91-02f2cb734ce4",
      "parameters": {
        "effect": {
          "value": "Audit"
        }
      },
      "groupNames": []
    },
    {
      "policyDefinitionReferenceId": "API Management APIs should use only encrypted protocols",
      "policyDefinitionId": "/providers/Microsoft.Authorization/policyDefinitions/ee7495e7-3ba7-40b6-bfee-c29e22cc75d4",
      "parameters": {
        "effect": {
          "value": "Audit"
        }
      },
      "groupNames": []
    }
  ]
}
