{
    "name": "AppConfigInitiative",
    "displayName": "App Configuration Security Initiative",
    "description": "App Configuration Security Initiative",
    "metadata": {
      "category": "App Configuration",
      "version": "1.0.0"
    },
    "parameters": {},
    "policyDefinitions": [
      {
        "policyDefinitionReferenceId": "App Configuration should disable public network access",
        "policyDefinitionId": "/providers/Microsoft.Authorization/policyDefinitions/3d9f5e4c-9947-4579-9539-2a7695fbc187",
        "parameters": {
          "effect": {
            "value": "Deny"
          }
        },
        "groupNames": []
      }
    ]
  }
  