{
  "name": "appserviceinitDefinition",
  "displayName": "Azure APP Service Initiative",
  "description": "Azure APP Service Initiative",
  "metadata": {
    "category": "APP Service",
    "version": "1.0.0"
  },
  "parameters": {},
  "policyDefinitions": [
    {
      "policyDefinitionReferenceId": "Ensure API, Function, and Web Apps has 'Client Certificates (Incoming client certificates)' set to 'On'",
      "policyDefinitionId": "/providers/Microsoft.Management/managementGroups/Global/providers/Microsoft.Authorization/policyDefinitions/EnsureAppServiceCertSetOn",
      "parameters": {
        "effect": {
          "value": "Audit"
        }
      },
      "groupNames": []
    }
  ]
}
