{
    "name": "AuditRoleDefInitiative",
    "displayName": "Audit Role Definition Initiative",
    "description": "Audit multiple Role Definitions in different subscriptions.",
    "metadata": {
        "category": "Security"
    },
    "parameters": {},
    "policyDefinitions": [
        {
            "policyDefinitionReferenceId": "Audit Owner Role on Prod subscriptions.",
            "policyDefinitionId": "/providers/Microsoft.Management/managementGroups/Global/providers/Microsoft.Authorization/policyDefinitions/AuditRoleDefOnProd",
            "parameters": {
                "roleDef": {
                    "value": "8e3af657-a8ff-443c-a75c-2fe8c4bcb635"
                }
            }
        },
        {
            "policyDefinitionReferenceId": "Audit Owner Role on NonProd subscriptions.",
            "policyDefinitionId": "/providers/Microsoft.Management/managementGroups/Global/providers/Microsoft.Authorization/policyDefinitions/AuditRoleDefNonProd",
            "parameters": {
                "roleDef": {
                    "value": "8e3af657-a8ff-443c-a75c-2fe8c4bcb635"
                }
            }
        },
        {
            "policyDefinitionReferenceId": "Audit Contributor Role on Prod subscriptions.",
            "policyDefinitionId": "/providers/Microsoft.Management/managementGroups/Global/providers/Microsoft.Authorization/policyDefinitions/AuditRoleDefOnProd",
            "parameters": {
                "roleDef": {
                    "value": "b24988ac-6180-42a0-ab88-20f7382dd24c"
                }
            }
        }
    ]
}
