{
    "name": "BatchAccountInitiativeDefinition",
    "displayName": "Batch Account Initiative Definition",
    "description": "This initiative definition contains multiple Batch Account policies",
    "metadata": {
        "category": "Data Explorer",
        "version": "1.0.0"
    },
    "parameters": {
        "74c5a0ae-5e48-4738-b093-65e23a060488": {
            "type": "string",
            "metadata": {
                "displayName": "Effect for - Public network access on Azure Batch Accounts should be disabled"
            },
            "defaultValue": "Deny",
            "allowedValues": [
                "Audit",
                "Deny",
                "Disabled"
            ]
        },
        "c520cefc-285f-40f3-86e2-2efc38ef1f64": {
            "type": "string",
            "metadata": {
                "displayName": "Effect for - Configure Azure Batch Accounts to disable public network access"
            },
            "defaultValue": "Modify",
            "allowedValues": [
                "Disabled",
                "Modify"
            ]
        }
    },
    "policyDefinitions": [
        {
            "policyDefinitionReferenceId": "Public network access on Azure Batch Accounts should be disabled",
            "policyDefinitionId": "/providers/Microsoft.Authorization/policyDefinitions/74c5a0ae-5e48-4738-b093-65e23a060488",
            "parameters": {
                "effect": {
                    "value": "[parameters('74c5a0ae-5e48-4738-b093-65e23a060488')]"
                }
            }
        },
        {
            "policyDefinitionReferenceId": "Configure Azure Batch Accounts to disable public network access",
            "policyDefinitionId": "/providers/Microsoft.Authorization/policyDefinitions/c520cefc-285f-40f3-86e2-2efc38ef1f64",
            "parameters": {
                "effect": {
                    "value": "[parameters('c520cefc-285f-40f3-86e2-2efc38ef1f64')]"
                }
            }
        }
    ]
}