{
    "name": "CogServiceInitiativeDef",
    "displayName": "Cognitive Services Initiative",
    "description":  "Cognitive Services Initiative contains three policies",
    "metadata": {
      "category": "Azure Cognitive Services",
      "version": "1.0.0"
    },
  "parameters": {
    "effect": {
      "type": "String",
      "metadata": {
          "displayName": "Effect",
          "description": "Enable or disable the execution of the policy"
      }
  },

      "cddd188c-4b82-4c48-a19d-ddf74ee66a01": {
              "type": "string",
              "metadata": {
                  "displayName": "Cognitive Services should use private link"
              },   
              "defaultValue": "Audit",         
              "allowedValues": [
                "Audit",
                "Disabled"
              ]
          }
    },
  
    "policyDefinitions": [
      {
        "policyDefinitionReferenceId": "Configure Cognitive Services accounts to disable public network access",
        "policyDefinitionId": "/providers/Microsoft.Management/managementGroups/Global/providers/Microsoft.Authorization/policyDefinitions/CogServicesDiasablePublicAccess",
        "parameters": {
            "effect": {
              "value": "[parameters('effect')]"
            }
        },
        "groupNames": []
      },
      {
        "policyDefinitionReferenceId": "Cognitive Services accounts should use a managed identity",
        "policyDefinitionId": "/providers/Microsoft.Management/managementGroups/Global/providers/Microsoft.Authorization/policyDefinitions/CogServicesRequiresManagedIdentity",
        "parameters": {
            "effect": {
              "value": "[parameters('effect')]"
            }
        },
        "groupNames": []
      },
      {
        "policyDefinitionReferenceId": "Cognitive Services should use private link",
        "policyDefinitionId": "/providers/Microsoft.Authorization/policyDefinitions/cddd188c-4b82-4c48-a19d-ddf74ee66a01",
        "parameters": {
           "effect": {
              "value": "[parameters('cddd188c-4b82-4c48-a19d-ddf74ee66a01')]"
          }
        },
        "groupNames": []
      }
        ]
  }