{
    "name": "ContainerAppsInitiative",
    "displayName": "Container Apps Initiative",
    "description": "Policies Related to Container Apps",
    "metadata": {
        "category": "Security"
    },
    "parameters": {
        "effect": {
                "type": "String",
                "metadata": {
                    "displayName": "Effect",
                    "description": "Enable or disable the execution of the policy."
                },
                "allowedValues": [
                    "Deny",
                    "Audit"
                ],
                "defaultValue": "Deny"
            }
        },
    "policyDefinitions": [
        {
            "policyDefinitionReferenceId": "Container App environments should use network injection.",
            "policyDefinitionId": "/providers/Microsoft.Authorization/policyDefinitions/8b346db6-85af-419b-8557-92cee2c0f9bb",
            "parameters": {
                "effect": {
                    "value": "Deny"
                }
            }
        },
        {
            "policyDefinitionReferenceId": "Container Apps environment should disable public network access.",
            "policyDefinitionId": "/providers/Microsoft.Authorization/policyDefinitions/d074ddf8-01a5-4b5e-a2b8-964aed452c0a",
            "parameters": {
                "effect": {
                    "value": "Deny"
                }
            }
        }
    ]
}