{
    "name": "CosmosDBSecurityInitiativeDefinition",
    "displayName": "CosmosDB Security Initiative Definition",
    "description": "This initiative definition contains multiple CosmosDB security policies",
    "metadata": {
        "category": "Azure CosmosDB",
        "version": "1.0.0"
    },
    "parameters": {},
    "policyDefinitions": [
        {
            "policyDefinitionReferenceId": "Azure Cosmos DB accounts should have firewall rules",
            "policyDefinitionId": "/providers/Microsoft.Management/managementGroups/Global/providers/Microsoft.Authorization/policyDefinitions/CosmosDBFWRule",
            "parameters": {}

            
        },
        {
            "policyDefinitionReferenceId": "Azure Cosmos DB should disable public network access",
            "policyDefinitionId": "/providers/Microsoft.Authorization/policyDefinitions/797b37f7-06b8-444c-b1ad-fc62867f335a",
            "parameters": {
                "effect": {
                    "value": "Deny"
                    }
            }
            
        },
        {
            "policyDefinitionReferenceId": "Cosmos DB should use a virtual network service endpoint",
            "policyDefinitionId": "/providers/Microsoft.Authorization/policyDefinitions/e0a2b1a3-f7f9-4569-807f-2a9edebdf4d9",
            "parameters": {}
        },
        {
            "policyDefinitionReferenceId": "Azure Cosmos DB allowed locations",
            "policyDefinitionId": "/providers/Microsoft.Authorization/policyDefinitions/0473574d-2d43-4217-aefe-941fcdf7e684",
            "parameters": {
                "listOfAllowedLocations": {
                    "value": [
                        "eastus2",
                        "centralus",
                        "uksouth",
                        "ukwest"
                    ]
                }
            }
        },
        {
            "policyDefinitionReferenceId": "Azure Cosmos DB key based metadata write access should be disabled",
            "policyDefinitionId": "/providers/Microsoft.Authorization/policyDefinitions/4750c32b-89c0-46af-bfcb-2e4541a818d5",
            "parameters": {}
        },
        {
            "policyDefinitionReferenceId": "Deploy Advanced Threat Protection for Cosmos DB Accounts",
            "policyDefinitionId": "/providers/Microsoft.Authorization/policyDefinitions/b5f04e03-92a3-4b09-9410-2cc5e5047656",
            "parameters": {}
        }
    ]
}