{
  "name": "DataFactoryInitiativeDefinition",
  "displayName": "Azure Data Factory Initiative",
  "description": "Azure Data Factory Initiative",
  "metadata": {
    "category": "Data Factory",
    "version": "1.0.0"
  },
  "parameters": {
    "127ef6d7-242f-43b3-9eef-947faf1725d0": {
        "type": "string",
        "metadata": {
            "displayName": "Effect for - Azure Data Factory linked services should use Key Vault for storing secrets"
        },   
        "defaultValue": "Audit",         
        "allowedValues": [
            "Audit",
            "Deny",
            "Disabled"
        ]
    },
    "1cf164be-6819-4a50-b8fa-4bcaa4f98fb6": {
        "type": "string",
        "metadata": {
            "displayName": "Effect for - Public network access on Azure Data Factory should be disabled"
        },    
        "defaultValue": "Audit",     
        "allowedValues": [
            "Audit",
            "Deny",
            "Disabled"
        ]
    },
    "6809a3d0-d354-42fb-b955-783d207c62a8": {
        "type": "string",
        "metadata": {
            "displayName": "Effect for - Azure Data Factory linked service resource type should be in allow list"
        },
        "defaultValue": "Audit",      
        "allowedValues": [
            "Audit",
            "Deny",
            "Disabled"
        ]
    },
    "77d40665-3120-4348-b539-3192ec808307": {
        "type": "string",
        "metadata": {
            "displayName": "Effect for - Azure Data Factory should use a GitHub repository for source control"
        },
        "defaultValue": "Audit",          
        "allowedValues": [
            "Audit",
            "Deny",
            "Disabled"
        ]
    },
    "8b0323be-cc25-4b61-935d-002c3798c6ea": {
      "type": "string",
      "metadata": {
          "displayName": "Effect for - Azure Data Factory should use private link"
      },
      "defaultValue": "AuditIfNotExists",          
      "allowedValues": [
        "AuditIfNotExists",
        "Disabled"
      ]
  },
  "0088bc63-6dee-4a9c-9d29-91cfdc848952": {
    "type": "string",
    "metadata": {
        "displayName": "Effect for - SQL Server Integration Services integration runtimes on Azure Data Factory should be joined to a virtual network"
    },
    "defaultValue": "Deny",          
    "allowedValues": [
        "Audit",
        "Deny",
        "Disabled"
    ]
},
    "allowedLinkedServiceResourceTypes": {
      "type": "Array",
      "metadata": {
        "displayName": "[Preview]: Allowed linked service resource types",
        "description": "The list of allowed linked service resource types."
      },
      "allowedValues": [
        "AdlsGen2CosmosStructuredStream",
        "AdobeExperiencePlatform",
        "AdobeIntegration",
        "AmazonRedshift",
        "AmazonS3",
        "AzureBlobFS",
        "AzureBlobStorage",
        "AzureDataExplorer",
        "AzureDataLakeStore",
        "AzureDataLakeStoreCosmosStructuredStream",
        "AzureDataShare",
        "AzureFileStorage",
        "AzureKeyVault",
        "AzureMariaDB",
        "AzureMySql",
        "AzurePostgreSql",
        "AzureSearch",
        "AzureSqlDatabase",
        "AzureSqlDW",
        "AzureSqlMI",
        "AzureTableStorage",
        "Cassandra",
        "CommonDataServiceForApps",
        "CosmosDb",
        "CosmosDbMongoDbApi",
        "Db2",
        "DynamicsCrm",
        "FileServer",
        "FtpServer",
        "GitHub",
        "GoogleCloudStorage",
        "Hdfs",
        "Hive",
        "HttpServer",
        "Informix",
        "Kusto",
        "MicrosoftAccess",
        "MySql",
        "Netezza",
        "Odata",
        "Odbc",
        "Office365",
        "Oracle",
        "PostgreSql",
        "Salesforce",
        "SalesforceServiceCloud",
        "SapBw",
        "SapHana",
        "SapOpenHub",
        "SapTable",
        "Sftp",
        "SharePointOnlineList",
        "Snowflake",
        "SqlServer",
        "Sybase",
        "Teradata",
        "HDInsightOnDemand",
        "HDInsight",
        "AzureDataLakeAnalytics",
        "AzureBatch",
        "AzureFunction",
        "AzureML",
        "AzureMLService",
        "MongoDb",
        "GoogleBigQuery",
        "Impala",
        "ServiceNow",
        "Dynamics",
        "AzureDatabricks",
        "AmazonMWS",
        "SapCloudForCustomer",
        "SapEcc",
        "Web",
        "MongoDbAtlas",
        "HBase",
        "Spark",
        "Phoenix",
        "PayPal",
        "Marketo",
        "Responsys",
        "SalesforceMarketingCloud",
        "Presto",
        "Square",
        "Xero",
        "Jira",
        "Magento",
        "Shopify",
        "Concur",
        "Hubspot",
        "Zoho",
        "Eloqua",
        "QuickBooks",
        "Couchbase",
        "Drill",
        "Greenplum",
        "MariaDB",
        "Vertica",
        "MongoDbV2",
        "OracleServiceCloud",
        "GoogleAdWords",
        "RestService",
        "DynamicsAX",
        "AzureDataCatalog",
        "AzureDatabricksDeltaLake"
      ]
    }
  },
  "policyDefinitions": [
    {
      "policyDefinitionReferenceId": "[Preview]: Azure Data Factory linked services should use Key Vault for storing secrets",
      "policyDefinitionId": "/providers/Microsoft.Authorization/policyDefinitions/127ef6d7-242f-43b3-9eef-947faf1725d0",
      "parameters": {
        "effect": {
            "value": "[parameters('127ef6d7-242f-43b3-9eef-947faf1725d0')]"
        }
      },
      "groupNames": []
    },
    {
      "policyDefinitionReferenceId": "Public network access on Azure Data Factory should be disabled",
      "policyDefinitionId": "/providers/Microsoft.Authorization/policyDefinitions/1cf164be-6819-4a50-b8fa-4bcaa4f98fb6",
      "parameters": {
        "effect": {
            "value": "[parameters('1cf164be-6819-4a50-b8fa-4bcaa4f98fb6')]"
        }
      },
      "groupNames": []
    },
    {
      "policyDefinitionReferenceId": "[Preview]: Azure Data Factory linked service resource type should be in allow list",
      "policyDefinitionId": "/providers/Microsoft.Authorization/policyDefinitions/6809a3d0-d354-42fb-b955-783d207c62a8",
      "parameters": {
        "allowedLinkedServiceResourceTypes": {
          "value": "[parameters('allowedLinkedServiceResourceTypes')]"
        },
        "effect": {
            "value": "[parameters('6809a3d0-d354-42fb-b955-783d207c62a8')]"
        }
      },
      "groupNames": []
    },
    {
      "policyDefinitionReferenceId": "Azure Data Factory should use a Git repository for source control",
      "policyDefinitionId": "/providers/Microsoft.Authorization/policyDefinitions/77d40665-3120-4348-b539-3192ec808307",
      "parameters": {
        "effect": {
            "value": "[parameters('77d40665-3120-4348-b539-3192ec808307')]"
        }
      },
      "groupNames": []
    },
    {
      "policyDefinitionReferenceId": "Azure Data Factory should use private link",
      "policyDefinitionId": "/providers/Microsoft.Authorization/policyDefinitions/8b0323be-cc25-4b61-935d-002c3798c6ea",
      "parameters": {
        "effect": {
            "value": "[parameters('8b0323be-cc25-4b61-935d-002c3798c6ea')]"
        }
      },
      "groupNames": []
    },
    {
      "policyDefinitionReferenceId": "SQL Server Integration Services integration runtimes on Azure Data Factory should be joined to a virtual network",
      "policyDefinitionId": "/providers/Microsoft.Authorization/policyDefinitions/0088bc63-6dee-4a9c-9d29-91cfdc848952",
      "parameters": {
        "effect": {
            "value": "[parameters('0088bc63-6dee-4a9c-9d29-91cfdc848952')]"
        }
      },
      "groupNames": []
    }
  ]
}
