{
    "name": "DataExplorerInitiativeDefinition",
    "displayName": "Data Explorer Initiative Definition",
    "description": "This initiative definition contains multiple Data Explorer policies",
    "metadata": {
        "category": "Data Explorer",
        "version": "1.0.0"
    },
    "parameters": {
        "43bc7be6-5e69-4b0d-a2bb-e815557ca673": {
            "type": "string",
            "metadata": {
                "displayName": "Effect for - Public network access on Azure Data Explorer should be disabled"
            },   
            "defaultValue": "Deny",         
            "allowedValues": [
                "Audit",
                "Deny",
                "Disabled"
            ]
        },        
        "7b32f193-cb28-4e15-9a98-b9556db0bafa": {
            "type": "string",
            "metadata": {
                "displayName": "Effect for - Configure Azure Data Explorer to disable public network access"
            },   
            "defaultValue": "Modify",         
            "allowedValues": [
                "Audit",
                "Deny",
                "Disabled",
                "Modify"
            ]
        },        
        "f7735886-8927-431f-b201-c953922512b8": {
            "type": "string",
            "metadata": {
                "displayName": "Effect for - Azure Data Explorer cluster should use private linkPublic network access on Azure Data Explorer should be disabled"
            },   
            "defaultValue": "Audit",         
            "allowedValues": [
                "Audit",
                "Deny",
                "Disabled"
            ]
        },        
        "1fec9658-933f-4b3e-bc95-913ed22d012b": {
            "type": "string",
            "metadata": {
                "displayName": "Effect for - Azure Data Explorer should use a SKU that supports private link"
            },   
            "defaultValue": "Audit",         
            "allowedValues": [
                "Audit",
                "Deny",
                "Disabled"
            ]
        }


    },
    "policyDefinitions": [
        {
            "policyDefinitionReferenceId": "Public network access on Azure Data Explorer should be disabled",
            "policyDefinitionId": "/providers/Microsoft.Authorization/policyDefinitions/43bc7be6-5e69-4b0d-a2bb-e815557ca673",
            "parameters": {
                "effect": {
                    "value": "[parameters('43bc7be6-5e69-4b0d-a2bb-e815557ca673')]"
                }
                }

            
        },        {
            "policyDefinitionReferenceId": "Configure Azure Data Explorer to disable public network access",
            "policyDefinitionId": "/providers/Microsoft.Authorization/policyDefinitions/7b32f193-cb28-4e15-9a98-b9556db0bafa",
            "parameters": {
                "effect": {
                    "value": "[parameters('7b32f193-cb28-4e15-9a98-b9556db0bafa')]"
                }
                }


            
        },
                {
            "policyDefinitionReferenceId": "Azure Data Explorer cluster should use private link",
            "policyDefinitionId": "/providers/Microsoft.Authorization/policyDefinitions/f7735886-8927-431f-b201-c953922512b8",
            "parameters": {
                "effect": {
                    "value": "[parameters('f7735886-8927-431f-b201-c953922512b8')]"
                }
                }


            
        },        {
            "policyDefinitionReferenceId": "Azure Data Explorer should use a SKU that supports private link",
            "policyDefinitionId": "/providers/Microsoft.Authorization/policyDefinitions/1fec9658-933f-4b3e-bc95-913ed22d012b",
            "parameters": {
                "effect": {
                    "value": "[parameters('1fec9658-933f-4b3e-bc95-913ed22d012b')]"
                }
                }


            
        }
    ]
}
