{
    "name": "DenyResourceWOTagsInitiativeUS",
    "displayName": "Deny Resources Without Tags Initiative - US",
    "description": "We want to deny any tags that have any form of the words 'NA' within the tag itself.",
    "metadata": {
        "category": "Tags"
    },
    "parameters": {
        "effect": {
            "type": "String",
            "metadata": {
                "displayName": "Effect",
                "description": "Enable or disable the execution of the policy"
            },
            "allowedValues": [
                "Audit", "Disabled", "Deny"
            ],
            "defaultValue": "Audit"
        },
        "tagApplicationID": {
          "metadata": {
            "description": "The Tag for Application ID",
            "displayName": "Application ID"
          },
          "type": "String"
        },
        "tagBusinessUnit": {
          "metadata": {
            "description": "The Tag for Business Unit",
            "displayName": "Business Unit"
          },
          "type": "String"
        },
        "tagBusinessUnit1": {
            "metadata": {
              "description": "The Tag for Business Unit 1",
              "displayName": "Business Unit 1"
            },
            "type": "String"
          },
        "tagCompanyCode": {
          "metadata": {
            "description": "The Tag for Company Code",
            "displayName": "Company Code"
          },
          "type": "String"
        },
        "tagCostCenter": {
          "metadata": {
            "description": "The Tag for Cost Center",
            "displayName": "Cost Center"
          },
          "type": "String"
        },
        "tagEnvironment": {
          "metadata": {
            "description": "The Tag for Environment",
            "displayName": "Environment"
          },
          "type": "String"
        },
        "tagFinOwner": {
          "metadata": {
            "description": "The Tag for Financial Owner",
            "displayName": "Financial Owner"
          },
          "type": "String"
        },
        "tagFinRTB": {
          "metadata": {
            "description": "The Tag for Financial RTB Email Address preferred or name",
            "displayName": "Financial RTB"
          },
          "type": "String"
        },
        "tagInternalWorkOrder": {
          "metadata": {
            "description": "The Tag for Internal or Work Order",
            "displayName": "Internal or Work Order"
          },
          "type": "String"
        },
        "tagOperationsCode": {
          "metadata": {
            "description": "The Tag for Operations Code (WO)",
            "displayName": "Operations Code (WO)"
          },
          "type": "String"
        },
        "tagProjCode": {
          "metadata": {
            "description": "The Tag for Project Code",
            "displayName": "Project Code"
          },
          "type": "String"
        },
        "tagProjMng": {
          "metadata": {
            "description": "The Tag for Project Manager",
            "displayName": "Project Manager"
          },
          "type": "String"
        },
        "tagProjectName": {
          "metadata": {
            "description": "The Tag for Project Name",
            "displayName": "Project Name"
          },
          "type": "String"
        },
        "tagRTBSupport": {
          "metadata": {
            "description": "The Tag for RTB Support",
            "displayName": "RTB Support"
          },
          "type": "String"
        },
        "tagServiceOwner": {
          "metadata": {
            "description": "The Tag for Service Owner",
            "displayName": "Service Owner"
          },
          "type": "String"
        },
        "listofnotallowedtagValues": {
            "type": "Array",
            "metadata": {
                "displayName": "Tag Values",
                "description": "Value of the tag, such as 'production'"
            },
            "allowedValues": [
                "NA",
                "#NA",
                "NA#",
                "N/A",
                "#N/A",
                "N/A#",
                "n/a",
                "#n/a",
                "n/a#"
            ]
        }

    },
    "policyDefinitions": [
        {
            "policyDefinitionReferenceId": "Deny NA values on the 'Application ID' tag on resources",
            "policyDefinitionId": "/providers/Microsoft.Management/managementGroups/Global/providers/Microsoft.Authorization/policyDefinitions/DenyTagsApplicationID",
            "parameters": {
                "effect": {
                    "value": "[parameters('effect')]"
                },
                "tagName": {
                    "value": "[parameters('tagApplicationID')]"
                },
                "listofnotallowedtagValues": {
                    "value": "[parameters('listofnotallowedtagValues')]"
                }
            }
        },
        {
            "policyDefinitionReferenceId": "Deny NA values on the 'Business Unit' tag on resources",
            "policyDefinitionId": "/providers/Microsoft.Management/managementGroups/Global/providers/Microsoft.Authorization/policyDefinitions/DenyTagsBusinessUnit",
            "parameters": {
                "effect": {
                    "value": "[parameters('effect')]"
                },
                "tagName": {
                    "value": "[parameters('tagBusinessUnit')]"
                },
                "listofnotallowedtagValues": {
                    "value": "[parameters('listofnotallowedtagValues')]"
                }
            }
        },
        {
            "policyDefinitionReferenceId": "Deny NA values on the 'Business Unit 1' tag on resources",
            "policyDefinitionId": "/providers/Microsoft.Management/managementGroups/Global/providers/Microsoft.Authorization/policyDefinitions/DenyTagsBusinessUnit1",
            "parameters": {
                "effect": {
                    "value": "[parameters('effect')]"
                },
                "tagName": {
                    "value": "[parameters('tagBusinessUnit1')]"
                },
                "listofnotallowedtagValues": {
                    "value": "[parameters('listofnotallowedtagValues')]"
                }
            }
        },
        {
            "policyDefinitionReferenceId": "Deny NA values on the 'Company Code' tag on resources",
            "policyDefinitionId": "/providers/Microsoft.Management/managementGroups/Global/providers/Microsoft.Authorization/policyDefinitions/DenyTagsCompanyCode",
            "parameters": {
                "effect": {
                    "value": "[parameters('effect')]"
                },
                "tagName": {
                    "value": "[parameters('tagCompanyCode')]"
                },
                "listofnotallowedtagValues": {
                    "value": "[parameters('listofnotallowedtagValues')]"
                }
            }
        },
        {
            "policyDefinitionReferenceId": "Deny NA values on the 'Cost Center' tag on resources",
            "policyDefinitionId": "/providers/Microsoft.Management/managementGroups/Global/providers/Microsoft.Authorization/policyDefinitions/DenyTagsCostCenter",
            "parameters": {
                "effect": {
                    "value": "[parameters('effect')]"
                },
                "tagName": {
                    "value": "[parameters('tagCostCenter')]"
                },
                "listofnotallowedtagValues": {
                    "value": "[parameters('listofnotallowedtagValues')]"
                }
            }
        }, {
            "policyDefinitionReferenceId": "Deny NA values on the 'Environment' tag on resources",
            "policyDefinitionId": "/providers/Microsoft.Management/managementGroups/Global/providers/Microsoft.Authorization/policyDefinitions/DenyTagsEnvironment",
            "parameters": {
                "effect": {
                    "value": "[parameters('effect')]"
                },
                "tagName": {
                    "value": "[parameters('tagEnvironment')]"
                },
                "listofnotallowedtagValues": {
                    "value": "[parameters('listofnotallowedtagValues')]"
                }
            }
        }, {
            "policyDefinitionReferenceId": "Deny NA values on the 'Financial Owner' tag on resources",
            "policyDefinitionId": "/providers/Microsoft.Management/managementGroups/Global/providers/Microsoft.Authorization/policyDefinitions/DenyTagsFinOwner",
            "parameters": {
                "effect": {
                    "value": "[parameters('effect')]"
                },
                "tagName": {
                    "value": "[parameters('tagFinOwner')]"
                },
                "listofnotallowedtagValues": {
                    "value": "[parameters('listofnotallowedtagValues')]"
                }
            }
        }, {
            "policyDefinitionReferenceId": "Deny NA values on the 'Financial RTB' tag on resources",
            "policyDefinitionId": "/providers/Microsoft.Management/managementGroups/Global/providers/Microsoft.Authorization/policyDefinitions/DenyTagsFinRTB",
            "parameters": {
                "effect": {
                    "value": "[parameters('effect')]"
                },
                "tagName": {
                    "value": "[parameters('tagFinRTB')]"
                },
                "listofnotallowedtagValues": {
                    "value": "[parameters('listofnotallowedtagValues')]"
                }
            }
        }, {
            "policyDefinitionReferenceId": "Deny NA values on the 'Project Code' tag on resources",
            "policyDefinitionId": "/providers/Microsoft.Management/managementGroups/Global/providers/Microsoft.Authorization/policyDefinitions/DenyTagsProjectCode",
            "parameters": {
                "effect": {
                    "value": "[parameters('effect')]"
                },
                "tagName": {
                    "value": "[parameters('tagProjCode')]"
                },
                "listofnotallowedtagValues": {
                    "value": "[parameters('listofnotallowedtagValues')]"
                }
            }
        }, {
            "policyDefinitionReferenceId": "Deny NA values on the 'Project Manager' tag on resources",
            "policyDefinitionId": "/providers/Microsoft.Management/managementGroups/Global/providers/Microsoft.Authorization/policyDefinitions/DenyTagsProjectManager",
            "parameters": {
                "effect": {
                    "value": "[parameters('effect')]"
                },
                "tagName": {
                    "value": "[parameters('tagProjMng')]"
                },
                "listofnotallowedtagValues": {
                    "value": "[parameters('listofnotallowedtagValues')]"
                }
            }
        }, {
            "policyDefinitionReferenceId": "Deny NA values on the 'Project Name' tag on resources",
            "policyDefinitionId": "/providers/Microsoft.Management/managementGroups/Global/providers/Microsoft.Authorization/policyDefinitions/DenyTagsProjectName",
            "parameters": {
                "effect": {
                    "value": "[parameters('effect')]"
                },
                "tagName": {
                    "value": "[parameters('tagProjectname')]"
                },
                "listofnotallowedtagValues": {
                    "value": "[parameters('listofnotallowedtagValues')]"
                }
            }
        }, {
            "policyDefinitionReferenceId": "Deny NA values on the 'RTB Support' tag on resources",
            "policyDefinitionId": "/providers/Microsoft.Management/managementGroups/Global/providers/Microsoft.Authorization/policyDefinitions/DenyTagsRTBSupport",
            "parameters": {
                "effect": {
                    "value": "[parameters('effect')]"
                },
                "tagName": {
                    "value": "[parameters('tagRTBSupport')]"
                },
                "listofnotallowedtagValues": {
                    "value": "[parameters('listofnotallowedtagValues')]"
                }
            }
        }, {
            "policyDefinitionReferenceId": "Deny NA values on the 'Service Owner' tag on resources",
            "policyDefinitionId": "/providers/Microsoft.Management/managementGroups/Global/providers/Microsoft.Authorization/policyDefinitions/DenyTagsServiceOwner",
            "parameters": {
                "effect": {
                    "value": "[parameters('effect')]"
                },
                "tagName": {
                    "value": "[parameters('tagServiceOwner')]"
                },
                "listofnotallowedtagValues": {
                    "value": "[parameters('listofnotallowedtagValues')]"
                }
            }
        }, {
            "policyDefinitionReferenceId": "Deny NA values on the 'Internal or Work Order' tag on resources",
            "policyDefinitionId": "/providers/Microsoft.Management/managementGroups/Global/providers/Microsoft.Authorization/policyDefinitions/DenyTagsInternalOrder",
            "parameters": {
                "effect": {
                    "value": "[parameters('effect')]"
                },
                "tagName": {
                    "value": "[parameters('tagInternalWorkOrder')]"
                },
                "listofnotallowedtagValues": {
                    "value": "[parameters('listofnotallowedtagValues')]"
                }
            }
        }, {
            "policyDefinitionReferenceId": "Deny NA values on the 'Operations Code (WO)' tag on resources",
            "policyDefinitionId": "/providers/Microsoft.Management/managementGroups/Global/providers/Microsoft.Authorization/policyDefinitions/DenyTagsOperationsCode",
            "parameters": {
                "effect": {
                    "value": "[parameters('effect')]"
                },
                "tagName": {
                    "value": "[parameters('tagOperationsCode')]"
                },
                "listofnotallowedtagValues": {
                    "value": "[parameters('listofnotallowedtagValues')]"
                }
            }
        }
    ]
}
