{
    "name": "DeployDiagResourceToEH",
    "displayName": "Deploy Diagnostics Settings for Resources to Event HubNamespace",
    "description": "Deploy Diagnostics Settings for Resources to Event HubNamespace",
    "metadata": {
        "category": "General",
        "version": "2.0.0"
    },
    "parameters": {
        "resourceLocation": {
            "type": "String",
            "metadata": {
              "displayName": "Resource Location",
              "description": "Resource Location must be in the same location as the Event Hub Namespace.",
              "strongType": "location"
            }
          },
          "eventHubName": {
            "type": "String",
            "metadata": {
              "displayName": "Event Hub Name",
              "description": "Specify the name of the Event Hub"
            }
          },
          "eventHubAuthorizationRuleId": {
            "type": "String",
            "metadata": {
              "displayName": "Event Hub Authorization Rule Id",
              "description": "Specify the Event Hub Authorization Rule Id",
              "assignPermissions": true
            }
          }
        },
    "policyDefinitions": [
        {
            "policyDefinitionReferenceId": "Deploy Diagnostics Settings for Azure Container Registry to Event HubNamespace",
            "policyDefinitionId": "/providers/Microsoft.Management/managementGroups/Global/providers/Microsoft.Authorization/policyDefinitions/DeployDiagACRToEH",
            "parameters": {
                "eventHubName": {
                    "value": "[parameters('eventHubName')]"
                  },
                "eventHubAuthorizationRuleId": {
                    "value": "[parameters('eventHubAuthorizationRuleId')]"
                },
                "resourceLocation": {
                    "value": "[parameters('resourceLocation')]"
                }
            },
            "groupNames": []
        },
        {
            "policyDefinitionReferenceId": "Deploy Diagnostics Settings for Azure Kubernetes Services to Event Hub Namespace",
            "policyDefinitionId": "/providers/Microsoft.Management/managementGroups/Global/providers/Microsoft.Authorization/policyDefinitions/DeployDiagAKSToEH",
            "parameters": {
                "eventHubName": {
                    "value": "[parameters('eventHubName')]"
                  },
                "eventHubAuthorizationRuleId": {
                    "value": "[parameters('eventHubAuthorizationRuleId')]"
                },
                "resourceLocation": {
                    "value": "[parameters('resourceLocation')]"
                }
            },
            "groupNames": []
        },
        {
            "policyDefinitionReferenceId": "Deploy Diagnostics Settings for API Management to Event HubNamespace",
            "policyDefinitionId": "/providers/Microsoft.Management/managementGroups/Global/providers/Microsoft.Authorization/policyDefinitions/DeployDiagAPIMToEH",
            "parameters": {
                "eventHubName": {
                    "value": "[parameters('eventHubName')]"
                  },
                "eventHubAuthorizationRuleId": {
                    "value": "[parameters('eventHubAuthorizationRuleId')]"
                },
                "resourceLocation": {
                    "value": "[parameters('resourceLocation')]"
                }
            },
            "groupNames": []
        },
        {
            "policyDefinitionReferenceId": "Deploy Diagnostic Settings for Application Gateway to Event HubNamespace",
            "policyDefinitionId": "/providers/Microsoft.Management/managementGroups/Global/providers/Microsoft.Authorization/policyDefinitions/DeployDiagAppGWToEH",
            "parameters": {
                "eventHubName": {
                    "value": "[parameters('eventHubName')]"
                  },
                "eventHubAuthorizationRuleId": {
                    "value": "[parameters('eventHubAuthorizationRuleId')]"
                },
                "resourceLocation": {
                    "value": "[parameters('resourceLocation')]"
                }
            },
            "groupNames": []
        },
        {
            "policyDefinitionReferenceId": "Deploy Diagnostics Settings for App Service Linux to Event Hub Namespace",
            "policyDefinitionId": "/providers/Microsoft.Management/managementGroups/Global/providers/Microsoft.Authorization/policyDefinitions/DeployDiagAppLinuxToEH",
            "parameters": {
                "eventHubName": {
                    "value": "[parameters('eventHubName')]"
                  },
                "eventHubAuthorizationRuleId": {
                    "value": "[parameters('eventHubAuthorizationRuleId')]"
                },
                "resourceLocation": {
                    "value": "[parameters('resourceLocation')]"
                }
            },
            "groupNames": []
        },
        {
            "policyDefinitionReferenceId": "Deploy Diagnostics Settings for App Serivce Plan to Event Hub Namespace",
            "policyDefinitionId": "/providers/Microsoft.Management/managementGroups/Global/providers/Microsoft.Authorization/policyDefinitions/DeployDiagAppSrvplanToEH",
            "parameters": {
                "eventHubName": {
                    "value": "[parameters('eventHubName')]"
                  },
                "eventHubAuthorizationRuleId": {
                    "value": "[parameters('eventHubAuthorizationRuleId')]"
                },
                "resourceLocation": {
                    "value": "[parameters('resourceLocation')]"
                }
            },
            "groupNames": []
        },
        {
            "policyDefinitionReferenceId": "Deploy Diagnostics Settings for App Service to Event Hub Namespace",
            "policyDefinitionId": "/providers/Microsoft.Management/managementGroups/Global/providers/Microsoft.Authorization/policyDefinitions/DeployDiagAppsToEH",
            "parameters": {
                "eventHubName": {
                    "value": "[parameters('eventHubName')]"
                  },
                "eventHubAuthorizationRuleId": {
                    "value": "[parameters('eventHubAuthorizationRuleId')]"
                },
                "resourceLocation": {
                    "value": "[parameters('resourceLocation')]"
                }
            },
            "groupNames": []
        },
        {
            "policyDefinitionReferenceId": "Deploy Diagnostics Settings for Azure Batch Accounts to Event Hub Namespace",
            "policyDefinitionId": "/providers/Microsoft.Management/managementGroups/Global/providers/Microsoft.Authorization/policyDefinitions/DeployDiagBatchToEH",
            "parameters": {
                "eventHubName": {
                    "value": "[parameters('eventHubName')]"
                  },
                "eventHubAuthorizationRuleId": {
                    "value": "[parameters('eventHubAuthorizationRuleId')]"
                },
                "resourceLocation": {
                    "value": "[parameters('resourceLocation')]"
                }
            },
            "groupNames": []
        },
        {
            "policyDefinitionReferenceId": "Deploy Diagnostics Settings for Cognitive Services to Event Hub Namespace",
            "policyDefinitionId": "/providers/Microsoft.Management/managementGroups/Global/providers/Microsoft.Authorization/policyDefinitions/DeployDiagCognitiveServicesToEH",
            "parameters": {               
                "eventHubName": {
                    "value": "[parameters('eventHubName')]"
                  },
                "eventHubAuthorizationRuleId": {
                    "value": "[parameters('eventHubAuthorizationRuleId')]"
                },
                "resourceLocation": {
                    "value": "[parameters('resourceLocation')]"
                }
            },
            "groupNames": []
        },
        {
            "policyDefinitionReferenceId": "Deploy Diagnostics Settings for Azure Data Factory to Event Hub Namespace",
            "policyDefinitionId": "/providers/Microsoft.Management/managementGroups/Global/providers/Microsoft.Authorization/policyDefinitions/DeployDiagDataFactoryToEH",
            "parameters": {
                "eventHubName": {
                    "value": "[parameters('eventHubName')]"
                  },
                "eventHubAuthorizationRuleId": {
                    "value": "[parameters('eventHubAuthorizationRuleId')]"
                },
                "resourceLocation": {
                    "value": "[parameters('resourceLocation')]"
                }
            },
            "groupNames": []
        },
        {
            "policyDefinitionReferenceId": "Deploy Diagnostics Settings for Documentdb to Event Hub Namespace",
            "policyDefinitionId": "/providers/Microsoft.Management/managementGroups/Global/providers/Microsoft.Authorization/policyDefinitions/DeployDiagDocumentDBToEH",
            "parameters": {
                "eventHubName": {
                    "value": "[parameters('eventHubName')]"
                  },
                "eventHubAuthorizationRuleId": {
                    "value": "[parameters('eventHubAuthorizationRuleId')]"
                },
                "resourceLocation": {
                    "value": "[parameters('resourceLocation')]"
                }
            },
            "groupNames": []
        },
        {
            "policyDefinitionReferenceId": "Deploy Diagnostics Settings for Event Hub Namespaces to Event Hub Namespace",
            "policyDefinitionId": "/providers/Microsoft.Management/managementGroups/Global/providers/Microsoft.Authorization/policyDefinitions/DeployDiagEHNSToEH",
            "parameters": {
                "eventHubName": {
                    "value": "[parameters('eventHubName')]"
                  },
                "eventHubAuthorizationRuleId": {
                    "value": "[parameters('eventHubAuthorizationRuleId')]"
                },
                "resourceLocation": {
                    "value": "[parameters('resourceLocation')]"
                }
            },
            "groupNames": []
        },
        {
            "policyDefinitionReferenceId": "Deploy Diagnostics Settings for Function App to Event Hub Namespace",
            "policyDefinitionId": "/providers/Microsoft.Management/managementGroups/Global/providers/Microsoft.Authorization/policyDefinitions/DeployDiagFuncAppToEH",
            "parameters": {
                "eventHubName": {
                    "value": "[parameters('eventHubName')]"
                  },
                "eventHubAuthorizationRuleId": {
                    "value": "[parameters('eventHubAuthorizationRuleId')]"
                },
                "resourceLocation": {
                    "value": "[parameters('resourceLocation')]"
                }
            },
            "groupNames": []
        },
        {
            "policyDefinitionReferenceId": "Deploy Diagnostics Settings for Azure Managed Grafana to Event Hub Namespace",
            "policyDefinitionId": "/providers/Microsoft.Management/managementGroups/Global/providers/Microsoft.Authorization/policyDefinitions/DeployDiagGrafanaToEH",
            "parameters": {                
                "eventHubName": {
                    "value": "[parameters('eventHubName')]"
                  },
                "eventHubAuthorizationRuleId": {
                    "value": "[parameters('eventHubAuthorizationRuleId')]"
                },
                "resourceLocation": {
                    "value": "[parameters('resourceLocation')]"
                }
            },
            "groupNames": []
        },
        {
            "policyDefinitionReferenceId": "Deploy Diagnostics Settings for Key Vaults to Event Hub Namespace",
            "policyDefinitionId": "/providers/Microsoft.Management/managementGroups/Global/providers/Microsoft.Authorization/policyDefinitions/DeployDiagKVToEH",
            "parameters": {
                "eventHubName": {
                    "value": "[parameters('eventHubName')]"
                  },
                "eventHubAuthorizationRuleId": {
                    "value": "[parameters('eventHubAuthorizationRuleId')]"
                },
                "resourceLocation": {
                    "value": "[parameters('resourceLocation')]"
                }
            },
            "groupNames": []
        },
        {
            "policyDefinitionReferenceId": "Deploy Diagnostics Settings for Load Balancers to Event Hub Namespace",
            "policyDefinitionId": "/providers/Microsoft.Management/managementGroups/Global/providers/Microsoft.Authorization/policyDefinitions/DeployDiagLBToEH",
            "parameters": {
                "eventHubName": {
                    "value": "[parameters('eventHubName')]"
                  },
                "eventHubAuthorizationRuleId": {
                    "value": "[parameters('eventHubAuthorizationRuleId')]"
                },
                "resourceLocation": {
                    "value": "[parameters('resourceLocation')]"
                }
            },
            "groupNames": []
        },
        {
            "policyDefinitionReferenceId": "Deploy Diagnostics Settings for Logic Workflows to Event Hub Namespace",
            "policyDefinitionId": "/providers/Microsoft.Management/managementGroups/Global/providers/Microsoft.Authorization/policyDefinitions/DeployDiagLogicWFToEH",
            "parameters": {
                "eventHubName": {
                    "value": "[parameters('eventHubName')]"
                  },
                "eventHubAuthorizationRuleId": {
                    "value": "[parameters('eventHubAuthorizationRuleId')]"
                },
                "resourceLocation": {
                    "value": "[parameters('resourceLocation')]"
                }
            },
            "groupNames": []
        },
        {
            "policyDefinitionReferenceId": "Deploy Diagnostics Settings for Azure Machine Learning Workspaces to Event Hub Namespace",
            "policyDefinitionId": "/providers/Microsoft.Management/managementGroups/Global/providers/Microsoft.Authorization/policyDefinitions/DeployDiagMLWorkspacesToEH",
            "parameters": {
                "eventHubName": {
                    "value": "[parameters('eventHubName')]"
                  },
                "eventHubAuthorizationRuleId": {
                    "value": "[parameters('eventHubAuthorizationRuleId')]"
                },
                "resourceLocation": {
                    "value": "[parameters('resourceLocation')]"
                }
            },
            "groupNames": []
        },
        {
            "policyDefinitionReferenceId": "Deploy Diagnostics Settings for Network Security Groups to Event Hub Namespace",
            "policyDefinitionId": "/providers/Microsoft.Management/managementGroups/Global/providers/Microsoft.Authorization/policyDefinitions/DeployDiagNSGToEH",
            "parameters": {
                "eventHubName": {
                    "value": "[parameters('eventHubName')]"
                  },
                "eventHubAuthorizationRuleId": {
                    "value": "[parameters('eventHubAuthorizationRuleId')]"
                },
                "resourceLocation": {
                    "value": "[parameters('resourceLocation')]"
                }
            },
            "groupNames": []
        },
        {
            "policyDefinitionReferenceId": "Deploy Diagnostics Settings for NIC to Event Hub Namespace",
            "policyDefinitionId": "/providers/Microsoft.Management/managementGroups/Global/providers/Microsoft.Authorization/policyDefinitions/DeployDiagNICToEH",
            "parameters": {
                "eventHubName": {
                    "value": "[parameters('eventHubName')]"
                  },
                "eventHubAuthorizationRuleId": {
                    "value": "[parameters('eventHubAuthorizationRuleId')]"
                },
                "resourceLocation": {
                    "value": "[parameters('resourceLocation')]"
                }
            },
            "groupNames": []
        },
        {
            "policyDefinitionReferenceId": "Deploy Diagnostics Settings for Azure Database for PostgreSQL flexible  server to Event Hub Namespace",
            "policyDefinitionId": "/providers/Microsoft.Management/managementGroups/Global/providers/Microsoft.Authorization/policyDefinitions/DeployDiagPGSQLflexToEH",
            "parameters": {
                "eventHubName": {
                    "value": "[parameters('eventHubName')]"
                  },
                "eventHubAuthorizationRuleId": {
                    "value": "[parameters('eventHubAuthorizationRuleId')]"
                },
                "resourceLocation": {
                    "value": "[parameters('resourceLocation')]"
                }
            },
            "groupNames": []
        },
        {
            "policyDefinitionReferenceId": "Deploy Diagnostics Settings for Recovery Vaults to Event Hub NameSpace",
            "policyDefinitionId": "/providers/Microsoft.Management/managementGroups/Global/providers/Microsoft.Authorization/policyDefinitions/DeployDiagRVToEH",
            "parameters": {
                "eventHubName": {
                    "value": "[parameters('eventHubName')]"
                  },
                "eventHubAuthorizationRuleId": {
                    "value": "[parameters('eventHubAuthorizationRuleId')]"
                },
                "resourceLocation": {
                    "value": "[parameters('resourceLocation')]"
                }
            },
            "groupNames": []
        },
        {
            "policyDefinitionReferenceId": "Deploy Diagnostics Settings for Azure Cache for Redis to Event Hub Namespace",
            "policyDefinitionId": "/providers/Microsoft.Management/managementGroups/Global/providers/Microsoft.Authorization/policyDefinitions/DeployDiagRedisCacheToEH",
            "parameters": {
                "eventHubName": {
                    "value": "[parameters('eventHubName')]"
                  },
                "eventHubAuthorizationRuleId": {
                    "value": "[parameters('eventHubAuthorizationRuleId')]"
                },
                "resourceLocation": {
                    "value": "[parameters('resourceLocation')]"
                }
            },
            "groupNames": []
        },
        {
            "policyDefinitionReferenceId": "Deploy Diagnostics Settings for Service Bus to Event Hub Namespace",
            "policyDefinitionId": "/providers/Microsoft.Management/managementGroups/Global/providers/Microsoft.Authorization/policyDefinitions/DeployDiagSrvBusToEH",
            "parameters": {
                "eventHubName": {
                    "value": "[parameters('eventHubName')]"
                  },
                "eventHubAuthorizationRuleId": {
                    "value": "[parameters('eventHubAuthorizationRuleId')]"
                },
                "resourceLocation": {
                    "value": "[parameters('resourceLocation')]"
                }
            },
            "groupNames": []
        },
        {
            "policyDefinitionReferenceId": "Deploy Diagnostics Settings for SQL Databases to Event Hub Namespace",
            "policyDefinitionId": "/providers/Microsoft.Management/managementGroups/Global/providers/Microsoft.Authorization/policyDefinitions/DeployDiagSQLSrverToEH",
            "parameters": {
                "eventHubName": {
                    "value": "[parameters('eventHubName')]"
                  },
                "eventHubAuthorizationRuleId": {
                    "value": "[parameters('eventHubAuthorizationRuleId')]"
                },
                "resourceLocation": {
                    "value": "[parameters('resourceLocation')]"
                }
            },
            "groupNames": []
        },
        {
            "policyDefinitionReferenceId": "Deploy Diagnostics Settings for Storage Account Blob Services to Event Hub Namespace",
            "policyDefinitionId": "/providers/Microsoft.Management/managementGroups/Global/providers/Microsoft.Authorization/policyDefinitions/DeployDiagSABlobToEH",
            "parameters": {
                "eventHubName": {
                    "value": "[parameters('eventHubName')]"
                  },
                "eventHubAuthorizationRuleId": {
                    "value": "[parameters('eventHubAuthorizationRuleId')]"
                },
                "resourceLocation": {
                    "value": "[parameters('resourceLocation')]"
                }
            },
            "groupNames": []
        },
        {
            "policyDefinitionReferenceId": "Deploy Diagnostics Settings for Storage Account File Services to Event Hub Namespace",
            "policyDefinitionId": "/providers/Microsoft.Management/managementGroups/Global/providers/Microsoft.Authorization/policyDefinitions/DeployDiagSAFileToEH",
            "parameters": {
                "eventHubName": {
                    "value": "[parameters('eventHubName')]"
                  },
                "eventHubAuthorizationRuleId": {
                    "value": "[parameters('eventHubAuthorizationRuleId')]"
                },
                "resourceLocation": {
                    "value": "[parameters('resourceLocation')]"
                }
            },
            "groupNames": []
        },
        {
            "policyDefinitionReferenceId": "Deploy Diagnostics Settings for Storage Account Queue Services to Event Hub Namespace",
            "policyDefinitionId": "/providers/Microsoft.Management/managementGroups/Global/providers/Microsoft.Authorization/policyDefinitions/DeployDiagSAQueueToEH",
            "parameters": {
                "eventHubName": {
                    "value": "[parameters('eventHubName')]"
                  },
                "eventHubAuthorizationRuleId": {
                    "value": "[parameters('eventHubAuthorizationRuleId')]"
                },
                "resourceLocation": {
                    "value": "[parameters('resourceLocation')]"
                }
            },
            "groupNames": []
        },
        {
            "policyDefinitionReferenceId": "Deploy Diagnostics Settings for Storage Account Table Services to Event Hub Namespace",
            "policyDefinitionId": "/providers/Microsoft.Management/managementGroups/Global/providers/Microsoft.Authorization/policyDefinitions/DeployDiagSATableToEH",
            "parameters": {
                "eventHubName": {
                    "value": "[parameters('eventHubName')]"
                  },
                "eventHubAuthorizationRuleId": {
                    "value": "[parameters('eventHubAuthorizationRuleId')]"
                },
                "resourceLocation": {
                    "value": "[parameters('resourceLocation')]"
                }
            },
            "groupNames": []
        },
        {
            "policyDefinitionReferenceId": "Deploy Diagnostics Settings for Virtual Machines to Event Hub Namespace",
            "policyDefinitionId": "/providers/Microsoft.Management/managementGroups/Global/providers/Microsoft.Authorization/policyDefinitions/DeployDiagVMToEH",
            "parameters": {
                "eventHubName": {
                    "value": "[parameters('eventHubName')]"
                  },
                "eventHubAuthorizationRuleId": {
                    "value": "[parameters('eventHubAuthorizationRuleId')]"
                },
                "resourceLocation": {
                    "value": "[parameters('resourceLocation')]"
                }
            },
            "groupNames": []
        },
        {
            "policyDefinitionReferenceId": "Deploy Diagnostics Settings for Azure Web PubSub Services to Event Hub Namespace",
            "policyDefinitionId": "/providers/Microsoft.Management/managementGroups/Global/providers/Microsoft.Authorization/policyDefinitions/DeployDiagWebPubSubToEH",
            "parameters": {
                "eventHubName": {
                    "value": "[parameters('eventHubName')]"
                  },
                "eventHubAuthorizationRuleId": {
                    "value": "[parameters('eventHubAuthorizationRuleId')]"
                },
                "resourceLocation": {
                    "value": "[parameters('resourceLocation')]"
                }
            },
            "groupNames": []
        },
        {
            "policyDefinitionReferenceId": "Deploy Diagnostics Settings for AI Search Services to Event Hub Namespace",
            "policyDefinitionId": "/providers/Microsoft.Management/managementGroups/Global/providers/Microsoft.Authorization/policyDefinitions/DeployDiagAISToEH",
            "parameters": {
                "eventHubName": {
                    "value": "[parameters('eventHubName')]"
                  },
                "eventHubAuthorizationRuleId": {
                    "value": "[parameters('eventHubAuthorizationRuleId')]"
                },
                "resourceLocation": {
                    "value": "[parameters('resourceLocation')]"
                }
            },
            "groupNames": []
        },
        {
            "policyDefinitionReferenceId": "Deploy Diagnostics Settings for Logic App(Standard) to Event Hub Namespace",
            "policyDefinitionId": "/providers/Microsoft.Management/managementGroups/Global/providers/Microsoft.Authorization/policyDefinitions/DeployDiagLogicAppToEH",
            "parameters": {
                "eventHubName": {
                    "value": "[parameters('eventHubName')]"
                  },
                "eventHubAuthorizationRuleId": {
                    "value": "[parameters('eventHubAuthorizationRuleId')]"
                },
                "resourceLocation": {
                    "value": "[parameters('resourceLocation')]"
                }
            },
            "groupNames": []
        },
        {
            "policyDefinitionReferenceId": "Deploy Diagnostics Settings for IoT Hub to Event Hub Namespace",
            "policyDefinitionId": "/providers/Microsoft.Management/managementGroups/Global/providers/Microsoft.Authorization/policyDefinitions/DeployDiagnosticsIoTHubtoEH",
            "parameters": {
                "eventHubName": {
                    "value": "[parameters('eventHubName')]"
                  },
                "eventHubAuthorizationRuleId": {
                    "value": "[parameters('eventHubAuthorizationRuleId')]"
                },
                "resourceLocation": {
                    "value": "[parameters('resourceLocation')]"
                }
            },
            "groupNames": []
        },
        {
            "policyDefinitionReferenceId": "Deploy Diagnostics Settings for ADE to Event Hub Namespace",
            "policyDefinitionId": "/providers/Microsoft.Management/managementGroups/Global/providers/Microsoft.Authorization/policyDefinitions/DeployDiagDataExplorerToEH",
            "parameters": {
                "eventHubName": {
                    "value": "[parameters('eventHubName')]"
                  },
                "eventHubAuthorizationRuleId": {
                    "value": "[parameters('eventHubAuthorizationRuleId')]"
                },
                "resourceLocation": {
                    "value": "[parameters('resourceLocation')]"
                }
            },
            "groupNames": []
        },
        {
            "policyDefinitionReferenceId": "Deploy Diagnostics Settings for Container Apps to Event Hub Namespace",
            "policyDefinitionId": "/providers/Microsoft.Management/managementGroups/Global/providers/Microsoft.Authorization/policyDefinitions/DeployDiagContainerAppsToEH",
            "parameters": {
                "eventHubName": {
                    "value": "[parameters('eventHubName')]"
                  },
                "eventHubAuthorizationRuleId": {
                    "value": "[parameters('eventHubAuthorizationRuleId')]"
                },
                "resourceLocation": {
                    "value": "[parameters('resourceLocation')]"
                }
            },
            "groupNames": []
        },
        {
            "policyDefinitionReferenceId": "Deploy Diagnostics Settings for Azure Notifications Hub to Event HubNamespace",
            "policyDefinitionId": "/providers/Microsoft.Management/managementGroups/Global/providers/Microsoft.Authorization/policyDefinitions/DeployNotificationsHubToEH",
            "parameters": {
                "eventHubName": {
                    "value": "[parameters('eventHubName')]"
                  },
                "eventHubAuthorizationRuleId": {
                    "value": "[parameters('eventHubAuthorizationRuleId')]"
                },
                "resourceLocation": {
                    "value": "[parameters('resourceLocation')]"
                }
            },
            "groupNames": []
        }
    ]
}
