{
    "name": "DeployDiagResourceToLA",
    "displayName": "Deploy Diagnostics Settings for Resources to Log Analytics Workspace",
    "description": "Deploy Diagnostics Settings for Resources to Log Analytics Workspace",
    "metadata": {
        "category": "General",
        "version": "2.0.0"
    },
    "parameters": {
        "logAnalytics": {
            "type": "String",
            "metadata": {
                "displayName": "Log Analytics workspace",
                "description": "Select Log Analytics workspace from dropdown list. If this workspace is outside of the scope of the assignment you must manually grant 'Log Analytics Contributor' permissions (or similar) to the policy assignment's principal ID.",
                "strongType": "omsWorkspace",
                "assignPermissions": true
            }
        }
        },
    "policyDefinitions": [
        {
            "policyDefinitionReferenceId": "Azure Activity Logs Policy for a Log Analytics Workspace",
            "policyDefinitionId": "/providers/Microsoft.Management/managementGroups/Global/providers/Microsoft.Authorization/policyDefinitions/DeployActivityLogToLA",
            "parameters": {                
                "logAnalytics": {
                    "value": "[parameters('logAnalytics')]"
                }
            },
            "groupNames": []
        },

        {
            "policyDefinitionReferenceId": "Deploy Diagnostics Settings for Azure Container Registry to Log Analytics",
            "policyDefinitionId": "/providers/Microsoft.Management/managementGroups/Global/providers/Microsoft.Authorization/policyDefinitions/DeployDiagACRToLA",
            "parameters": {
                "logAnalytics": {
                    "value": "[parameters('logAnalytics')]"
                }
            },
            "groupNames": []
        },
        {
            "policyDefinitionReferenceId": "Deploy Diagnostics Settings for Azure Kubernetes Services to Log Analytics workspace",
            "policyDefinitionId": "/providers/Microsoft.Management/managementGroups/Global/providers/Microsoft.Authorization/policyDefinitions/DeployDiagAKSToLA",
            "parameters": {
                "logAnalytics": {
                    "value": "[parameters('logAnalytics')]"
                }
            },
            "groupNames": []
        },
        {
            "policyDefinitionReferenceId": "Deploy Diagnostics Settings for API Management to Log Analytics workspace",
            "policyDefinitionId": "/providers/Microsoft.Management/managementGroups/Global/providers/Microsoft.Authorization/policyDefinitions/DeployDiagAPIMToLA",
            "parameters": {
                "logAnalytics": {
                    "value": "[parameters('logAnalytics')]"
                }
            },
            "groupNames": []
        },
        {
            "policyDefinitionReferenceId": "Deploy Diagnostic Settings for Application Gateway to Log Analytics workspace",
            "policyDefinitionId": "/providers/Microsoft.Management/managementGroups/Global/providers/Microsoft.Authorization/policyDefinitions/DeployDiagAppGWToLA",
            "parameters": {
                "logAnalytics": {
                    "value": "[parameters('logAnalytics')]"
                }
            },
            "groupNames": []
        },
        {
            "policyDefinitionReferenceId": "Deploy Diagnostics Settings for App Service Linux to Log Analytics workspace",
            "policyDefinitionId": "/providers/Microsoft.Management/managementGroups/Global/providers/Microsoft.Authorization/policyDefinitions/DeployDiagAppLinuxToLA",
            "parameters": {
                "logAnalytics": {
                    "value": "[parameters('logAnalytics')]"
                }
            },
            "groupNames": []
        },
        {
            "policyDefinitionReferenceId": "Deploy Diagnostics Settings for App Serivce Plan to Log Analytics workspace",
            "policyDefinitionId": "/providers/Microsoft.Management/managementGroups/Global/providers/Microsoft.Authorization/policyDefinitions/DeployDiagAppSrvplanToLA",
            "parameters": {
                "logAnalytics": {
                    "value": "[parameters('logAnalytics')]"
                }
            },
            "groupNames": []
        },
        {
            "policyDefinitionReferenceId": "Deploy Diagnostics Settings for App Service to Log Analytics workspace",
            "policyDefinitionId": "/providers/Microsoft.Management/managementGroups/Global/providers/Microsoft.Authorization/policyDefinitions/DeployDiagAppServToLA",
            "parameters": {
                "logAnalytics": {
                    "value": "[parameters('logAnalytics')]"
                }
            },
            "groupNames": []
        },
        {
            "policyDefinitionReferenceId": "Deploy Diagnostics Settings for Azure Batch Accounts to Log Analytics workspace",
            "policyDefinitionId": "/providers/Microsoft.Management/managementGroups/Global/providers/Microsoft.Authorization/policyDefinitions/DeployDiagBatchToLA",
            "parameters": {
                "logAnalytics": {
                    "value": "[parameters('logAnalytics')]"
                }
            },
            "groupNames": []
        },
        {
            "policyDefinitionReferenceId": "Deploy Diagnostics Settings for Cognitive Services to Log Analytics Workspace",
            "policyDefinitionId": "/providers/Microsoft.Management/managementGroups/Global/providers/Microsoft.Authorization/policyDefinitions/DeployDiagCognitiveServicesToLA",
            "parameters": {
                "logAnalytics": {
                    "value": "[parameters('logAnalytics')]"
                }
            },
            "groupNames": []
        },
        {
            "policyDefinitionReferenceId": "Deploy Diagnostics Settings for Azure Data Factory to Log Analytics workspace",
            "policyDefinitionId": "/providers/Microsoft.Management/managementGroups/Global/providers/Microsoft.Authorization/policyDefinitions/DeployDiagDataFactoryToLA",
            "parameters": {
                "logAnalytics": {
                    "value": "[parameters('logAnalytics')]"
                }
            },
            "groupNames": []
        },
        {
            "policyDefinitionReferenceId": "Deploy Diagnostics Settings for Documentdb to Log Analytics workspace",
            "policyDefinitionId": "/providers/Microsoft.Management/managementGroups/Global/providers/Microsoft.Authorization/policyDefinitions/DeployDiagDocumentDBToLA",
            "parameters": {
                "logAnalytics": {
                    "value": "[parameters('logAnalytics')]"
                }
            },
            "groupNames": []
        },
        {
            "policyDefinitionReferenceId": "Deploy Diagnostics Settings for Event Hub Namespaces to Log Analytics workspace",
            "policyDefinitionId": "/providers/Microsoft.Management/managementGroups/Global/providers/Microsoft.Authorization/policyDefinitions/DeployDiagEHNSToLA",
            "parameters": {
                "logAnalytics": {
                    "value": "[parameters('logAnalytics')]"
                }
            },
            "groupNames": []
        },
        {
            "policyDefinitionReferenceId": "Deploy Diagnostics Settings for Function App to Log Analytics workspace",
            "policyDefinitionId": "/providers/Microsoft.Management/managementGroups/Global/providers/Microsoft.Authorization/policyDefinitions/DeployDiagFuncAppToLA",
            "parameters": {
                "logAnalytics": {
                    "value": "[parameters('logAnalytics')]"
                }
            },
            "groupNames": []
        },
        {
            "policyDefinitionReferenceId": "Deploy Diagnostics Settings for Azure Managed Grafana to Log Anaytics Workspace",
            "policyDefinitionId": "/providers/Microsoft.Management/managementGroups/Global/providers/Microsoft.Authorization/policyDefinitions/DeployDiagGrafanaToLA",
            "parameters": {
                "logAnalytics": {
                    "value": "[parameters('logAnalytics')]"
                }
            },
            "groupNames": []
        },
        {
            "policyDefinitionReferenceId": "Deploy Diagnostics Settings for Key Vaults to Log Analytics workspace",
            "policyDefinitionId": "/providers/Microsoft.Management/managementGroups/Global/providers/Microsoft.Authorization/policyDefinitions/DeployDiagKVToLA",
            "parameters": {
                "logAnalytics": {
                    "value": "[parameters('logAnalytics')]"
                }
            },
            "groupNames": []
        },
        {
            "policyDefinitionReferenceId": "Deploy Diagnostics Settings for Load Balancers to Log Analytics workspace",
            "policyDefinitionId": "/providers/Microsoft.Management/managementGroups/Global/providers/Microsoft.Authorization/policyDefinitions/DeployDiagLBToLA",
            "parameters": {
                "logAnalytics": {
                    "value": "[parameters('logAnalytics')]"
                }
            },
            "groupNames": []
        },
        {
            "policyDefinitionReferenceId": "Deploy Diagnostics Settings for Logic Workflows to Log Analytics workspace",
            "policyDefinitionId": "/providers/Microsoft.Management/managementGroups/Global/providers/Microsoft.Authorization/policyDefinitions/DeployDiagLogicWFToLA",
            "parameters": {
                "logAnalytics": {
                    "value": "[parameters('logAnalytics')]"
                }
            },
            "groupNames": []
        },
        {
            "policyDefinitionReferenceId": "Deploy Diagnostics Settings for Azure Machine Learning Workspaces to Log Analytics workspace",
            "policyDefinitionId": "/providers/Microsoft.Management/managementGroups/Global/providers/Microsoft.Authorization/policyDefinitions/DeployDiagMLWorkspacesToLA",
            "parameters": {
                "logAnalytics": {
                    "value": "[parameters('logAnalytics')]"
                }
            },
            "groupNames": []
        },
        {
            "policyDefinitionReferenceId": "Deploy Diagnostics Settings for Network Security Groups to Log Analytics workspace",
            "policyDefinitionId": "/providers/Microsoft.Management/managementGroups/Global/providers/Microsoft.Authorization/policyDefinitions/DeployDiagNSGToLA",
            "parameters": {
                "logAnalytics": {
                    "value": "[parameters('logAnalytics')]"
                }
            },
            "groupNames": []
        },
        {
            "policyDefinitionReferenceId": "Deploy Diagnostics Settings for NIC to Log Analytics workspace",
            "policyDefinitionId": "/providers/Microsoft.Management/managementGroups/Global/providers/Microsoft.Authorization/policyDefinitions/DeployDiagNICToLA",
            "parameters": {
                "logAnalytics": {
                    "value": "[parameters('logAnalytics')]"
                }
            },
            "groupNames": []
        },
        {
            "policyDefinitionReferenceId": "Deploy Diagnostics Settings for Azure Database for PostgreSQL flexible  server to Log Analytics workspace",
            "policyDefinitionId": "/providers/Microsoft.Management/managementGroups/Global/providers/Microsoft.Authorization/policyDefinitions/DeployDiagPGSQLflexToLA",
            "parameters": {
                "logAnalytics": {
                    "value": "[parameters('logAnalytics')]"
                }
            },
            "groupNames": []
        },
        {
            "policyDefinitionReferenceId": "Deploy Diagnostics Settings for Recovery Vaults to Log Analytics workspace",
            "policyDefinitionId": "/providers/Microsoft.Management/managementGroups/Global/providers/Microsoft.Authorization/policyDefinitions/DeployDiagRVToLA",
            "parameters": {
                "logAnalytics": {
                    "value": "[parameters('logAnalytics')]"
                }
            },
            "groupNames": []
        },
        {
            "policyDefinitionReferenceId": "Deploy Diagnostics Settings for Azure Cache for Redis to Log Analytics workspace",
            "policyDefinitionId": "/providers/Microsoft.Management/managementGroups/Global/providers/Microsoft.Authorization/policyDefinitions/DeployDiagRedisCacheToLA",
            "parameters": {
                "logAnalytics": {
                    "value": "[parameters('logAnalytics')]"
                }
            },
            "groupNames": []
        },
        {
            "policyDefinitionReferenceId": "Deploy Diagnostics Settings for Service Bus to Log Analytics workspace",
            "policyDefinitionId": "/providers/Microsoft.Management/managementGroups/Global/providers/Microsoft.Authorization/policyDefinitions/DeployDiagSrvBusToLA",
            "parameters": {
                "logAnalytics": {
                    "value": "[parameters('logAnalytics')]"
                }
            },
            "groupNames": []
        },
        {
            "policyDefinitionReferenceId": "Deploy Diagnostics Settings for SQL Databases to Log Analytics workspace",
            "policyDefinitionId": "/providers/Microsoft.Management/managementGroups/Global/providers/Microsoft.Authorization/policyDefinitions/DeployDiagSQLSrverToLA",
            "parameters": {
                "logAnalytics": {
                    "value": "[parameters('logAnalytics')]"
                }
            },
            "groupNames": []
        },

        {
            "policyDefinitionReferenceId": "Deploy Diagnostics Settings for Storage Account Queue Services to Log Analytics Workspace",
            "policyDefinitionId": "/providers/Microsoft.Management/managementGroups/Global/providers/Microsoft.Authorization/policyDefinitions/DeployDiagSAQueueToLA",
            "parameters": {
                "logAnalytics": {
                    "value": "[parameters('logAnalytics')]"
                }
            },
            "groupNames": []
        },

        {
            "policyDefinitionReferenceId": "Deploy Diagnostics Settings for Storage Account Table Services to Log Analytics Workspace",
            "policyDefinitionId": "/providers/Microsoft.Management/managementGroups/Global/providers/Microsoft.Authorization/policyDefinitions/DeployDiagSATableToLA",
            "parameters": {
                "logAnalytics": {
                    "value": "[parameters('logAnalytics')]"
                }
            },
            "groupNames": []
        },

        {
            "policyDefinitionReferenceId": "Deploy Diagnostics Settings for Storage Account File Services to Log Analytics Workspace",
            "policyDefinitionId": "/providers/Microsoft.Management/managementGroups/Global/providers/Microsoft.Authorization/policyDefinitions/DeployDiagSAFileToLA",
            "parameters": {
                "logAnalytics": {
                    "value": "[parameters('logAnalytics')]"
                }
            },
            "groupNames": []
        },

        {
            "policyDefinitionReferenceId": "Deploy Diagnostics Settings for Storage Account Blob Services to Log Analytics Workspace",
            "policyDefinitionId": "/providers/Microsoft.Management/managementGroups/Global/providers/Microsoft.Authorization/policyDefinitions/DeployDiagSABlobToLA",
            "parameters": {
                "logAnalytics": {
                    "value": "[parameters('logAnalytics')]"
                }
            },
            "groupNames": []
        },

        {
            "policyDefinitionReferenceId": "Deploy Diagnostics Settings for Virtual Machines to Log Analytics workspace",
            "policyDefinitionId": "/providers/Microsoft.Management/managementGroups/Global/providers/Microsoft.Authorization/policyDefinitions/DeployDiagVMToLA",
            "parameters": {
                "logAnalytics": {
                    "value": "[parameters('logAnalytics')]"
                }
            },
            "groupNames": []
        },
        {
            "policyDefinitionReferenceId": "Deploy Diagnostics Settings for Azure Web PubSub Services to Log Analytics workspace",
            "policyDefinitionId": "/providers/Microsoft.Management/managementGroups/Global/providers/Microsoft.Authorization/policyDefinitions/DeployDiagWebPubSubToLA",
            "parameters": {
                "logAnalytics": {
                    "value": "[parameters('logAnalytics')]"
                }
            },
            "groupNames": []
        },
        {
            "policyDefinitionReferenceId": "Deploy Diagnostics Settings for AI Search Services to Log Analytics workspace",
            "policyDefinitionId": "/providers/Microsoft.Management/managementGroups/Global/providers/Microsoft.Authorization/policyDefinitions/DeployDiagAISearchToLA",
            "parameters": {
                "logAnalytics": {
                    "value": "[parameters('logAnalytics')]"
                }
            },
            "groupNames": []
        },
        {
            "policyDefinitionReferenceId": "Deploy Diagnostics Settings for IoT Hub to Log Analytics workspace",
            "policyDefinitionId": "/providers/Microsoft.Management/managementGroups/Global/providers/Microsoft.Authorization/policyDefinitions/DeployDiagnosticsIoTHubToLA",
            "parameters": {
                "logAnalytics": {
                    "value": "[parameters('logAnalytics')]"
                }
            },
            "groupNames": []
        },
        {
            "policyDefinitionReferenceId": "Deploy Diagnostics Settings for ADE to Log Analytics workspace",
            "policyDefinitionId": "/providers/Microsoft.Management/managementGroups/Global/providers/Microsoft.Authorization/policyDefinitions/DeployDiagDataExplorerToLA",
            "parameters": {
                "logAnalytics": {
                    "value": "[parameters('logAnalytics')]"
                }
            },
            "groupNames": []
        },
        {
            "policyDefinitionReferenceId": "Deploy Diagnostic Settings for Container Apps to Log Analytics workspace",
            "policyDefinitionId": "/providers/Microsoft.Management/managementGroups/Global/providers/Microsoft.Authorization/policyDefinitions/DeployContainerAppsEnvironmentToLA",
            "parameters": {
                "logAnalytics": {
                    "value": "[parameters('logAnalytics')]"
                }
            },
            "groupNames": []
        },
                {
            "policyDefinitionReferenceId": "Deploy Diagnostics Settings for Notifications Hub to Log Analytics",
            "policyDefinitionId": "/providers/Microsoft.Management/managementGroups/Global/providers/Microsoft.Authorization/policyDefinitions/DeployNotificationsHubEnvironmentToLA",
            "parameters": {
                "logAnalytics": {
                    "value": "[parameters('logAnalytics')]"
                }
            },
            "groupNames": []
        }

    ]
}
