{
    "name": "DeployBootDiagnosticforvirtualMachinesforuk",
    "displayName": "Initiative to Deploy Boot Diagnostics Settings for Virtual Machine for UK",
    "description": "Initiative to Deploy Boot Diagnostics Settings for Virtual Machine for UK",
    "metadata": {
        "category": "Monitoring",
        "version": "1.0.0"
    },
    "parameters": {},
    "policyDefinitions": [
        {
          "policyDefinitionReferenceId": "Deploy Boot Diagnostics Settings for Virtual Machines",
          "policyDefinitionId": "/providers/Microsoft.Management/managementGroups/Global/providers/Microsoft.Authorization/policyDefinitions/DeployBootDiagnosticsVM",
          "parameters": {},
          "groupNames": []
      }
    ]
}
