{
    "name": "DeployDiagResource",
    "displayName": "Deploy Diagnostics Settings for Resources",
    "description": "Deploy Diagnostics Settings for Resources",
    "metadata": {
        "category": "General",
        "version": "1.0.0"
    },
    "parameters": {
        "logAnalytics": {
            "type": "String",
            "metadata": {
                "displayName": "Log Analytics workspace",
                "description": "Select Log Analytics workspace from dropdown list. If this workspace is outside of the scope of the assignment you must manually grant 'Log Analytics Contributor' permissions (or similar) to the policy assignment's principal ID.",
                "strongType": "omsWorkspace",
                "assignPermissions": true
            }
        },
        "eventHubName": {
            "type": "String",           
            "metadata": {
              "displayName": "Event Hub Name",
              "description": "Specify the name of the Event Hub"
            }
          },
        "eventHubAuthorizationRuleId": {
            "type": "String",            
            "metadata": {            
              "displayName": "Event Hub Authorization Rule Id",
              "description": "Specify the Event Hub Authorization Rule Id",
              "assignPermissions": true
            }           
          },
        "resourceLocation": {
            "type": "String",
            "metadata": {
              "displayName": "Resource Location",
              "description": "Resource Location must be in the same location as the Event Hub Namespace.",
              "strongType": "location"
            }
          }
        },
    "policyDefinitions": [
        {
            "policyDefinitionReferenceId": "Deploys diagnostic settings for Express Routes Circuits - Log Analytics",
            "policyDefinitionId": "/providers/Microsoft.Management/managementGroups/Global/providers/Microsoft.Authorization/policyDefinitions/DeployDiagnosticsExR",
            "parameters": {
                "logAnalytics": {
                    "value": "[parameters('logAnalytics')]"
                }
            },
            "groupNames": []
        },
        {
            "policyDefinitionReferenceId": "Deploys diagnostic settings for Azure Firewalls - Log Analytics",
            "policyDefinitionId": "/providers/Microsoft.Management/managementGroups/Global/providers/Microsoft.Authorization/policyDefinitions/DeployDiagnosticsFW",
            "parameters": {
                "logAnalytics": {
                    "value": "[parameters('logAnalytics')]"
                }
            },
            "groupNames": []
        }, 
        {
            "policyDefinitionReferenceId": "Deploys diagnostic settings for Public IPs - Log Analytics",
            "policyDefinitionId": "/providers/Microsoft.Management/managementGroups/Global/providers/Microsoft.Authorization/policyDefinitions/DeployDiagnosticsPubIP",
            "parameters": {
                "logAnalytics": {
                    "value": "[parameters('logAnalytics')]"
                },
                "eventHubName": {
                    "value": "[parameters('eventHubName')]"
                },
                "eventHubAuthorizationRuleId": {
                    "value": "[parameters('eventHubAuthorizationRuleId')]"
                },
                "resourceLocation": {
                    "value": "[parameters('resourceLocation')]"
                }
            },
            "groupNames": []
        }, 
        {
            "policyDefinitionReferenceId": "Deploys diagnostic settings for Virtual Networks - Log Analytics",
            "policyDefinitionId": "/providers/Microsoft.Management/managementGroups/Global/providers/Microsoft.Authorization/policyDefinitions/DeployDiagnosticsVNet",
            "parameters": {
                "logAnalytics": {
                    "value": "[parameters('logAnalytics')]"
                },
                "eventHubName": {
                    "value": "[parameters('eventHubName')]"
                },
                "eventHubAuthorizationRuleId": {
                    "value": "[parameters('eventHubAuthorizationRuleId')]"
                },
                "resourceLocation": {
                    "value": "[parameters('resourceLocation')]"
                }
            },
            "groupNames": []
        }, 
        {
            "policyDefinitionReferenceId": "Deploys diagnostic settings for Virtual Network Gateways - Log Analytics",
            "policyDefinitionId": "/providers/Microsoft.Management/managementGroups/Global/providers/Microsoft.Authorization/policyDefinitions/DeployDiagnosticsVNetGW",
            "parameters": {
                "logAnalytics": {
                    "value": "[parameters('logAnalytics')]"
                }
            },
            "groupNames": []
        }, 
        {
            "policyDefinitionReferenceId": "Deploys diagnostic settings for Azure Automation Accounts - Log Analytics and EventHub",
            "policyDefinitionId": "/providers/Microsoft.Management/managementGroups/Global/providers/Microsoft.Authorization/policyDefinitions/DeployDiagnosticsAAA",
            "parameters": {
                "logAnalytics": {
                    "value": "[parameters('logAnalytics')]"
                },
                "eventHubName": {
                    "value": "[parameters('eventHubName')]"
                },
                "eventHubAuthorizationRuleId": {
                    "value": "[parameters('eventHubAuthorizationRuleId')]"
                },
                "resourceLocation": {
                    "value": "[parameters('resourceLocation')]"
                }
            },
            "groupNames": []
        },
        {
            "policyDefinitionReferenceId": "Deploy Diagnostics Settings for Bastion Hosts - Log Analytics and Event Hub",
            "policyDefinitionId": "/providers/Microsoft.Management/managementGroups/Global/providers/Microsoft.Authorization/policyDefinitions/DeployDiagnosticsBastion",
            "parameters": {
                "logAnalytics": {
                    "value": "[parameters('logAnalytics')]"
                },
                "eventHubName": {
                    "value": "[parameters('eventHubName')]"
                },
                "eventHubAuthorizationRuleId": {
                    "value": "[parameters('eventHubAuthorizationRuleId')]"
                },
                "resourceLocation": {
                    "value": "[parameters('resourceLocation')]"
                }
            },
            "groupNames": []
        },
        {
            "policyDefinitionReferenceId": "Deploy Diagnostics Settings for Microsoft.Network/connections - Log Analytics",
            "policyDefinitionId": "/providers/Microsoft.Management/managementGroups/Global/providers/Microsoft.Authorization/policyDefinitions/DeployDiagnosticsNetCon",
            "parameters": {
                "logAnalytics": {
                    "value": "[parameters('logAnalytics')]"
                }
            },
            "groupNames": []
        },
        {
            "policyDefinitionReferenceId": "Deploy Diagnostics Settings for OpInsightWorkspace - Log Analytics and Event Hub",
            "policyDefinitionId": "/providers/Microsoft.Management/managementGroups/Global/providers/Microsoft.Authorization/policyDefinitions/DeployDiagnosticsOpInWS",
            "parameters": {
              "logAnalytics": {
                "value": "[parameters('logAnalytics')]"
              },
              "eventHubName": {
                "value": "[parameters('eventHubName')]"
              },
              "eventHubAuthorizationRuleId": {
                "value": "[parameters('eventHubAuthorizationRuleId')]"
            },
              "resourceLocation": {
                "value": "[parameters('resourceLocation')]"
            }
          },            
            "groupNames": []
        }
    ]
}
