{
  "name": "DeployBootDiagnosticforvirtualMachinesforus",
  "displayName": "Initiative to Deploy Boot Diagnostics Settings for Virtual Machine for US",
  "description": "Initiative to Deploy Boot Diagnostics Settings for Virtual Machine for US",
  "metadata": {
      "category": "Monitoring",
      "version": "1.0.0"
  },
  "parameters": {},
  "policyDefinitions": [
      {
        "policyDefinitionReferenceId": "Deploy Boot Diagnostics Settings for Virtual Machines",
        "policyDefinitionId": "/providers/Microsoft.Management/managementGroups/Global/providers/Microsoft.Authorization/policyDefinitions/DeployBootDiagnosticsVM",
        "parameters": {},
        "groupNames": []
    }
  ]
}
