{
    "name": "EventHubSecurityInitiative",
    "displayName": "Event Hub Security Initiative",
    "description": "Security Policies Related to Event Hub",
    "metadata": {
      "category": "Security",
      "version": "1.0.0"
    },
    "parameters": {
        "effect": {
            "type": "String",
            "metadata": {
                "displayName": "Effect",
                "description": "Enable or disable the execution of the policy"
            },
            "allowedValues": [
                "AuditIfNotExists",
                "Audit",
                "Disabled"
            ],
            "defaultValue": "AuditIfNotExists"
        }
    },
    "policyDefinitions": [
      {
        "policyDefinitionReferenceId": "Event Hub namespaces should use private link",
        "policyDefinitionId": "/providers/Microsoft.Authorization/policyDefinitions/b8564268-eb4a-4337-89be-a19db070c59d",
        "parameters": {
          "effect": { "value": "AuditIfNotExists" }
        }
      },
      {
        "policyDefinitionReferenceId": "Event Hub Namespaces should disable public network access",
        "policyDefinitionId": "/providers/Microsoft.Authorization/policyDefinitions/0602787f-9896-402a-a6e1-39ee63ee435e",
        "parameters": {
          "effect": { "value": "Audit" }
        }
      }
    ]
  }