{
  "name": "FunctionSecurityInitiativeDefinition",
  "displayName": "Azure Function Security Initiative",
  "description": "Azure Function App Audit Security",
  "metadata": {
    "category": "App Service",
    "version": "1.0.0"
  },
  "parameters": {
    "0e60b895-3786-45da-8377-9c6b4b6ac5f9": {
      "type": "string",
      "metadata": {
        "displayName": "Remote debugging requires inbound ports to be opened on function apps. Remote debugging should be turned off."
      },
      "defaultValue": "AuditIfNotExists",
      "allowedValues": [
        "AuditIfNotExists",
        "Disabled"
      ]
    },
    "cb510bfd-1cba-4d9f-a230-cb0976f4bb71": {
      "type": "string",
      "metadata": {
        "displayName": "Remote debugging requires inbound ports to be opened on a web application. Remote debugging should be turned off."
      },
      "defaultValue": "AuditIfNotExists",
      "allowedValues": [
        "AuditIfNotExists",
        "Disabled"
      ]
    },
    "0820b7b9-23aa-4725-a1ce-ae4558f718e5": {
      "type": "string",
      "metadata": {
        "displayName": "CORS should not allow every resource to access your Function Apps"
      },
      "defaultValue": "AuditIfNotExists",
      "allowedValues": [
        "AuditIfNotExists",
        "Disabled"
      ]
    },
    "5744710e-cc2f-4ee8-8809-3b11e89f4bc9": {
      "type": "string",
      "metadata": {
        "displayName": "CORS should not allow every resource to access your Web Applications"
      },
      "defaultValue": "AuditIfNotExists",
      "allowedValues": [
        "AuditIfNotExists",
        "Disabled"
      ]
    },
    "399b2637-a50f-4f95-96f8-3a145476eb15": {
      "type": "string",
      "metadata": {
        "displayName": "FTPS only should be required in your Function App"
      },
      "defaultValue": "AuditIfNotExists",
      "allowedValues": [
        "AuditIfNotExists",
        "Disabled"
      ]
    },
    "4d24b6d4-5e53-4a4f-a7f4-618fa573ee4b": {
      "type": "string",
      "metadata": {
        "displayName": "FTPS should be required in your Web App"
      },
      "defaultValue": "AuditIfNotExists",
      "allowedValues": [
        "AuditIfNotExists",
        "Disabled"
      ]
    },
    "e2c1c086-2d84-4019-bff3-c44ccd95113c": {
      "type": "string",
      "metadata": {
        "displayName": "Ensure that 'HTTP Version' is the latest, if used to run the Function app"
      },
      "defaultValue": "AuditIfNotExists",
      "allowedValues": [
        "AuditIfNotExists",
        "Disabled"
      ]
    },
    "8c122334-9d20-4eb8-89ea-ac9a705b74ae": {
      "type": "string",
      "metadata": {
        "displayName": "Ensure that 'HTTP Version' is the latest, if used to run the Web app"
      },
      "defaultValue": "AuditIfNotExists",
      "allowedValues": [
        "AuditIfNotExists",
        "Disabled"
      ]
    },
    "f9d614c5-c173-4d56-95a7-b4437057d193": {
      "type": "string",
      "metadata": {
        "displayName": "Latest TLS version should be used in your Function App"
      },
      "defaultValue": "AuditIfNotExists",
      "allowedValues": [
        "AuditIfNotExists",
        "Disabled"
      ]
    },
    "f0e6e85b-9b9f-4a4b-b67b-f730d42f1b0b": {
      "type": "string",
      "metadata": {
        "displayName": "Latest TLS version should be used in your Web App"
      },
      "defaultValue": "AuditIfNotExists",
      "allowedValues": [
        "AuditIfNotExists",
        "Disabled"
      ]
    },
    "496223c3-ad65-4ecd-878a-bae78737e9ed": {
      "type": "string",
      "metadata": {
        "displayName": "Ensure that 'Java version' is the latest, if used as a part of the Web app"
      },
      "defaultValue": "AuditIfNotExists",
      "allowedValues": [
        "AuditIfNotExists",
        "Disabled"
      ]
    },
    "9d0b6ea4-93e2-4578-bf2f-6bb17d22b4bc": {
      "type": "string",
      "metadata": {
        "displayName": "Ensure that 'Java version' is the latest, if used as a part of the Function app"
      },
      "defaultValue": "AuditIfNotExists",
      "allowedValues": [
        "AuditIfNotExists",
        "Disabled"
      ]
    },
    "7008174a-fd10-4ef0-817e-fc820a951d73": {
      "type": "string",
      "metadata": {
        "displayName": "Ensure that 'Python version' is the latest, if used as a part of the Web app"
      },
      "defaultValue": "AuditIfNotExists",
      "allowedValues": [
        "AuditIfNotExists",
        "Disabled"
      ]
    },
    "7238174a-fd10-4ef0-817e-fc820a951d73": {
      "type": "string",
      "metadata": {
        "displayName": "Ensure that 'Python version' is the latest, if used as a part of the Function app"
      },
      "defaultValue": "AuditIfNotExists",
      "allowedValues": [
        "AuditIfNotExists",
        "Disabled"
      ]
    },
    "7261b898-8a84-4db8-9e04-18527132abb3": {
      "type": "string",
      "metadata": {
        "displayName": "Ensure that 'PHP version' is the latest, if used as a part of the WEB app"
      },
      "defaultValue": "AuditIfNotExists",
      "allowedValues": [
        "AuditIfNotExists",
        "Disabled"
      ]
    },
    "6d555dd1-86f2-4f1c-8ed7-5abae7c6cbab": {
      "type": "string",
      "metadata": {
        "displayName": "API, Function, and Web apps should only be accessible over HTTPS"
      },
      "defaultValue": "Audit",
      "allowedValues": [
        "Audit",
        "Deny",
        "Disabled"
      ]
    },
    "AppSrvPvtEndpoint-effect": {
      "type": "string",
      "metadata": {
        "displayName": "Private endpoint connections on App Service should be enabled"
      },
      "defaultValue": "AuditIfNotExists",
      "allowedValues": [
        "AuditIfNotExists",
        "Disabled"
      ]
    },
    "AppServiceRequiresvNetIntegration-effect": {
      "type": "string",
      "metadata": {
        "displayName": "Azure App Service should have vNet integration enabled"
      },
      "defaultValue": "AuditIfNotExists",
      "allowedValues": [
        "AuditIfNotExists",
        "Disabled"
      ]
    },
    "AppSRVRequiresMI-effect": {
      "type": "string",
      "metadata": {
        "displayName": "Managed identity should be used in your Function,API, Web App"
      },
      "defaultValue": "AuditIfNotExists",
      "allowedValues": [
        "AuditIfNotExists",
        "Disabled"
      ]
    },
    "UseAseForNetworkIsolation-effect": {
      "type": "string",
      "metadata": {
        "displayName": "Utilize App Service Environment for Network Isolation"
      },
      "defaultValue": "Disabled",
      "allowedValues": [
        "Deny",
        "Disabled"
      ]
    },
    "HTTPSAppsRequireAppGWFrontEnd-effect": {
      "type": "string",
      "metadata": {
        "displayName": "HTTPS Triggered Apps Require App Gateway(WAF) Front End"
      },
      "defaultValue": "auditIfNotExists",
      "allowedValues": [
        "auditIfNotExists",
        "disabled"
      ]
    }
  },
  "policyDefinitions": [
    {
      "policyDefinitionReferenceId": "Remote debugging should be turned off for Function Apps",
      "policyDefinitionId": "/providers/Microsoft.Authorization/policyDefinitions/0e60b895-3786-45da-8377-9c6b4b6ac5f9",
      "parameters": {
        "effect": {
          "value": "[parameters('0e60b895-3786-45da-8377-9c6b4b6ac5f9')]"
        }
      },
      "groupNames": []
    },
    {
      "policyDefinitionReferenceId": "Remote debugging should be turned off for Web Applications",
      "policyDefinitionId": "/providers/Microsoft.Authorization/policyDefinitions/cb510bfd-1cba-4d9f-a230-cb0976f4bb71",
      "parameters": {
        "effect": {
          "value": "[parameters('cb510bfd-1cba-4d9f-a230-cb0976f4bb71')]"
        }
      },
      "groupNames": []
    },
    {
      "policyDefinitionReferenceId": "CORS should not allow every resource to access your Function Apps",
      "policyDefinitionId": "/providers/Microsoft.Authorization/policyDefinitions/0820b7b9-23aa-4725-a1ce-ae4558f718e5",
      "parameters": {
        "effect": {
          "value": "[parameters('0820b7b9-23aa-4725-a1ce-ae4558f718e5')]"
        }
      },
      "groupNames": []
    },
    {
      "policyDefinitionReferenceId": "CORS should not allow every resource to access your Web Applications",
      "policyDefinitionId": "/providers/Microsoft.Authorization/policyDefinitions/5744710e-cc2f-4ee8-8809-3b11e89f4bc9",
      "parameters": {
        "effect": {
          "value": "[parameters('5744710e-cc2f-4ee8-8809-3b11e89f4bc9')]"
        }
      },
      "groupNames": []
    },
    {
      "policyDefinitionReferenceId": "FTPS only should be required in your Function App",
      "policyDefinitionId": "/providers/Microsoft.Authorization/policyDefinitions/399b2637-a50f-4f95-96f8-3a145476eb15",
      "parameters": {
        "effect": {
          "value": "[parameters('399b2637-a50f-4f95-96f8-3a145476eb15')]"
        }
      },
      "groupNames": []
    },
    {
      "policyDefinitionReferenceId": "FTPS should be required in your Web App",
      "policyDefinitionId": "/providers/Microsoft.Authorization/policyDefinitions/4d24b6d4-5e53-4a4f-a7f4-618fa573ee4b",
      "parameters": {
        "effect": {
          "value": "[parameters('4d24b6d4-5e53-4a4f-a7f4-618fa573ee4b')]"
        }
      },
      "groupNames": []
    },
    {
      "policyDefinitionReferenceId": "Ensure that 'HTTP Version' is the latest, if used to run the Function app",
      "policyDefinitionId": "/providers/Microsoft.Authorization/policyDefinitions/e2c1c086-2d84-4019-bff3-c44ccd95113c",
      "parameters": {
        "effect": {
          "value": "[parameters('e2c1c086-2d84-4019-bff3-c44ccd95113c')]"
        }
      },
      "groupNames": []
    },
    {
      "policyDefinitionReferenceId": "Ensure that 'HTTP Version' is the latest, if used to run the Web app",
      "policyDefinitionId": "/providers/Microsoft.Authorization/policyDefinitions/8c122334-9d20-4eb8-89ea-ac9a705b74ae",
      "parameters": {
        "effect": {
          "value": "[parameters('8c122334-9d20-4eb8-89ea-ac9a705b74ae')]"
        }
      },
      "groupNames": []
    },
    {
      "policyDefinitionReferenceId": "Latest TLS version should be used in your Function App",
      "policyDefinitionId": "/providers/Microsoft.Authorization/policyDefinitions/f9d614c5-c173-4d56-95a7-b4437057d193",
      "parameters": {
        "effect": {
          "value": "[parameters('f9d614c5-c173-4d56-95a7-b4437057d193')]"
        }
      },
      "groupNames": []
    },
    {
      "policyDefinitionReferenceId": "Latest TLS version should be used in your Web App",
      "policyDefinitionId": "/providers/Microsoft.Authorization/policyDefinitions/f0e6e85b-9b9f-4a4b-b67b-f730d42f1b0b",
      "parameters": {
        "effect": {
          "value": "[parameters('f0e6e85b-9b9f-4a4b-b67b-f730d42f1b0b')]"
        }
      },
      "groupNames": []
    },
    {
      "policyDefinitionReferenceId": "Ensure that 'Java version' is the latest, if used as a part of the Web app",
      "policyDefinitionId": "/providers/Microsoft.Authorization/policyDefinitions/496223c3-ad65-4ecd-878a-bae78737e9ed",
      "parameters": {
        "effect": {
          "value": "[parameters('496223c3-ad65-4ecd-878a-bae78737e9ed')]"
        }
      },
      "groupNames": []
    },
    {
      "policyDefinitionReferenceId": "Ensure that 'Java version' is the latest, if used as a part of the Function app",
      "policyDefinitionId": "/providers/Microsoft.Authorization/policyDefinitions/9d0b6ea4-93e2-4578-bf2f-6bb17d22b4bc",
      "parameters": {
        "effect": {
          "value": "[parameters('9d0b6ea4-93e2-4578-bf2f-6bb17d22b4bc')]"
        }
      },
      "groupNames": []
    },
    {
      "policyDefinitionReferenceId": "Ensure that 'Python version' is the latest, if used as a part of the Web app",
      "policyDefinitionId": "/providers/Microsoft.Authorization/policyDefinitions/7008174a-fd10-4ef0-817e-fc820a951d73",
      "parameters": {
        "effect": {
          "value": "[parameters('7008174a-fd10-4ef0-817e-fc820a951d73')]"
        }
      },
      "groupNames": []
    },
    {
      "policyDefinitionReferenceId": "Ensure that 'Python version' is the latest, if used as a part of the Function app",
      "policyDefinitionId": "/providers/Microsoft.Authorization/policyDefinitions/7238174a-fd10-4ef0-817e-fc820a951d73",
      "parameters": {
        "effect": {
          "value": "[parameters('7238174a-fd10-4ef0-817e-fc820a951d73')]"
        }
      },
      "groupNames": []
    },
    {
      "policyDefinitionReferenceId": "Ensure that 'PHP version' is the latest, if used as a part of the WEB app",
      "policyDefinitionId": "/providers/Microsoft.Authorization/policyDefinitions/7261b898-8a84-4db8-9e04-18527132abb3",
      "parameters": {
        "effect": {
          "value": "[parameters('7261b898-8a84-4db8-9e04-18527132abb3')]"
        }
      },
      "groupNames": []
    },
    {
      "policyDefinitionReferenceId": "App Service apps should have 'Client Certificates (Incoming client certificates)' enabled",
      "policyDefinitionId": "/providers/Microsoft.Authorization/policyDefinitions/5bb220d9-2698-4ee4-8404-b9c30c9df609",
      "parameters": {},
      "groupNames": []
    },
    {
      "policyDefinitionReferenceId": "Function apps should have 'Client Certificates (Incoming client certificates)' enabled",
      "policyDefinitionId": "/providers/Microsoft.Authorization/policyDefinitions/eaebaea7-8013-4ceb-9d14-7eb32271373c",
      "parameters": {},
      "groupNames": []
    },
    {
      "policyDefinitionReferenceId": "API, Function, and Web apps should only be accessible over HTTPS",
      "policyDefinitionId": "/providers/Microsoft.Management/managementGroups/Global/providers/Microsoft.Authorization/policyDefinitions/AppSrvAccessOverHTTPS",
      "parameters": {
        "effect": {
          "value": "[parameters('6d555dd1-86f2-4f1c-8ed7-5abae7c6cbab')]"
        }
      },
      "groupNames": []
    },
    {
      "policyDefinitionReferenceId": "Private endpoint connections on App Service should be enabled",
      "policyDefinitionId": "/providers/Microsoft.Management/managementGroups/Global/providers/Microsoft.Authorization/policyDefinitions/AppSrvPvtEndpoint",
      "parameters": {
        "effect": {
          "value": "[parameters('AppSrvPvtEndpoint-effect')]"
        }
      },
      "groupNames": []
    },
    {
      "policyDefinitionReferenceId": "Azure App Service should have vNet integration enabled",
      "policyDefinitionId": "/providers/Microsoft.Management/managementGroups/Global/providers/Microsoft.Authorization/policyDefinitions/AppServiceRequiresvNetIntegration",
      "parameters": {
        "effect": {
          "value": "[parameters('AppServiceRequiresvNetIntegration-effect')]"
        }
      },
      "groupNames": []
    },
    {
      "policyDefinitionReferenceId": "Managed identity should be used in your Function,API, Web App",
      "policyDefinitionId": "/providers/Microsoft.Management/managementGroups/Global/providers/Microsoft.Authorization/policyDefinitions/AppSRVRequiresMI",
      "parameters": {
        "effect": {
          "value": "[parameters('AppSRVRequiresMI-effect')]"
        }
      },
      "groupNames": []
    },
    {
      "policyDefinitionReferenceId": "Utilize App Service Environment for Network Isolation",
      "policyDefinitionId": "/providers/Microsoft.Management/managementGroups/Global/providers/Microsoft.Authorization/policyDefinitions/UseAseForNetworkIsolation",
      "parameters": {
        "effect": {
          "value": "[parameters('UseAseForNetworkIsolation-effect')]"
        }
      },
      "groupNames": []
    },
    {
      "policyDefinitionReferenceId": "HTTPS Triggered Apps Require App Gateway(WAF) Front End",
      "policyDefinitionId": "/providers/Microsoft.Management/managementGroups/Global/providers/Microsoft.Authorization/policyDefinitions/HTTPSAppsRequireAppGWFrontEnd",
      "parameters": {
        "effect": {
          "value": "[parameters('HTTPSAppsRequireAppGWFrontEnd-effect')]"
        },
        "tier": {
          "value": [
            "WAF",
            "WAF_v2"
          ]
        }
      },
      "groupNames": []
    }
  ]
}
