{
    "name": "GrafanaInitiativeDef",
    "displayName": "Azure Managed Grafana Initiative",
    "description":  "Azure Managed Grafana Initiative contains three policies",
    "metadata": {
      "category": "Managed Grafana",
      "version": "1.0.0"
    },
  "parameters": {
    "effect": {
      "type": "String",
      "metadata": {
          "displayName": "Effect",
          "description": "Enable or disable the execution of the policy"
      }
  }
    },
  
    "policyDefinitions": [
      {
        "policyDefinitionReferenceId": "Azure Managed Grafana to disable public network access",
        "policyDefinitionId": "/providers/Microsoft.Management/managementGroups/Global/providers/Microsoft.Authorization/policyDefinitions/GrafanaDiasablePublicAccess",
        "parameters": {
            "effect": {
              "value": "[parameters('effect')]"
            }
        },
        "groupNames": []
      },
      {
        "policyDefinitionReferenceId": "Azure Managed Grafana should use a managed identity",
        "policyDefinitionId": "/providers/Microsoft.Management/managementGroups/Global/providers/Microsoft.Authorization/policyDefinitions/GrafanaRequiresManagedIdentity",
        "parameters": {
            "effect": {
              "value": "[parameters('effect')]"
            }
        },
        "groupNames": []
      }
        ]
  }