{
    "name": "IoTHubInitiativeDef",
    "displayName": "IoTHub Initiative",
    "description": "IoTHub Initiative contains five policies",
    "metadata": {
      "category": "Azure AI Search Services",
      "version": "1.0.0"
    },
  "parameters": {
    "df39c015-56a4-45de-b4a3-efe77bed320d": {
              "type": "string",
              "metadata": {
                  "displayName": ""
              },   
              "defaultValue": "Audit",         
              "allowedValues": [
                "Audit",
                "Disabled"
              ]
          },
          "0d40b058-9f95-4a19-93e3-9b0330baa2a3": {
              "type": "string",
              "metadata": {
                  "displayName": ""
              },   
              "defaultValue": "Audit",         
              "allowedValues": [
                "Audit",
                "Disabled"
              ]
          },
          "859dfc91-ea35-43a6-8256-31271c363794": {
            "type": "string",
            "metadata": {
              "displayName": ""
            },   
            "defaultValue": "Modify",         
            "allowedValues": [
                "Modify",
                "Disabled"
            ]
          },
          "114eec6e-5e59-4bad-999d-6eceeb39d582": {
            "type": "string",
            "metadata": {
                "displayName": ""
            },   
            "defaultValue": "Modify",         
            "allowedValues": [
              "Modify",
              "Disabled"
            ]
        },
        "2d6830fb-07eb-48e7-8c4d-2a442b35f0fb": {
          "type": "string",
          "metadata": {
              "displayName": ""
          },   
          "defaultValue": "Deny",         
          "allowedValues": [
            "Audit",
            "Deny",
            "Disabled"
          ]
      }
    },
  
    "policyDefinitions": [
      {
        "policyDefinitionReferenceId": "IoT Hub device provisioning service instances should use private link",
        "policyDefinitionId": "/providers/Microsoft.Authorization/policyDefinitions/df39c015-56a4-45de-b4a3-efe77bed320d",
        "parameters": {
            "effect": {
              "value": "[parameters('df39c015-56a4-45de-b4a3-efe77bed320d')]"
            }
        },
        "groupNames": []
      },
      {
        "policyDefinitionReferenceId": "Private endpoint should be enabled for IoT Hub",
        "policyDefinitionId": "/providers/Microsoft.Authorization/policyDefinitions/0d40b058-9f95-4a19-93e3-9b0330baa2a3",
        "parameters": {
            "effect": {
              "value": "[parameters('0d40b058-9f95-4a19-93e3-9b0330baa2a3')]"
            }
        },
        "groupNames": []
      },
      {
        "policyDefinitionReferenceId": "Configure IoT Hub device provisioning service instances to disable public network access",
        "policyDefinitionId": "/providers/Microsoft.Authorization/policyDefinitions/859dfc91-ea35-43a6-8256-31271c363794",
        "parameters": {
            "effect": {
              "value": "[parameters('859dfc91-ea35-43a6-8256-31271c363794')]"
            }
        },
        "groupNames": []
      },
      {
        "policyDefinitionReferenceId": "Modify - Configure Azure IoT Hubs to disable public network access",
        "policyDefinitionId": "/providers/Microsoft.Authorization/policyDefinitions/114eec6e-5e59-4bad-999d-6eceeb39d582",
        "parameters": {
            "effect": {
              "value": "[parameters('114eec6e-5e59-4bad-999d-6eceeb39d582')]"
            }
        },
        "groupNames": []
      },
      {
        "policyDefinitionReferenceId": "Public network access on Azure IoT Hub should be disabled",
        "policyDefinitionId": "/providers/Microsoft.Authorization/policyDefinitions/2d6830fb-07eb-48e7-8c4d-2a442b35f0fb",
        "parameters": {
            "effect": {
              "value": "[parameters('2d6830fb-07eb-48e7-8c4d-2a442b35f0fb')]"
            }
        },
        "groupNames": []
      }
      
        ]
  }