{
  "name": "AzureKeyVaultInitiativeDefinition",
  "displayName": "Azure Key Initiative",
  "description":  "AKV Initiative in Audit mode",
  "metadata": {
    "category": "Azure Key Vault",
    "version": "1.0.0"
  },
"parameters": {
    "1e66c121-a66a-4b1f-9b83-0fd99bf0fc2d": {
        "type": "string",
        "metadata": {
            "displayName": "Effect Key vaults should have soft delete enabled"
        },   
        "defaultValue": "Audit",         
        "allowedValues": [
            "Audit",
            "Deny",
            "Disabled"
        ]
    },
"cf820ca0-f99e-4f3e-84fb-66e913812d21": {
        "type": "string",
        "metadata": {
            "displayName": "Effect Resource logs in Key Vault should be enabled"
        },   
        "defaultValue": "AuditIfNotExists",         
        "allowedValues": [
            "AuditIfNotExists",
            "Disabled"
        ]
    },
"0b60c0b2-2dc2-4e1c-b5c9-abbed971de53": {
        "type": "string",
        "metadata": {
            "displayName": "Effect Key vaults should have purge protection enabled"
        },   
        "defaultValue": "Audit",         
        "allowedValues": [
            "Audit",
            "Deny",
            "Disabled"
        ]
    },
    "55615ac9-af46-4a59-874e-391cc3dfb490": {
      "type": "string",
      "metadata": {
          "displayName": "Effect Firewall should be enabled on Key Vault"
      },   
      "defaultValue": "Audit",         
      "allowedValues": [
          "Audit",
          "Disabled"
      ]
    },
"5f0bc445-3935-4915-9981-011aa2b46147": {
        "type": "string",
        "metadata": {
            "displayName": "Effect Private endpoint should be configured for Key Vault"
        },   
        "defaultValue": "Audit",         
        "allowedValues": [
            "Audit",
            "Deny",
            "Disabled"
        ]
    }
  },

  "policyDefinitions": [
    {
      "policyDefinitionReferenceId": "Key vaults should have soft delete enabled",
      "policyDefinitionId": "/providers/Microsoft.Authorization/policyDefinitions/1e66c121-a66a-4b1f-9b83-0fd99bf0fc2d",
      "parameters": {
        "effect": {
            "value": "[parameters('1e66c121-a66a-4b1f-9b83-0fd99bf0fc2d')]"
        }
      },
      "groupNames": []
    },
    {
      "policyDefinitionReferenceId": "Resource logs in Key Vault should be enabled",
      "policyDefinitionId": "/providers/Microsoft.Authorization/policyDefinitions/cf820ca0-f99e-4f3e-84fb-66e913812d21",
      "parameters": {
        "effect": {
            "value": "[parameters('cf820ca0-f99e-4f3e-84fb-66e913812d21')]"
        }
      },
      "groupNames": []
    },
    {
      "policyDefinitionReferenceId": "Key vaults should have purge protection enabled",
      "policyDefinitionId": "/providers/Microsoft.Authorization/policyDefinitions/0b60c0b2-2dc2-4e1c-b5c9-abbed971de53",
      "parameters": {
         "effect": {
            "value": "[parameters('0b60c0b2-2dc2-4e1c-b5c9-abbed971de53')]"
        }
      },
      "groupNames": []
    },
    {
      "policyDefinitionReferenceId": "[Preview]: Firewall should be enabled on Key Vault",
      "policyDefinitionId": "/providers/Microsoft.Authorization/policyDefinitions/55615ac9-af46-4a59-874e-391cc3dfb490",
      "parameters": {
         "effect": {
            "value": "[parameters('55615ac9-af46-4a59-874e-391cc3dfb490')]"
        }
      },
      "groupNames": []
    },
    {
      "policyDefinitionReferenceId": "[Preview]: Private endpoint should be configured for Key Vault",
      "policyDefinitionId": "/providers/Microsoft.Authorization/policyDefinitions/5f0bc445-3935-4915-9981-011aa2b46147",
      "parameters": {
        "effect": {
            "value": "[parameters('5f0bc445-3935-4915-9981-011aa2b46147')]"
        }
      },
      "groupNames": []
    }
      ]
}