{
    "name": "DEVkubernetesInitiativeDefinition",
    "displayName": "DEV Kubernetes Service Initiative",
    "description": "DEV Kubernetes Service Initiative",
    "metadata": {
        "category": "Security"
    },
    "parameters": {
        "effect": {
                "type": "String",
                "metadata": {
                    "displayName": "Effect",
                    "description": "Enable or disable the execution of the policy."
                },
                "allowedValues": [
                    "DeployIfNotExists",
                    "Disabled"
                ],
                "defaultValue": "DeployIfNotExists"
            },
        "logAnalyticsWorkspaceResourceId": {
            "type": "String",
            "metadata": {
                "displayName": "LogAnalyticsWorkspaceResourceId",
                "description": "Optional Log Analytics workspace resource id. If provided, will be used as part of the feature configuration. Otherwise, default workspace will be provisioned. Value format should be '/subscriptions/XXX/resourcegroups/XXX/providers/Microsoft.OperationalInsights/workspaces/XXX'.",
                "strongType": "Microsoft.OperationalInsights/workspaces",
                "assignPermissions": true
                },
            "defaultValue": ""
        }
      },
    "policyDefinitions": [
        {
            "policyDefinitionReferenceId": "Configure Azure Kubernetes Service clusters to enable Defender profile",
            "policyDefinitionId": "/providers/Microsoft.Authorization/policyDefinitions/64def556-fbad-4622-930e-72d1d5589bf5",
            "parameters": {
                "effect": {
                    "value": "[parameters('effect')]"
                },
                "logAnalyticsWorkspaceResourceId": {
                  "value": "[parameters('logAnalyticsWorkspaceResourceId')]"
                }
            }
        }
    ]
}