{
  "name": "kubernetesInitiativeDefinition",
  "displayName": "Kubernetes Service Initiative",
  "description": "Kubernetes Service Initiative",
  "metadata": {
    "category": "Kubernetes",
    "version": "1.0.0"
  },
  "parameters": {
    "1c6e92c9-99f0-4e55-9cf2-0c234dc48f99": {
      "type": "string",
      "metadata": {
        "displayName": "Effect for - Kubernetes clusters should not allow container privilege escalation"
      },
      "defaultValue": "audit",
      "allowedValues": [
        "audit",
        "deny",
        "disabled"
      ]
    },
    "1c6e92c9-99f0-4e55-9cf2-0c234dc48f99-excludedNamespaces": {
      "type": "Array",
      "metadata": {
        "displayName": "Namespace exclusions"
      },
      "defaultValue": [
        "kube-system",
        "gatekeeper-system",
        "azure-arc"
      ]
    },
    "1c6e92c9-99f0-4e55-9cf2-0c234dc48f99-namespaces": {
      "type": "Array",
      "metadata": {
        "displayName": "Namespace inclusions"
      },
      "defaultValue": []
    },
    "1c6e92c9-99f0-4e55-9cf2-0c234dc48f99-labelSelector": {
      "type": "Object",
      "metadata": {
        "displayName": "Kubernetes label selector"
      },
      "defaultValue": {}
    },
    "95edb821-ddaf-4404-9732-666045e056b4": {
      "type": "string",
      "metadata": {
        "displayName": "Effect for - Kubernetes cluster should not allow privileged containers"
      },
      "defaultValue": "audit",
      "allowedValues": [
        "audit",
        "deny",
        "disabled"
      ]
    },
    "95edb821-ddaf-4404-9732-666045e056b4-excludedNamespaces": {
      "type": "Array",
      "metadata": {
        "displayName": "Namespace exclusions"
      },
      "defaultValue": [
        "kube-system",
        "gatekeeper-system",
        "azure-arc"
      ]
    },
    "95edb821-ddaf-4404-9732-666045e056b4-namespaces": {
      "type": "Array",
      "metadata": {
        "displayName": "Namespace inclusions"
      },
      "defaultValue": []
    },
    "95edb821-ddaf-4404-9732-666045e056b4-labelSelector": {
      "type": "Object",
      "metadata": {
        "displayName": "Kubernetes label selector"
      },
      "defaultValue": {}
    },
    "c26596ff-4d70-4e6a-9a30-c2506bd2f80c": {
      "type": "string",
      "metadata": {
        "displayName": "Effect for - Kubernetes cluster containers should only use allowed capabilities"
      },
      "defaultValue": "audit",
      "allowedValues": [
        "audit",
        "deny",
        "disabled"
      ]
    },
    "c26596ff-4d70-4e6a-9a30-c2506bd2f80c-excludedNamespaces": {
      "type": "Array",
      "metadata": {
        "displayName": "Namespace exclusions"
      },
      "defaultValue": [
        "kube-system",
        "gatekeeper-system",
        "azure-arc"
      ]
    },
    "c26596ff-4d70-4e6a-9a30-c2506bd2f80c-namespaces": {
      "type": "Array",
      "metadata": {
        "displayName": "Namespace inclusions"
      },
      "defaultValue": []
    },
    "c26596ff-4d70-4e6a-9a30-c2506bd2f80c-labelSelector": {
      "type": "Object",
      "metadata": {
        "displayName": "Kubernetes label selector"
      },
      "defaultValue": {}
    },
    "c26596ff-4d70-4e6a-9a30-c2506bd2f80c-allowedCapabilities": {
      "type": "Array",
      "metadata": {
        "displayName": "Allowed capabilities"
      },
      "defaultValue": []
    },
    "c26596ff-4d70-4e6a-9a30-c2506bd2f80c-requiredDropCapabilities": {
      "type": "Array",
      "metadata": {
        "displayName": "Required drop capabilities"
      },
      "defaultValue": []
    },
    "df49d893-a74c-421d-bc95-c663042e5b80": {
      "type": "string",
      "metadata": {
        "displayName": "Effect for - Kubernetes cluster containers should only use allowed capabilities"
      },
      "defaultValue": "audit",
      "allowedValues": [
        "audit",
        "deny",
        "disabled"
      ]
    },
    "df49d893-a74c-421d-bc95-c663042e5b80-excludedNamespaces": {
      "type": "Array",
      "metadata": {
        "displayName": "Namespace exclusions"
      },
      "defaultValue": [
        "kube-system",
        "gatekeeper-system",
        "azure-arc"
      ]
    },
    "df49d893-a74c-421d-bc95-c663042e5b80-namespaces": {
      "type": "Array",
      "metadata": {
        "displayName": "Namespace inclusions"
      },
      "defaultValue": []
    },
    "df49d893-a74c-421d-bc95-c663042e5b80-labelSelector": {
      "type": "Object",
      "metadata": {
        "displayName": "Kubernetes label selector"
      },
      "defaultValue": {}
    },
    "0e246bcf-5f6f-4f87-bc6f-775d4712c7ea-effect": {
      "type": "String",
      "metadata": {
        "displayName": "Effect",
        "description": "Enable or disable the execution of the policy"
      },
      "allowedValues": [
        "Audit",
        "Disabled"
      ],
      "defaultValue": "Audit"
    },
    "0a15ec92-a229-4763-bb14-0ea34a568f8d-effect": {
      "type": "String",
      "metadata": {
        "displayName": "Effect",
        "description": "Enable or disable the execution of the policy"
      },
      "allowedValues": [
        "Audit",
        "Disabled"
      ],
      "defaultValue": "Audit"
    }
  },
  "policyDefinitions": [
    {
      "policyDefinitionReferenceId": "Kubernetes clusters should not allow container privilege escalation",
      "policyDefinitionId": "/providers/Microsoft.Authorization/policyDefinitions/1c6e92c9-99f0-4e55-9cf2-0c234dc48f99",
      "parameters": {
        "effect": {
          "value": "[parameters('1c6e92c9-99f0-4e55-9cf2-0c234dc48f99')]"
        },
        "excludedNamespaces": {
          "value": "[parameters('1c6e92c9-99f0-4e55-9cf2-0c234dc48f99-excludedNamespaces')]"
        },
        "namespaces": {
          "value": "[parameters('1c6e92c9-99f0-4e55-9cf2-0c234dc48f99-namespaces')]"
        },
        "labelSelector": {
          "value": "[parameters('1c6e92c9-99f0-4e55-9cf2-0c234dc48f99-labelSelector')]"
        }
      },
      "groupNames": []
    },
    {
      "policyDefinitionReferenceId": "Kubernetes cluster should not allow privileged containers",
      "policyDefinitionId": "/providers/Microsoft.Authorization/policyDefinitions/95edb821-ddaf-4404-9732-666045e056b4",
      "parameters": {
        "effect": {
          "value": "[parameters('95edb821-ddaf-4404-9732-666045e056b4')]"
        },
        "excludedNamespaces": {
          "value": "[parameters('95edb821-ddaf-4404-9732-666045e056b4-excludedNamespaces')]"
        },
        "namespaces": {
          "value": "[parameters('95edb821-ddaf-4404-9732-666045e056b4-namespaces')]"
        },
        "labelSelector": {
          "value": "[parameters('95edb821-ddaf-4404-9732-666045e056b4-labelSelector')]"
        }
      },
      "groupNames": []
    },
    {
      "policyDefinitionReferenceId": "Kubernetes cluster containers should only use allowed capabilities",
      "policyDefinitionId": "/providers/Microsoft.Authorization/policyDefinitions/c26596ff-4d70-4e6a-9a30-c2506bd2f80c",
      "parameters": {
        "effect": {
          "value": "[parameters('c26596ff-4d70-4e6a-9a30-c2506bd2f80c')]"
        },
        "excludedNamespaces": {
          "value": "[parameters('c26596ff-4d70-4e6a-9a30-c2506bd2f80c-excludedNamespaces')]"
        },
        "namespaces": {
          "value": "[parameters('c26596ff-4d70-4e6a-9a30-c2506bd2f80c-namespaces')]"
        },
        "labelSelector": {
          "value": "[parameters('c26596ff-4d70-4e6a-9a30-c2506bd2f80c-labelSelector')]"
        },
        "allowedCapabilities": {
          "value": "[parameters('c26596ff-4d70-4e6a-9a30-c2506bd2f80c-allowedCapabilities')]"
        },
        "requiredDropCapabilities": {
          "value": "[parameters('c26596ff-4d70-4e6a-9a30-c2506bd2f80c-requiredDropCapabilities')]"
        }
      },
      "groupNames": []
    },
    {
      "policyDefinitionReferenceId": "Kubernetes cluster containers should run with a read only root file system",
      "policyDefinitionId": "/providers/Microsoft.Authorization/policyDefinitions/df49d893-a74c-421d-bc95-c663042e5b80",
      "parameters": {
        "effect": {
          "value": "[parameters('df49d893-a74c-421d-bc95-c663042e5b80')]"
        },
        "excludedNamespaces": {
          "value": "[parameters('df49d893-a74c-421d-bc95-c663042e5b80-excludedNamespaces')]"
        },
        "namespaces": {
          "value": "[parameters('df49d893-a74c-421d-bc95-c663042e5b80-namespaces')]"
        },
        "labelSelector": {
          "value": "[parameters('df49d893-a74c-421d-bc95-c663042e5b80-labelSelector')]"
        }
      },
      "groupNames": []
    },
    {
      "policyDefinitionReferenceId": "Authorized IP ranges should be defined on Kubernetes Services",
      "policyDefinitionId": "/providers/Microsoft.Authorization/policyDefinitions/0e246bcf-5f6f-4f87-bc6f-775d4712c7ea",
      "parameters": {
        "effect": {
          "value": "[parameters('0e246bcf-5f6f-4f87-bc6f-775d4712c7ea-effect')]"
        }
      },
      "groupNames": []
    },
    {
      "policyDefinitionReferenceId": "Azure Policy Add-on for Kubernetes service (AKS) should be installed and enabled on your clusters",
      "policyDefinitionId": "/providers/Microsoft.Authorization/policyDefinitions/0a15ec92-a229-4763-bb14-0ea34a568f8d",
      "parameters": {
        "effect": {
          "value": "[parameters('0a15ec92-a229-4763-bb14-0ea34a568f8d-effect')]"
        }
      },
      "groupNames": []
    },
    {
      "policyDefinitionReferenceId": "Deploy Azure Policy Add-on to Azure Kubernetes Service clusters",
      "policyDefinitionId": "/providers/Microsoft.Authorization/policyDefinitions/a8eff44f-8c92-45c3-a3fb-9880802d67a7",
      "parameters": {},
      "groupNames": []
    }
  ]
}
