{  
    "name": "LogsInitiativeDefinition",
    "displayName": "Logs Initiative Definition",
    "description": "This initiative definition contains multiple policies",
    "metadata": {
        "category": "General"
    },
    "parameters": {
        "cf820ca0-f99e-4f3e-84fb-66e913812d21-effect": {
            "type": "string",
            "metadata": {
                "displayName": "Effect for - Diagnostic logs in Data Lake Analytics should be enabled"
            },            
            "allowedValues": [
                "AuditIfNotExists",
                "Disabled"
            ]
        },
        "cf820ca0-f99e-4f3e-84fb-66e913812d21-retentionDays": {
            "type": "String",
            "metadata": {
                "displayName": "Required retention (days) for - Diagnostic logs in Data Lake Analytics should be enabled",
                "description": "The required diagnostic logs retention in days"
            }
        },
        "34f95f76-5386-4de7-b824-0d8478470c9d-effect": {
            "type": "string",
            "metadata": {
                "displayName": "Effect for - Diagnostic logs in Logic Apps should be enabled"
            },            
            "allowedValues": [
                "AuditIfNotExists",
                "Disabled"
            ]
        },
        "34f95f76-5386-4de7-b824-0d8478470c9d-retentionDays": {
            "type": "String",
            "metadata": {
                "displayName": "Required retention (days) for - Diagnostic logs in Logic Apps should be enabled",
                "description": "The required diagnostic logs retention in days"
            }
        },
        "a70ca396-0a34-413a-88e1-b956c1e683be": {
            "type": "string",
            "metadata": {
                "displayName": "Effect for - The Log Analytics agent should be installed on virtual machines"
            },            
            "allowedValues": [
                "AuditIfNotExists",
                "Disabled"
            ]
        }
    },
    "policyDefinitions": [   
         {
            "policyDefinitionId": "/providers/Microsoft.Authorization/policyDefinitions/cf820ca0-f99e-4f3e-84fb-66e913812d21",
            "parameters": {
                "effect": {
                    "value": "[parameters('cf820ca0-f99e-4f3e-84fb-66e913812d21-effect')]"
                },
                "requiredRetentionDays": {
                    "value": "[parameters('cf820ca0-f99e-4f3e-84fb-66e913812d21-retentionDays')]"
                }
            }
        },
        {
            "policyDefinitionId": "/providers/Microsoft.Authorization/policyDefinitions/34f95f76-5386-4de7-b824-0d8478470c9d",
            "parameters": {
                "effect": {
                    "value": "[parameters('34f95f76-5386-4de7-b824-0d8478470c9d-effect')]"
                },
                "requiredRetentionDays": {
                    "value": "[parameters('34f95f76-5386-4de7-b824-0d8478470c9d-retentionDays')]"
                }
            }
        },
        {
            "policyDefinitionId": "/providers/Microsoft.Authorization/policyDefinitions/a70ca396-0a34-413a-88e1-b956c1e683be",
            "parameters": {
                "effect": {
                    "value": "[parameters('a70ca396-0a34-413a-88e1-b956c1e683be')]"
                }
            }
        }
    ]
}