{
    "name": "NetworkInitiativeDefinition",
    "displayName": "Network Initiative Definition",
    "description": "This initiative definition contains two policies - a9b99dd8-06c5-4317-8629-9d86a3c6e7d9 and b6e2945c-0b7b-40f5-9233-7a5323b5cdc6.",
    "metadata": {
        "category": "General"
    },
    "parameters": {
        "b6e2945c-0b7b-40f5-9233-7a5323b5cdc6-locations": {
            "type": "Array",
            "metadata": {
                "displayName": "Locations",
                "description": "Audit if Network Watcher is not enabled for region(s).",
                "strongType": "location"
            }
        }
    },
    "policyDefinitions": [
        {
            "policyDefinitionId": "/providers/Microsoft.Authorization/policyDefinitions/b6e2945c-0b7b-40f5-9233-7a5323b5cdc6",
            "parameters": {
                "listOfLocations": {
                    "value": "[parameters('b6e2945c-0b7b-40f5-9233-7a5323b5cdc6-locations')]"
                }
            }
        }
    ]
}