{
    "name": "NSGInitiativeDefinition",
    "displayName": "Network Security Groups Initiative Definition",
    "description": "This NSG initiative definition contains Policy definitions for network security groups compliance rules.",
    "metadata": {
        "category": "Network"
    },
    "parameters": {
        "effect": {
            "type": "string",
            "defaultValue":"Audit",
            "metadata": {
                "displayName": "Policy Effect",
                "description": "Audit/Deny/Disable Network Security group policy."
            }
        }
    },
    "policyDefinitions": [
        {
            "policyDefinitionReferenceId": "This policy will audit critical Base NSG rules compliance status against modifications or removal of any critical base line rule for US.",
            "policyDefinitionId": "/providers/Microsoft.Management/managementGroups/Global/providers/Microsoft.Authorization/policyDefinitions/AuditNSGBaseRules-US",
            "parameters": {
                "effect": {
                    "value": "[parameters('effect')]"
                }
            }
        },
        {
            "policyDefinitionReferenceId": "This policy will audit critical Base NSG rules compliance status against modifications or removal of any critical base line rule for UK.",
            "policyDefinitionId": "/providers/Microsoft.Management/managementGroups/Global/providers/Microsoft.Authorization/policyDefinitions/AuditNSGBaseRules-UK",
            "parameters": {
                "effect": {
                    "value": "[parameters('effect')]"
                }
            }
        }
    ]
}