{
    "name": "PostgresSQLSecurityInitiativeDefinition",
    "displayName": "PostgresSQL Security Initiative",
    "description": "PostgresSQL Service Audit Security",
    "metadata": {
      "category": "PostgresSQL",
      "version": "1.0.0"
    },
    "parameters": {},
  
    "policyDefinitions": [
      {
        "policyDefinitionReferenceId": "Enforce SSL connection should be enabled for PostgreSQL database servers",
        "policyDefinitionId": "/providers/Microsoft.Authorization/policyDefinitions/d158790f-bfb0-486c-8631-2dc6b4e8e6af",
        "parameters": {
          "effect": {
            "value": "Audit"
          }
        },
        
        "groupNames": []
      }
    
    ]
  }