{
    "name": "PrivateDNSInitiative",
    "displayName": "Private Endpoint DNS Initiative",
    "description": "Private Endpoints registered with Private DNS automatically.",
    "metadata": {
        "category": "Network"
    },
    "parameters": {
        "effect": {
            "type": "string",
            "defaultValue": "DeployIfNotExists",
            "metadata": {
                "displayName": "Policy Effect",
                "description": "Enable or disable the execution of the policy."
            }
        }
    },
    "policyDefinitions": [
        {
            "policyDefinitionReferenceId": "DeployIfNotExists policy to automatically create the required DNS record in the central private DNS zone for SQL Server.",
            "policyDefinitionId": "/providers/Microsoft.Management/managementGroups/Global/providers/Microsoft.Authorization/policyDefinitions/DeployPrivateDNSRecordSQLServer",
            "parameters": {
                "effect": {
                    "value": "[parameters('effect')]"
                },
                "privateDnsZoneId": {
                    "value": "/subscriptions/74d15849-ba7b-4be6-8ba1-330a178ba88d/resourceGroups/ng-prd-eus2-privateDns-rg/providers/Microsoft.Network/privateDnsZones/privatelink.database.windows.net"
                },
                "privateEndpointGroupId": {
                    "value": "sqlServer"
                }
            }
        },
        {
            "policyDefinitionReferenceId": "DeployIfNotExists policy to automatically create the required DNS record in the central private DNS zone for Azure Synapse.",
            "policyDefinitionId": "/providers/Microsoft.Management/managementGroups/Global/providers/Microsoft.Authorization/policyDefinitions/DeployPrivateDNSRecordSynapse",
            "parameters": {
                "effect": {
                    "value": "[parameters('effect')]"
                },
                "privateDnsZoneId": {
                    "value": "/subscriptions/74d15849-ba7b-4be6-8ba1-330a178ba88d/resourceGroups/ng-prd-eus2-privateDns-rg/providers/Microsoft.Network/privateDnsZones/privatelink.sql.azuresynapse.net"
                },
                "privateEndpointGroupId": {
                    "value": "Sql"
                }
            }
        },
        {
            "policyDefinitionReferenceId": "DeployIfNotExists policy to automatically create the required DNS record in the central private DNS zone for Azure Synapse SQLOnDemand.",
            "policyDefinitionId": "/providers/Microsoft.Management/managementGroups/Global/providers/Microsoft.Authorization/policyDefinitions/DeployPrivateDNSRecordSynapseSQLOnDemand",
            "parameters": {
                "effect": {
                    "value": "[parameters('effect')]"
                },
                "privateDnsZoneId": {
                    "value": "/subscriptions/74d15849-ba7b-4be6-8ba1-330a178ba88d/resourceGroups/ng-prd-eus2-privateDns-rg/providers/Microsoft.Network/privateDnsZones/privatelink.sql.azuresynapse.net"
                },
                "privateEndpointGroupId": {
                    "value": "SqlOnDemand"
                }
            }
        },
        {
            "policyDefinitionReferenceId": "DeployIfNotExists policy to automatically create the required DNS record in the central private DNS zone for Azure Synapse Dev.",
            "policyDefinitionId": "/providers/Microsoft.Management/managementGroups/Global/providers/Microsoft.Authorization/policyDefinitions/DeployPrivateDNSRecordSynapseDev",
            "parameters": {
                "effect": {
                    "value": "[parameters('effect')]"
                },
                "privateDnsZoneId": {
                    "value": "/subscriptions/74d15849-ba7b-4be6-8ba1-330a178ba88d/resourceGroups/ng-prd-eus2-privateDns-rg/providers/Microsoft.Network/privateDnsZones/privatelink.dev.azuresynapse.net"
                },
                "privateEndpointGroupId": {
                    "value": "Dev"
                }
            }
        },
        {
            "policyDefinitionReferenceId": "DeployIfNotExists policy to automatically create the required DNS record in the central private DNS zone for Service Bus.",
            "policyDefinitionId": "/providers/Microsoft.Management/managementGroups/Global/providers/Microsoft.Authorization/policyDefinitions/DeployPrivateDNSRecordServiceBus",
            "parameters": {
                "effect": {
                    "value": "[parameters('effect')]"
                },
                "privateDnsZoneId": {
                    "value": "/subscriptions/74d15849-ba7b-4be6-8ba1-330a178ba88d/resourceGroups/ng-prd-eus2-privateDns-rg/providers/Microsoft.Network/privateDnsZones/privatelink.servicebus.windows.net"
                },
                "privateEndpointGroupId": {
                    "value": "namespace"
                }
            }
        },
        {
            "policyDefinitionReferenceId": "DeployIfNotExists policy to automatically create the required DNS record in the central private DNS zone for Azure App Configuration",
            "policyDefinitionId": "/providers/Microsoft.Management/managementGroups/Global/providers/Microsoft.Authorization/policyDefinitions/DeployPrivateDNSRecordAppConfig",
            "parameters": {
                "effect": {
                    "value": "[parameters('effect')]"
                },
                "privateDnsZoneId": {
                    "value": "/subscriptions/74d15849-ba7b-4be6-8ba1-330a178ba88d/resourceGroups/ng-prd-eus2-privateDns-rg/providers/Microsoft.Network/privateDnsZones/privatelink.azconfig.io"
                },
                "privateEndpointGroupId": {
                    "value": "configurationStores"
                }
            }
        },
        {
            "policyDefinitionReferenceId": "DeployIfNotExists policy to automatically create the required DNS record in the central private DNS zone for Azure Container Registry.",
            "policyDefinitionId": "/providers/Microsoft.Management/managementGroups/Global/providers/Microsoft.Authorization/policyDefinitions/DeployPrivateDNSRecordContainerRegistry",
            "parameters": {
                "effect": {
                    "value": "[parameters('effect')]"
                },
                "privateDnsZoneId": {
                    "value": "/subscriptions/74d15849-ba7b-4be6-8ba1-330a178ba88d/resourceGroups/ng-prd-eus2-privateDns-rg/providers/Microsoft.Network/privateDnsZones/privatelink.azurecr.io"
                },
                "privateEndpointGroupId": {
                    "value": "registry"
                }
            }
        },
        {
            "policyDefinitionReferenceId": "DeployIfNotExists policy to automatically create the required DNS record in the central private DNS zone for Azure Function App",
            "policyDefinitionId": "/providers/Microsoft.Management/managementGroups/Global/providers/Microsoft.Authorization/policyDefinitions/DeployPrivateDNSRecordFunctionApp",
            "parameters": {
                "effect": {
                    "value": "[parameters('effect')]"
                },
                "privateDnsZoneId": {
                    "value": "/subscriptions/74d15849-ba7b-4be6-8ba1-330a178ba88d/resourceGroups/ng-prd-eus2-privateDns-rg/providers/Microsoft.Network/privateDnsZones/privatelink.azurewebsites.net"
                },
                "privateEndpointGroupId": {
                    "value": "sites"
                }
            }
        },
        {
            "policyDefinitionReferenceId": "DeployIfNotExists policy to automatically create the required DNS record in the central private DNS zone for Azure Web App Staging Dev Slot",
            "policyDefinitionId": "/providers/Microsoft.Management/managementGroups/Global/providers/Microsoft.Authorization/policyDefinitions/DeployPrivateDNSRecordsWebAppSTGDev",
            "parameters": {
                "effect": {
                    "value": "[parameters('effect')]"
                },
                "privateDnsZoneId": {
                    "value": "/subscriptions/74d15849-ba7b-4be6-8ba1-330a178ba88d/resourceGroups/ng-prd-eus2-privateDns-rg/providers/Microsoft.Network/privateDnsZones/privatelink.azurewebsites.net"
                },
                "privateEndpointGroupId": {
                    "value": "sites-dev"
                }
            }
        },
        {
            "policyDefinitionReferenceId": "DeployIfNotExists policy to automatically create the required DNS record in the central private DNS zone for Azure Web App Staging QA Slot",
            "policyDefinitionId": "/providers/Microsoft.Management/managementGroups/Global/providers/Microsoft.Authorization/policyDefinitions/DeployPrivateDNSRecordsWebAppSTGQA",
            "parameters": {
                "effect": {
                    "value": "[parameters('effect')]"
                },
                "privateDnsZoneId": {
                    "value": "/subscriptions/74d15849-ba7b-4be6-8ba1-330a178ba88d/resourceGroups/ng-prd-eus2-privateDns-rg/providers/Microsoft.Network/privateDnsZones/privatelink.azurewebsites.net"
                },
                "privateEndpointGroupId": {
                    "value": "sites-qa"
                }
            }
        },
        {
            "policyDefinitionReferenceId": "DeployIfNotExists policy to automatically create the required DNS record in the central private DNS zone for Azure Web App Staging FOF Slot",
            "policyDefinitionId": "/providers/Microsoft.Management/managementGroups/Global/providers/Microsoft.Authorization/policyDefinitions/DeployPrivateDNSRecordsWebAppSTGFOF",
            "parameters": {
                "effect": {
                    "value": "[parameters('effect')]"
                },
                "privateDnsZoneId": {
                    "value": "/subscriptions/74d15849-ba7b-4be6-8ba1-330a178ba88d/resourceGroups/ng-prd-eus2-privateDns-rg/providers/Microsoft.Network/privateDnsZones/privatelink.azurewebsites.net"
                },
                "privateEndpointGroupId": {
                    "value": "sites-fof"
                }
            }
        },
        {
            "policyDefinitionReferenceId": "DeployIfNotExists policy to automatically create the required DNS record in the central private DNS zone for Azure Web App Staging UAT Slot",
            "policyDefinitionId": "/providers/Microsoft.Management/managementGroups/Global/providers/Microsoft.Authorization/policyDefinitions/DeployPrivateDNSRecordsWebAppSTGUat",
            "parameters": {
                "effect": {
                    "value": "[parameters('effect')]"
                },
                "privateDnsZoneId": {
                    "value": "/subscriptions/74d15849-ba7b-4be6-8ba1-330a178ba88d/resourceGroups/ng-prd-eus2-privateDns-rg/providers/Microsoft.Network/privateDnsZones/privatelink.azurewebsites.net"
                },
                "privateEndpointGroupId": {
                    "value": "sites-uat"
                }
            }
        },
        {
            "policyDefinitionReferenceId": "DeployIfNotExists policy to automatically create the required DNS record in the central private DNS zone for Azure Web App Staging Prod Slot",
            "policyDefinitionId": "/providers/Microsoft.Management/managementGroups/Global/providers/Microsoft.Authorization/policyDefinitions/DeployPrivateDNSRecordsWebAppSTGProd",
            "parameters": {
                "effect": {
                    "value": "[parameters('effect')]"
                },
                "privateDnsZoneId": {
                    "value": "/subscriptions/74d15849-ba7b-4be6-8ba1-330a178ba88d/resourceGroups/ng-prd-eus2-privateDns-rg/providers/Microsoft.Network/privateDnsZones/privatelink.azurewebsites.net"
                },
                "privateEndpointGroupId": {
                    "value": "sites-prod"
                }
            }
        },
        {
            "policyDefinitionReferenceId": "DeployIfNotExists policy to automatically create the required DNS record in the central private DNS zone for Azure Web App Staging Slot",
            "policyDefinitionId": "/providers/Microsoft.Management/managementGroups/Global/providers/Microsoft.Authorization/policyDefinitions/DeployPrivateDNSRecordsWebAppSTG",
            "parameters": {
                "effect": {
                    "value": "[parameters('effect')]"
                },
                "privateDnsZoneId": {
                    "value": "/subscriptions/74d15849-ba7b-4be6-8ba1-330a178ba88d/resourceGroups/ng-prd-eus2-privateDns-rg/providers/Microsoft.Network/privateDnsZones/privatelink.azurewebsites.net"
                },
                "privateEndpointGroupId": {
                    "value": "sites-stg"
                }
            }
        },
        {
            "policyDefinitionReferenceId": "DeployIfNotExists policy to automatically create the required DNS record in the central private DNS zone for Azure DataFactory",
            "policyDefinitionId": "/providers/Microsoft.Management/managementGroups/Global/providers/Microsoft.Authorization/policyDefinitions/DeployPrivateDNSRecordDataFactory",
            "parameters": {
                "effect": {
                    "value": "[parameters('effect')]"
                },
                "privateDnsZoneId": {
                    "value": "/subscriptions/74d15849-ba7b-4be6-8ba1-330a178ba88d/resourceGroups/ng-prd-eus2-privateDns-rg/providers/Microsoft.Network/privateDnsZones/privatelink.datafactory.azure.net"
                },
                "privateEndpointGroupId": {
                    "value": "dataFactory"
                }
            }
        },
        {
            "policyDefinitionReferenceId": "DeployIfNotExists policy to automatically create the required DNS record in the central private DNS zone for Azure Key Vaults",
            "policyDefinitionId": "/providers/Microsoft.Management/managementGroups/Global/providers/Microsoft.Authorization/policyDefinitions/DeployPrivateDNSRecordKeyVault",
            "parameters": {
                "effect": {
                    "value": "[parameters('effect')]"
                },
                "privateDnsZoneId": {
                    "value": "/subscriptions/74d15849-ba7b-4be6-8ba1-330a178ba88d/resourceGroups/ng-prd-eus2-privateDns-rg/providers/Microsoft.Network/privateDnsZones/privatelink.vaultcore.azure.net"
                },
                "privateEndpointGroupId": {
                    "value": "vault"
                }
            }
        },
        {
            "policyDefinitionReferenceId": "DeployIfNotExists policy to automatically create the required DNS record in the central private DNS zone for Azure Blob Storage Accounts",
            "policyDefinitionId": "/providers/Microsoft.Management/managementGroups/Global/providers/Microsoft.Authorization/policyDefinitions/DeployPrivateDNSRecordBlobStorage",
            "parameters": {
                "effect": {
                    "value": "[parameters('effect')]"
                },
                "privateDnsZoneId": {
                    "value": "/subscriptions/74d15849-ba7b-4be6-8ba1-330a178ba88d/resourceGroups/ng-prd-eus2-privateDns-rg/providers/Microsoft.Network/privateDnsZones/privatelink.blob.core.windows.net"
                },
                "privateEndpointGroupId": {
                    "value": "blob"
                }
            }
        },
        {
            "policyDefinitionReferenceId": "DeployIfNotExists policy to automatically create the required DNS record in the central private DNS zone for Azure Blob Secondary Storage Accounts",
            "policyDefinitionId": "/providers/Microsoft.Management/managementGroups/Global/providers/Microsoft.Authorization/policyDefinitions/DeployPrivateDNSRecordBlobSecondaryStorage",
            "parameters": {
                "effect": {
                    "value": "[parameters('effect')]"
                },
                "privateDnsZoneId": {
                    "value": "/subscriptions/74d15849-ba7b-4be6-8ba1-330a178ba88d/resourceGroups/ng-prd-eus2-privateDns-rg/providers/Microsoft.Network/privateDnsZones/privatelink.blob.core.windows.net"
                },
                "privateEndpointGroupId": {
                    "value": "blob_secondary"
                }
            }
        },
        {
            "policyDefinitionReferenceId": "DeployIfNotExists policy to automatically create the required DNS record in the central private DNS zone for Azure Table Storage Accounts",
            "policyDefinitionId": "/providers/Microsoft.Management/managementGroups/Global/providers/Microsoft.Authorization/policyDefinitions/DeployPrivateDNSRecordTableStorage",
            "parameters": {
                "effect": {
                    "value": "[parameters('effect')]"
                },
                "privateDnsZoneId": {
                    "value": "/subscriptions/74d15849-ba7b-4be6-8ba1-330a178ba88d/resourceGroups/ng-prd-eus2-privateDns-rg/providers/Microsoft.Network/privateDnsZones/privatelink.table.core.windows.net"
                },
                "privateEndpointGroupId": {
                    "value": "table"
                }
            }
        },
        {
            "policyDefinitionReferenceId": "DeployIfNotExists policy to automatically create the required DNS record in the central private DNS zone for Azure Table Secondary Storage Accounts",
            "policyDefinitionId": "/providers/Microsoft.Management/managementGroups/Global/providers/Microsoft.Authorization/policyDefinitions/DeployPrivateDNSRecordTableSecondaryStorage",
            "parameters": {
                "effect": {
                    "value": "[parameters('effect')]"
                },
                "privateDnsZoneId": {
                    "value": "/subscriptions/74d15849-ba7b-4be6-8ba1-330a178ba88d/resourceGroups/ng-prd-eus2-privateDns-rg/providers/Microsoft.Network/privateDnsZones/privatelink.table.core.windows.net"
                },
                "privateEndpointGroupId": {
                    "value": "table_secondary"
                }
            }
        },
        {
            "policyDefinitionReferenceId": "DeployIfNotExists policy to automatically create the required DNS record in the central private DNS zone for Azure Queue Storage Accounts",
            "policyDefinitionId": "/providers/Microsoft.Management/managementGroups/Global/providers/Microsoft.Authorization/policyDefinitions/DeployPrivateDNSRecordQueueStorage",
            "parameters": {
                "effect": {
                    "value": "[parameters('effect')]"
                },
                "privateDnsZoneId": {
                    "value": "/subscriptions/74d15849-ba7b-4be6-8ba1-330a178ba88d/resourceGroups/ng-prd-eus2-privateDns-rg/providers/Microsoft.Network/privateDnsZones/privatelink.queue.core.windows.net"
                },
                "privateEndpointGroupId": {
                    "value": "queue"
                }
            }
        },
        {
            "policyDefinitionReferenceId": "DeployIfNotExists policy to automatically create the required DNS record in the central private DNS zone for Azure Queue Secondary Storage Accounts",
            "policyDefinitionId": "/providers/Microsoft.Management/managementGroups/Global/providers/Microsoft.Authorization/policyDefinitions/DeployPrivateDNSRecordQueueSecondaryStorage",
            "parameters": {
                "effect": {
                    "value": "[parameters('effect')]"
                },
                "privateDnsZoneId": {
                    "value": "/subscriptions/74d15849-ba7b-4be6-8ba1-330a178ba88d/resourceGroups/ng-prd-eus2-privateDns-rg/providers/Microsoft.Network/privateDnsZones/privatelink.queue.core.windows.net"
                },
                "privateEndpointGroupId": {
                    "value": "queue_secondary"
                }
            }
        },
        {
            "policyDefinitionReferenceId": "DeployIfNotExists policy to automatically create the required DNS record in the central private DNS zone for Azure File Storage Accounts",
            "policyDefinitionId": "/providers/Microsoft.Management/managementGroups/Global/providers/Microsoft.Authorization/policyDefinitions/DeployPrivateDNSRecordFileStorage",
            "parameters": {
                "effect": {
                    "value": "[parameters('effect')]"
                },
                "privateDnsZoneId": {
                    "value": "/subscriptions/74d15849-ba7b-4be6-8ba1-330a178ba88d/resourceGroups/ng-prd-eus2-privateDns-rg/providers/Microsoft.Network/privateDnsZones/privatelink.file.core.windows.net"
                },
                "privateEndpointGroupId": {
                    "value": "file"
                }
            }
        },
        {
            "policyDefinitionReferenceId": "DeployIfNotExists policy to automatically create the required DNS record in the central private DNS zone for Azure File Secondary Storage Accounts",
            "policyDefinitionId": "/providers/Microsoft.Management/managementGroups/Global/providers/Microsoft.Authorization/policyDefinitions/DeployPrivateDNSRecordFileSecondaryStorage",
            "parameters": {
                "effect": {
                    "value": "[parameters('effect')]"
                },
                "privateDnsZoneId": {
                    "value": "/subscriptions/74d15849-ba7b-4be6-8ba1-330a178ba88d/resourceGroups/ng-prd-eus2-privateDns-rg/providers/Microsoft.Network/privateDnsZones/privatelink.file.core.windows.net"
                },
                "privateEndpointGroupId": {
                    "value": "file_secondary"
                }
            }
        },
        {
            "policyDefinitionReferenceId": "DeployIfNotExists policy to automatically create the required DNS record in the central private DNS zone for Azure Web Storage Accounts",
            "policyDefinitionId": "/providers/Microsoft.Management/managementGroups/Global/providers/Microsoft.Authorization/policyDefinitions/DeployPrivateDNSRecordWebStorage",
            "parameters": {
                "effect": {
                    "value": "[parameters('effect')]"
                },
                "privateDnsZoneId": {
                    "value": "/subscriptions/74d15849-ba7b-4be6-8ba1-330a178ba88d/resourceGroups/ng-prd-eus2-privateDns-rg/providers/Microsoft.Network/privateDnsZones/privatelink.web.core.windows.net"
                },
                "privateEndpointGroupId": {
                    "value": "web"
                }
            }
        },
        {
            "policyDefinitionReferenceId": "DeployIfNotExists policy to automatically create the required DNS record in the central private DNS zone for Azure Web Secondary Storage Accounts",
            "policyDefinitionId": "/providers/Microsoft.Management/managementGroups/Global/providers/Microsoft.Authorization/policyDefinitions/DeployPrivateDNSRecordWebSecondaryStorage",
            "parameters": {
                "effect": {
                    "value": "[parameters('effect')]"
                },
                "privateDnsZoneId": {
                    "value": "/subscriptions/74d15849-ba7b-4be6-8ba1-330a178ba88d/resourceGroups/ng-prd-eus2-privateDns-rg/providers/Microsoft.Network/privateDnsZones/privatelink.web.core.windows.net"
                },
                "privateEndpointGroupId": {
                    "value": "web_secondary"
                }
            }
        },
        {
            "policyDefinitionReferenceId": "DeployIfNotExists policy to automatically create the required DNS record in the central private DNS zone for Mongo Cosmos DB.",
            "policyDefinitionId": "/providers/Microsoft.Management/managementGroups/Global/providers/Microsoft.Authorization/policyDefinitions/DeployPrivateDNSRecordMongoCosmosDB",
            "parameters": {
                "effect": {
                    "value": "[parameters('effect')]"
                },
                "privateDnsZoneId": {
                    "value": "/subscriptions/74d15849-ba7b-4be6-8ba1-330a178ba88d/resourceGroups/ng-prd-eus2-privateDns-rg/providers/Microsoft.Network/privateDnsZones/privatelink.mongo.cosmos.azure.com"
                },
                "privateEndpointGroupId": {
                    "value": "MongoDB"
                }
            }
        },
        {
            "policyDefinitionReferenceId": "DeployIfNotExists policy to automatically create the required DNS record in the central private DNS zone for Redis Cache.",
            "policyDefinitionId": "/providers/Microsoft.Management/managementGroups/Global/providers/Microsoft.Authorization/policyDefinitions/DeployPrivateDNSRecordRedisCache",
            "parameters": {
                "effect": {
                    "value": "[parameters('effect')]"
                },
                "privateDnsZoneId": {
                    "value": "/subscriptions/74d15849-ba7b-4be6-8ba1-330a178ba88d/resourceGroups/ng-prd-eus2-privateDns-rg/providers/Microsoft.Network/privateDnsZones/privatelink.redis.cache.windows.net"
                },
                "privateEndpointGroupId": {
                    "value": "redisCache"
                }
            }
        },
        {
            "policyDefinitionReferenceId": "DeployIfNotExists policy to automatically create the required DNS record in the central private DNS zone for Azure Data Lake File System Gen2 Storage Accounts",
            "policyDefinitionId": "/providers/Microsoft.Management/managementGroups/Global/providers/Microsoft.Authorization/policyDefinitions/DeployPrivateDNSRecordDataLakeFileStorage",
            "parameters": {
                "effect": {
                    "value": "[parameters('effect')]"
                },
                "privateDnsZoneId": {
                    "value": "/subscriptions/74d15849-ba7b-4be6-8ba1-330a178ba88d/resourceGroups/ng-prd-eus2-privateDns-rg/providers/Microsoft.Network/privateDnsZones/privatelink.dfs.core.windows.net"
                },
                "privateEndpointGroupId": {
                    "value": "dfs"
                }
            }
        },
        {
            "policyDefinitionReferenceId": "DeployIfNotExists policy to automatically create the required DNS record in the central private DNS zone for Azure Data Lake File Sec Storage",
            "policyDefinitionId": "/providers/Microsoft.Management/managementGroups/Global/providers/Microsoft.Authorization/policyDefinitions/DeployPrivateDNSRecordDataLakeFileSecStorage",
            "parameters": {
                "effect": {
                    "value": "[parameters('effect')]"
                },
                "privateDnsZoneId": {
                    "value": "/subscriptions/74d15849-ba7b-4be6-8ba1-330a178ba88d/resourceGroups/ng-prd-eus2-privateDns-rg/providers/Microsoft.Network/privateDnsZones/privatelink.dfs.core.windows.net"
                },
                "privateEndpointGroupId": {
                    "value": "dfs_secondary"
                }
            }
        },
        {
            "policyDefinitionReferenceId": "DeployIfNotExists policy to automatically create the required DNS record in the central private DNS zone for Azure Cosmos DB Cassandra",
            "policyDefinitionId": "/providers/Microsoft.Management/managementGroups/Global/providers/Microsoft.Authorization/policyDefinitions/DeployPrivateDNSRecordCassandraCosmosDB",
            "parameters": {
                "effect": {
                    "value": "[parameters('effect')]"
                },
                "privateDnsZoneId": {
                    "value": "/subscriptions/74d15849-ba7b-4be6-8ba1-330a178ba88d/resourceGroups/ng-prd-eus2-privateDns-rg/providers/Microsoft.Network/privateDnsZones/privatelink.cassandra.cosmos.azure.com"
                },
                "privateEndpointGroupId": {
                    "value": "Cassandra"
                }
            }
        },
        {
            "policyDefinitionReferenceId": "DeployIfNotExists policy to automatically create the required DNS record in the central private DNS zone for Azure API Management",
            "policyDefinitionId": "/providers/Microsoft.Management/managementGroups/Global/providers/Microsoft.Authorization/policyDefinitions/DeployPrivateDNSRecordApiMangement",
            "parameters": {
                "effect": {
                    "value": "[parameters('effect')]"
                },
                "privateDnsZoneId": {
                    "value": "/subscriptions/74d15849-ba7b-4be6-8ba1-330a178ba88d/resourceGroups/ng-prd-eus2-privateDns-rg/providers/Microsoft.Network/privateDnsZones/privatelink.azure-api.net"
                },
                "privateEndpointGroupId": {
                    "value": "gateway"
                }
            }
        },
        {
            "policyDefinitionReferenceId": "DeployIfNotExists policy to automatically create the required DNS record in the central private DNS zone for Azure API Management Dev",
            "policyDefinitionId": "/providers/Microsoft.Management/managementGroups/Global/providers/Microsoft.Authorization/policyDefinitions/DeployPrivateDNSRecordApiManagementDev",
            "parameters": {
                "effect": {
                    "value": "[parameters('effect')]"
                },
                "privateDnsZoneId": {
                    "value": "/subscriptions/74d15849-ba7b-4be6-8ba1-330a178ba88d/resourceGroups/ng-prd-eus2-privateDns-rg/providers/Microsoft.Network/privateDnsZones/privatelink.developer.azure-api.net"
                },
                "privateEndpointGroupId": {
                    "value": "gateway"
                }
            }
        },
        {
            "policyDefinitionReferenceId": "DeployIfNotExists policy to automatically create the required DNS record in the central private DNS zone for Azure Cosmos DB Gremlin",
            "policyDefinitionId": "/providers/Microsoft.Management/managementGroups/Global/providers/Microsoft.Authorization/policyDefinitions/DeployPrivateDNSRecordGremlinCosmosDB",
            "parameters": {
                "effect": {
                    "value": "[parameters('effect')]"
                },
                "privateDnsZoneId": {
                    "value": "/subscriptions/74d15849-ba7b-4be6-8ba1-330a178ba88d/resourceGroups/ng-prd-eus2-privateDns-rg/providers/Microsoft.Network/privateDnsZones/privatelink.gremlin.cosmos.azure.com"
                },
                "privateEndpointGroupId": {
                    "value": "Gremlin"
                }
            }
        },
        {
            "policyDefinitionReferenceId": "DeployIfNotExists policy to automatically create the required DNS record in the central private DNS zone for Azure Cosmos DB Table",
            "policyDefinitionId": "/providers/Microsoft.Management/managementGroups/Global/providers/Microsoft.Authorization/policyDefinitions/DeployPrivateDNSRecordTableCosmosDB",
            "parameters": {
                "effect": {
                    "value": "[parameters('effect')]"
                },
                "privateDnsZoneId": {
                    "value": "/subscriptions/74d15849-ba7b-4be6-8ba1-330a178ba88d/resourceGroups/ng-prd-eus2-privateDns-rg/providers/Microsoft.Network/privateDnsZones/privatelink.table.cosmos.azure.com"
                },
                "privateEndpointGroupId": {
                    "value": "Table"
                }
            }
        },
        {
            "policyDefinitionReferenceId": "DeployIfNotExists policy to automatically create the required DNS record in the central private DNS zone for Azure Static Web App",
            "policyDefinitionId": "/providers/Microsoft.Management/managementGroups/Global/providers/Microsoft.Authorization/policyDefinitions/DeployPrivateDNSRecordStaticWebApp",
            "parameters": {
                "effect": {
                    "value": "[parameters('effect')]"
                },
                "privateDnsZoneId": {
                    "value": "/subscriptions/74d15849-ba7b-4be6-8ba1-330a178ba88d/resourceGroups/ng-prd-eus2-privateDns-rg/providers/Microsoft.Network/privateDnsZones/privatelink.azurestaticapps.net"
                },
                "privateEndpointGroupId": {
                    "value": "staticSites"
                }
            }
        },
        {
            "policyDefinitionReferenceId": "DeployIfNotExists policy to automatically create the required DNS record in the central private DNS zone for Postgres SQL Server.",
            "policyDefinitionId": "/providers/Microsoft.Management/managementGroups/Global/providers/Microsoft.Authorization/policyDefinitions/DeployPrivateDNSRecordPostgresSQLServer",
            "parameters": {
                "effect": {
                    "value": "[parameters('effect')]"
                },
                "privateDnsZoneId": {
                    "value": "/subscriptions/74d15849-ba7b-4be6-8ba1-330a178ba88d/resourceGroups/ng-prd-eus2-privateDns-rg/providers/Microsoft.Network/privateDnsZones/privatelink.postgres.database.azure.com"
                },
                "privateEndpointGroupId": {
                    "value": "postgresqlServer"
                }
            }
        },
        {
            "policyDefinitionReferenceId": "DeployIfNotExists policy to automatically create the required DNS record in the central private DNS zone for Azure Cosmos DB for PostgreSQL",
            "policyDefinitionId": "/providers/Microsoft.Management/managementGroups/Global/providers/Microsoft.Authorization/policyDefinitions/DeployPrivateDNSPostgreSQLCosmosDB",
            "parameters": {
                "effect": {
                    "value": "[parameters('effect')]"
                },
                "privateDnsZoneId": {
                    "value": "/subscriptions/74d15849-ba7b-4be6-8ba1-330a178ba88d/resourceGroups/ng-prd-eus2-privateDns-rg/providers/Microsoft.Network/privateDnsZones/privatelink.postgres.cosmos.azure.com"
                },
                "privateEndpointGroupId": {
                    "value": "coordinator"
                }
            }
        },
        {
            "policyDefinitionReferenceId": "DeployIfNotExists policy to automatically create the required DNS record in the central private DNS zone for Azure EventGrid Topic.",
            "policyDefinitionId": "/providers/Microsoft.Management/managementGroups/Global/providers/Microsoft.Authorization/policyDefinitions/DeployPrivateDNSRecordEventGridTopic",
            "parameters": {
                "effect": {
                    "value": "[parameters('effect')]"
                },
                "privateDnsZoneId": {
                    "value": "/subscriptions/74d15849-ba7b-4be6-8ba1-330a178ba88d/resourceGroups/ng-prd-eus2-privatedns-rg/providers/Microsoft.Network/privateDnsZones/privatelink.eventgrid.azure.net"
                },
                "privateEndpointGroupId": {
                    "value": "topic"
                }
            }
        },
        {
            "policyDefinitionReferenceId": "DeployIfNotExists policy to automatically create the required DNS record in the central private DNS zone for Azure EventGrid Domain.",
            "policyDefinitionId": "/providers/Microsoft.Management/managementGroups/Global/providers/Microsoft.Authorization/policyDefinitions/DeployPrivateDNSRecordEventGridDomain",
            "parameters": {
                "effect": {
                    "value": "[parameters('effect')]"
                },
                "privateDnsZoneId": {
                    "value": "/subscriptions/74d15849-ba7b-4be6-8ba1-330a178ba88d/resourceGroups/ng-prd-eus2-privatedns-rg/providers/Microsoft.Network/privateDnsZones/privatelink.eventgrid.azure.net"
                },
                "privateEndpointGroupId": {
                    "value": "domain"
                }
            }
        },
        {
            "policyDefinitionReferenceId": "DeployIfNotExists policy to automatically create the required DNS record in the central private DNS zone for Azure DataBricks UI",
            "policyDefinitionId": "/providers/Microsoft.Management/managementGroups/Global/providers/Microsoft.Authorization/policyDefinitions/DeployPrivateDNSRecordDataBricksUI",
            "parameters": {
                "effect": {
                    "value": "[parameters('effect')]"
                },
                "privateDnsZoneId": {
                    "value": "/subscriptions/74d15849-ba7b-4be6-8ba1-330a178ba88d/resourceGroups/ng-prd-eus2-privateDns-rg/providers/Microsoft.Network/privateDnsZones/privatelink.azuredatabricks.net"
                },
                "privateEndpointGroupId": {
                    "value": "databricks_ui_api"
                }
            }
        },
        {
            "policyDefinitionReferenceId": "DeployIfNotExists policy to automatically create the required DNS record in the central private DNS zone for Azure DataBricks Browser",
            "policyDefinitionId": "/providers/Microsoft.Management/managementGroups/Global/providers/Microsoft.Authorization/policyDefinitions/DeployPrivateDNSRecordDataBricksBrowser",
            "parameters": {
                "effect": {
                    "value": "[parameters('effect')]"
                },
                "privateDnsZoneId": {
                    "value": "/subscriptions/74d15849-ba7b-4be6-8ba1-330a178ba88d/resourceGroups/ng-prd-eus2-privateDns-rg/providers/Microsoft.Network/privateDnsZones/privatelink.azuredatabricks.net"
                },
                "privateEndpointGroupId": {
                    "value": "browser_authentication"
                }
            }
        },
        {
            "policyDefinitionReferenceId": "DeployIfNotExists policy to automatically create the required DNS record in the central private DNS zone for Azure Managed Grafana",
            "policyDefinitionId": "/providers/Microsoft.Management/managementGroups/Global/providers/Microsoft.Authorization/policyDefinitions/DeployPrivateDNSRecordGrafana",
            "parameters": {
                "effect": {
                    "value": "[parameters('effect')]"
                },
                "privateDnsZoneId": {
                    "value": "/subscriptions/74d15849-ba7b-4be6-8ba1-330a178ba88d/resourceGroups/ng-prd-eus2-privateDns-rg/providers/Microsoft.Network/privateDnsZones/privatelink.grafana.azure.com"
                },
                "privateEndpointGroupId": {
                    "value": "grafana"
                }
            }
        },
        {
            "policyDefinitionReferenceId": "DeployIfNotExists policy to automatically create the required DNS record in the central private DNS zone for Purview Account",
            "policyDefinitionId": "/providers/Microsoft.Management/managementGroups/Global/providers/Microsoft.Authorization/policyDefinitions/DeployPrivateDNSRecordPurview",
            "parameters": {
                "effect": {
                    "value": "[parameters('effect')]"
                },
                "privateDnsZoneId": {
                    "value": "/subscriptions/74d15849-ba7b-4be6-8ba1-330a178ba88d/resourceGroups/ng-prd-eus2-privatedns-rg/providers/Microsoft.Network/privateDnsZones/privatelink.purview.azure.com"
                },
                "privateEndpointGroupId": {
                    "value": "account"
                }
            }
        },
        {
            "policyDefinitionReferenceId": "DeployIfNotExists policy to automatically create the required DNS record in the central private DNS zone for Document DB",
            "policyDefinitionId": "/providers/Microsoft.Management/managementGroups/Global/providers/Microsoft.Authorization/policyDefinitions/DeployPrivateDNSDocumentDB",
            "parameters": {
                "effect": {
                    "value": "[parameters('effect')]"
                },
                "privateDnsZoneId": {
                    "value": "/subscriptions/74d15849-ba7b-4be6-8ba1-330a178ba88d/resourceGroups/ng-prd-eus2-privatedns-rg/providers/Microsoft.Network/privateDnsZones/privatelink.documents.azure.com"
                },
                "privateEndpointGroupId": {
                    "value": "sql"
                }
            }
        },
        {
            "policyDefinitionReferenceId": "DeployIfNotExists policy to automatically create the required DNS record in the central private DNS zone for WebPubSub",
            "policyDefinitionId": "/providers/Microsoft.Management/managementGroups/Global/providers/Microsoft.Authorization/policyDefinitions/DeployPrivateDNSRecordWebPubSub",
            "parameters": {
                "effect": {
                    "value": "[parameters('effect')]"
                },
                "privateDnsZoneId": {
                    "value": "/subscriptions/74d15849-ba7b-4be6-8ba1-330a178ba88d/resourceGroups/ng-prd-eus2-privatedns-rg/providers/Microsoft.Network/privateDnsZones/privatelink.webpubsub.azure.com"
                },
                "privateEndpointGroupId": {
                    "value": "webpubsub"
                }
            }
        },
        {
            "policyDefinitionReferenceId": "DeployIfNotExists policy to automatically create the required DNS record in the central private DNS zone for AI Search Service",
            "policyDefinitionId": "/providers/Microsoft.Management/managementGroups/Global/providers/Microsoft.Authorization/policyDefinitions/DeployPrivateDNSRecordAISearch",
            "parameters": {
                "effect": {
                    "value": "[parameters('effect')]"
                },
                "privateDnsZoneId": {
                    "value": "/subscriptions/74d15849-ba7b-4be6-8ba1-330a178ba88d/resourceGroups/ng-prd-eus2-privatedns-rg/providers/Microsoft.Network/privateDnsZones/privatelink.search.windows.net"
                },
                "privateEndpointGroupId": {
                    "value": "searchService"
                }
            }
        },
        {
            "policyDefinitionReferenceId": "DeployIfNotExists policy to automatically create the required DNS record in the central private DNS zone for IoT Hub",
            "policyDefinitionId": "/providers/Microsoft.Management/managementGroups/Global/providers/Microsoft.Authorization/policyDefinitions/DeployPrivateDNSRecordIoTHub",
            "parameters": {
                "effect": {
                    "value": "[parameters('effect')]"
                },
                "privateDnsZoneId": {
                    "value": "/subscriptions/74d15849-ba7b-4be6-8ba1-330a178ba88d/resourceGroups/ng-prd-eus2-privatedns-rg/providers/Microsoft.Network/privateDnsZones/privatelink.azure-devices.net"
                },
                "privateEndpointGroupId": {
                    "value": "iotHub"
                }
            }
        },
        {
            "policyDefinitionReferenceId": "DeployIfNotExists policy to automatically create the required DNS record in the central private DNS zone for Batch Accounts",
            "policyDefinitionId": "/providers/Microsoft.Management/managementGroups/Global/providers/Microsoft.Authorization/policyDefinitions/DeployPrivateDNSRecordBatchAccount",
            "parameters": {
                "effect": {
                    "value": "[parameters('effect')]"
                },
                "privateDnsZoneId": {
                    "value": "/subscriptions/74d15849-ba7b-4be6-8ba1-330a178ba88d/resourceGroups/ng-prd-eus2-privatedns-rg/providers/Microsoft.Network/privateDnsZones/privatelink.batch.azure.com"
                },
                "privateEndpointGroupId": {
                    "value": "batchAccount"
                }
            }
        },
        {
            "policyDefinitionReferenceId": "DeployIfNotExists policy to automatically create the required DNS record in the central private DNS zone for Batch Accounts Node Mgmt",
            "policyDefinitionId": "/providers/Microsoft.Management/managementGroups/Global/providers/Microsoft.Authorization/policyDefinitions/DeployPrivateDNSRecordNodeManagement",
            "parameters": {
                "effect": {
                    "value": "[parameters('effect')]"
                },
                "privateDnsZoneId": {
                    "value": "/subscriptions/74d15849-ba7b-4be6-8ba1-330a178ba88d/resourceGroups/ng-prd-eus2-privatedns-rg/providers/Microsoft.Network/privateDnsZones/privatelink.batch.azure.com"
                },
                "privateEndpointGroupId": {
                    "value": "nodeManagement"
                }
            }
        },
        {
            "policyDefinitionReferenceId": "DeployIfNotExists policy to automatically create the required DNS record in the central private DNS zone for UKW Container App Environment",
            "policyDefinitionId": "/providers/Microsoft.Management/managementGroups/Global/providers/Microsoft.Authorization/policyDefinitions/ContainerAppsPrivateDNSRecordUKW",
            "parameters": {
                "effect": {
                    "value": "[parameters('effect')]"
                },
                "privateDnsZoneId": {
                    "value": "/subscriptions/74d15849-ba7b-4be6-8ba1-330a178ba88d/resourceGroups/ng-prd-eus2-privatedns-rg/providers/Microsoft.Network/privateDnsZones/privatelink.ukwest.azurecontainerapps.io"
                },
                "privateEndpointGroupId": {
                    "value": "managedEnvironments"
                }
            }
        },
        {
            "policyDefinitionReferenceId": "DeployIfNotExists policy to automatically create the required DNS record in the central private DNS zone for UKS Container App Environment",
            "policyDefinitionId": "/providers/Microsoft.Management/managementGroups/Global/providers/Microsoft.Authorization/policyDefinitions/ContainerAppsPrivateDNSRecordUKS",
            "parameters": {
                "effect": {
                    "value": "[parameters('effect')]"
                },
                "privateDnsZoneId": {
                    "value": "/subscriptions/74d15849-ba7b-4be6-8ba1-330a178ba88d/resourceGroups/ng-prd-eus2-privatedns-rg/providers/Microsoft.Network/privateDnsZones/privatelink.uksouth.azurecontainerapps.io"
                },
                "privateEndpointGroupId": {
                    "value": "managedEnvironments"
                }
            }
        },
        {
            "policyDefinitionReferenceId": "DeployIfNotExists policy to automatically create the required DNS record in the central private DNS zone for EUS2 Container App Environment",
            "policyDefinitionId": "/providers/Microsoft.Management/managementGroups/Global/providers/Microsoft.Authorization/policyDefinitions/ContainerAppsPrivateDNSRecordEUS2",
            "parameters": {
                "effect": {
                    "value": "[parameters('effect')]"
                },
                "privateDnsZoneId": {
                    "value": "/subscriptions/74d15849-ba7b-4be6-8ba1-330a178ba88d/resourceGroups/ng-prd-eus2-privatedns-rg/providers/Microsoft.Network/privateDnsZones/privatelink.eastus2.azurecontainerapps.io"
                },
                "privateEndpointGroupId": {
                    "value": "managedEnvironments"
                }
            }
        },
        {
            "policyDefinitionReferenceId": "DeployIfNotExists policy to automatically create the required DNS record in the central private DNS zone for CUS Container App Environment",
            "policyDefinitionId": "/providers/Microsoft.Management/managementGroups/Global/providers/Microsoft.Authorization/policyDefinitions/ContainerAppsPrivateDNSRecordCUS",
            "parameters": {
                "effect": {
                    "value": "[parameters('effect')]"
                },
                "privateDnsZoneId": {
                    "value": "/subscriptions/74d15849-ba7b-4be6-8ba1-330a178ba88d/resourceGroups/ng-prd-eus2-privatedns-rg/providers/Microsoft.Network/privateDnsZones/privatelink.centralus.azurecontainerapps.io"
                },
                "privateEndpointGroupId": {
                    "value": "managedEnvironments"
                }
            }
        }
    ]
}