{
    "name": "PrivateDualDNSInitiative",
    "displayName": "Private Endpoint Dual DNS Initiative",
    "description": "Private Endpoints registered with Private Dual DNS automatically.",
    "metadata": {
        "category": "Network"
    },
    "parameters": {
        "effect": {
            "type": "string",
            "defaultValue": "DeployIfNotExists",
            "metadata": {
                "displayName": "Policy Effect",
                "description": "Enable or disable the execution of the policy."
            }
        }
    },
    "policyDefinitions": [
        {
            "policyDefinitionReferenceId": "DeployIfNotExists policy to automatically create the required DNS record in the central private DNS zone for Azure Machine Learning API.",
            "policyDefinitionId": "/providers/Microsoft.Management/managementGroups/Global/providers/Microsoft.Authorization/policyDefinitions/CustomDualPrivateDNSRecord",
            "parameters": {
                "effect": {
                    "value": "[parameters('effect')]"
                },
                "firstPrivateDnsZoneId": {
                    "value": "/subscriptions/74d15849-ba7b-4be6-8ba1-330a178ba88d/resourceGroups/ng-prd-eus2-privateDns-rg/providers/Microsoft.Network/privateDnsZones/privatelink.api.azureml.ms"
                },
                "secondPrivateDnsZoneId": {
                    "value": "/subscriptions/74d15849-ba7b-4be6-8ba1-330a178ba88d/resourceGroups/ng-prd-eus2-privateDns-rg/providers/Microsoft.Network/privateDnsZones/privatelink.notebooks.azure.net"
                },
                "privateEndpointGroupId": {
                    "value": "amlworkspace"
                }
            }
        },
        {
            "policyDefinitionReferenceId": "DeployIfNotExists policy to automatically create the required DNS record in the central private DNS zone for OpenAI.",
            "policyDefinitionId": "/providers/Microsoft.Management/managementGroups/Global/providers/Microsoft.Authorization/policyDefinitions/CustomDualPrivateDNSRecord",
            "parameters": {
                "effect": {
                    "value": "[parameters('effect')]"
                },
                "firstPrivateDnsZoneId": {
                    "value": "/subscriptions/74d15849-ba7b-4be6-8ba1-330a178ba88d/resourceGroups/ng-prd-eus2-privateDns-rg/providers/Microsoft.Network/privateDnsZones/privatelink.cognitiveservices.azure.com"
                },
                "secondPrivateDnsZoneId": {
                    "value": "/subscriptions/74d15849-ba7b-4be6-8ba1-330a178ba88d/resourceGroups/ng-prd-eus2-privateDns-rg/providers/Microsoft.Network/privateDnsZones/privatelink.openai.azure.com"
                },
                "privateEndpointGroupId": {
                    "value": "account"
                }
            }
        },
        {
            "policyDefinitionReferenceId": "DeployIfNotExists policy to automatically create the required DNS record in the central private DNS zone for Azure Data Explorer MultiDNS EUS2",
            "policyDefinitionId": "/providers/Microsoft.Management/managementGroups/Global/providers/Microsoft.Authorization/policyDefinitions/ADEPrivateDNSRecordEUS2",
            "parameters": {
                "effect": {
                    "value": "[parameters('effect')]"
                },
                "firstPrivateDnsZoneId": {
                    "value": "/subscriptions/74d15849-ba7b-4be6-8ba1-330a178ba88d/resourceGroups/ng-prd-eus2-privateDns-rg/providers/Microsoft.Network/privateDnsZones/privatelink.queue.core.windows.net"
                },
                "secondPrivateDnsZoneId": {
                    "value": "/subscriptions/74d15849-ba7b-4be6-8ba1-330a178ba88d/resourceGroups/ng-prd-eus2-privateDns-rg/providers/Microsoft.Network/privateDnsZones/privatelink.blob.core.windows.net"
                },
                "thirdPrivateDnsZoneId": {
                    "value": "/subscriptions/74d15849-ba7b-4be6-8ba1-330a178ba88d/resourceGroups/ng-prd-eus2-privateDns-rg/providers/Microsoft.Network/privateDnsZones/privatelink.eastus2.kusto.windows.net"
                },
                "fourthPrivateDnsZoneId": {
                    "value": "/subscriptions/74d15849-ba7b-4be6-8ba1-330a178ba88d/resourceGroups/ng-prd-eus2-privateDns-rg/providers/Microsoft.Network/privateDnsZones/privatelink.table.core.windows.net"
                },
                "privateEndpointGroupId": {
                    "value": "cluster"
                }
            }
        },{
            "policyDefinitionReferenceId": "DeployIfNotExists policy to automatically create the required DNS record in the central private DNS zone for Azure Data Explorer MultiDNS CUS",
            "policyDefinitionId": "/providers/Microsoft.Management/managementGroups/Global/providers/Microsoft.Authorization/policyDefinitions/ADEPrivateDNSRecordCUS",
            "parameters": {
                "effect": {
                    "value": "[parameters('effect')]"
                },
                "firstPrivateDnsZoneId": {
                    "value": "/subscriptions/74d15849-ba7b-4be6-8ba1-330a178ba88d/resourceGroups/ng-prd-eus2-privateDns-rg/providers/Microsoft.Network/privateDnsZones/privatelink.queue.core.windows.net"
                },
                "secondPrivateDnsZoneId": {
                    "value": "/subscriptions/74d15849-ba7b-4be6-8ba1-330a178ba88d/resourceGroups/ng-prd-eus2-privateDns-rg/providers/Microsoft.Network/privateDnsZones/privatelink.blob.core.windows.net"
                },
                "thirdPrivateDnsZoneId": {
                    "value": "/subscriptions/74d15849-ba7b-4be6-8ba1-330a178ba88d/resourceGroups/ng-prd-eus2-privateDns-rg/providers/Microsoft.Network/privateDnsZones/privatelink.centralus.kusto.windows.net"
                },
                "fourthPrivateDnsZoneId": {
                    "value": "/subscriptions/74d15849-ba7b-4be6-8ba1-330a178ba88d/resourceGroups/ng-prd-eus2-privateDns-rg/providers/Microsoft.Network/privateDnsZones/privatelink.table.core.windows.net"
                },
                "privateEndpointGroupId": {
                    "value": "cluster"
                }
            }
        },{
            "policyDefinitionReferenceId": "DeployIfNotExists policy to automatically create the required DNS record in the central private DNS zone for Azure Data Explorer MultiDNS UKW",
            "policyDefinitionId": "/providers/Microsoft.Management/managementGroups/Global/providers/Microsoft.Authorization/policyDefinitions/ADEPrivateDNSRecordUKW",
            "parameters": {
                "effect": {
                    "value": "[parameters('effect')]"
                },
                "firstPrivateDnsZoneId": {
                    "value": "/subscriptions/74d15849-ba7b-4be6-8ba1-330a178ba88d/resourceGroups/ng-prd-eus2-privateDns-rg/providers/Microsoft.Network/privateDnsZones/privatelink.queue.core.windows.net"
                },
                "secondPrivateDnsZoneId": {
                    "value": "/subscriptions/74d15849-ba7b-4be6-8ba1-330a178ba88d/resourceGroups/ng-prd-eus2-privateDns-rg/providers/Microsoft.Network/privateDnsZones/privatelink.blob.core.windows.net"
                },
                "thirdPrivateDnsZoneId": {
                    "value": "/subscriptions/74d15849-ba7b-4be6-8ba1-330a178ba88d/resourceGroups/ng-prd-eus2-privateDns-rg/providers/Microsoft.Network/privateDnsZones/privatelink.ukwest.kusto.windows.net"
                },
                "fourthPrivateDnsZoneId": {
                    "value": "/subscriptions/74d15849-ba7b-4be6-8ba1-330a178ba88d/resourceGroups/ng-prd-eus2-privateDns-rg/providers/Microsoft.Network/privateDnsZones/privatelink.table.core.windows.net"
                },
                "privateEndpointGroupId": {
                    "value": "cluster"
                }
            }
        },{
            "policyDefinitionReferenceId": "DeployIfNotExists policy to automatically create the required DNS record in the central private DNS zone for Azure Data Explorer MultiDNS UKS",
            "policyDefinitionId": "/providers/Microsoft.Management/managementGroups/Global/providers/Microsoft.Authorization/policyDefinitions/ADEPrivateDNSRecordUKS",
            "parameters": {
                "effect": {
                    "value": "[parameters('effect')]"
                },
                "firstPrivateDnsZoneId": {
                    "value": "/subscriptions/74d15849-ba7b-4be6-8ba1-330a178ba88d/resourceGroups/ng-prd-eus2-privateDns-rg/providers/Microsoft.Network/privateDnsZones/privatelink.queue.core.windows.net"
                },
                "secondPrivateDnsZoneId": {
                    "value": "/subscriptions/74d15849-ba7b-4be6-8ba1-330a178ba88d/resourceGroups/ng-prd-eus2-privateDns-rg/providers/Microsoft.Network/privateDnsZones/privatelink.blob.core.windows.net"
                },
                "thirdPrivateDnsZoneId": {
                    "value": "/subscriptions/74d15849-ba7b-4be6-8ba1-330a178ba88d/resourceGroups/ng-prd-eus2-privateDns-rg/providers/Microsoft.Network/privateDnsZones/privatelink.uksouth.kusto.windows.net"
                },
                "fourthPrivateDnsZoneId": {
                    "value": "/subscriptions/74d15849-ba7b-4be6-8ba1-330a178ba88d/resourceGroups/ng-prd-eus2-privateDns-rg/providers/Microsoft.Network/privateDnsZones/privatelink.table.core.windows.net"
                },
                "privateEndpointGroupId": {
                    "value": "cluster"
                }
            }
        }
    ]
}
