{
    "name": "securityInitiativeDefinition",
    "displayName": "Security Initiative Definition",
    "description": "This initiative definition contains vulnerability management policies",
    "metadata": {
        "category": "General"
    },
    "parameters": {
        "4f4f78b8-e367-4b10-a341-d9a4ad5cf1c7": {
            "type": "string",
            "metadata": {
                "displayName": "Effect for - Security contact email address should be provided for your subscription"
            },
            "allowedValues": [
                "AuditIfNotExists",
                "Disabled"
            ]
        },
        "a1181c5f-672a-477a-979a-7d58aa086233": {
            "type": "string",
            "metadata": {
                "displayName": "Effect for - Security Center standard pricing tier should be selected"
            },
            "allowedValues": [
                "Audit",
                "Disabled"
            ]
        },
        "1b7aa243-30e4-4c9e-bca8-d0d3022b634a": {
            "type": "string",
            "metadata": {
                "displayName": "Effect for - Vulnerability assessment should be enabled on SQL Managed Instance"
            },
            "allowedValues": [
                "AuditIfNotExists"
            ],
            "defaultValue": "AuditIfNotExists"
        },
        "ef2a8f2a-b3d9-49cd-a8a8-9a3aaaf647d9": {
            "type": "string",
            "metadata": {
                "displayName": "Effect for - Vulnerability assessment should be enabled on your SQL servers"
            },
            "allowedValues": [
                "AuditIfNotExists"
            ],
            "defaultValue": "AuditIfNotExists"
        },
        "3c735d8a-a4ba-4a3a-b7cf-db7754cf57f4": {
            "type": "string",
            "metadata": {
                "displayName": "Effect for - Vulnerabilities in security configuration on your virtual machine scale sets should be remediated"
            },
            "allowedValues": [
                "AuditIfNotExists"
            ],
            "defaultValue": "AuditIfNotExists"
        },
        "6ba6d016-e7c3-4842-b8f2-4992ebc0d72d": {
            "type": "string",
            "metadata": {
                "displayName": "Effect for - SQL servers on machines should have vulnerability findings resolved"
            },
            "allowedValues": [
                "AuditIfNotExists"
            ],
            "defaultValue": "AuditIfNotExists"
        },
        "e1e5fd5d-3e4c-4ce1-8661-7d1873ae6b15": {
            "type": "string",
            "metadata": {
                "displayName": "Effect for - Vulnerabilities in security configuration on your machines should be remediated"
            },
            "allowedValues": [
                "AuditIfNotExists"
            ],
            "defaultValue": "AuditIfNotExists"
        },
        "feedbf84-6b99-488c-acc2-71c829aa5ffc": {
            "type": "string",
            "metadata": {
                "displayName": "Effect for - SQL databases should have vulnerability findings resolved"
            },
            "allowedValues": [
                "AuditIfNotExists"
            ],
            "defaultValue": "AuditIfNotExists"
        },
            "EnablevulassssmentSQLServer-effect": {
              "type": "String",
              "metadata": {
                "displayName": "Effect",
                "description": "Enable or disable the execution of the policy"
              },
              "allowedValues": [
                "DeployIfNotExists",
                "Disabled"
              ],
              "defaultValue": "DeployIfNotExists"
          }
    },
    "policyDefinitions": [
        {
            "policyDefinitionId": "/providers/Microsoft.Authorization/policyDefinitions/4f4f78b8-e367-4b10-a341-d9a4ad5cf1c7",
            "parameters": {
                "effect": {
                    "value": "[parameters('4f4f78b8-e367-4b10-a341-d9a4ad5cf1c7')]"
                }
            }
        },
        {
            "policyDefinitionId": "/providers/Microsoft.Authorization/policyDefinitions/a1181c5f-672a-477a-979a-7d58aa086233",
            "parameters": {
                "effect": {
                    "value": "[parameters('a1181c5f-672a-477a-979a-7d58aa086233')]"
                }
            }
        },
        {
            "policyDefinitionId": "/providers/Microsoft.Authorization/policyDefinitions/1b7aa243-30e4-4c9e-bca8-d0d3022b634a",
            "parameters": {
                "effect": {
                    "value": "[parameters('1b7aa243-30e4-4c9e-bca8-d0d3022b634a')]"
                }
            }
        },
        {
            "policyDefinitionId": "/providers/Microsoft.Authorization/policyDefinitions/ef2a8f2a-b3d9-49cd-a8a8-9a3aaaf647d9",
            "parameters": {
                "effect": {
                    "value": "[parameters('ef2a8f2a-b3d9-49cd-a8a8-9a3aaaf647d9')]"
                }
            }
        },
        {
            "policyDefinitionId": "/providers/Microsoft.Authorization/policyDefinitions/3c735d8a-a4ba-4a3a-b7cf-db7754cf57f4",
            "parameters": {
                "effect": {
                    "value": "[parameters('3c735d8a-a4ba-4a3a-b7cf-db7754cf57f4')]"
                }
            }
        },
        {
            "policyDefinitionId": "/providers/Microsoft.Authorization/policyDefinitions/6ba6d016-e7c3-4842-b8f2-4992ebc0d72d",
            "parameters": {
                "effect": {
                    "value": "[parameters('6ba6d016-e7c3-4842-b8f2-4992ebc0d72d')]"
                }
            }
        },
        {
            "policyDefinitionId": "/providers/Microsoft.Authorization/policyDefinitions/e1e5fd5d-3e4c-4ce1-8661-7d1873ae6b15",
            "parameters": {
                "effect": {
                    "value": "[parameters('e1e5fd5d-3e4c-4ce1-8661-7d1873ae6b15')]"
                }
            }
        },
        {
            "policyDefinitionId": "/providers/Microsoft.Authorization/policyDefinitions/feedbf84-6b99-488c-acc2-71c829aa5ffc",
            "parameters": {
                "effect": {
                    "value": "[parameters('feedbf84-6b99-488c-acc2-71c829aa5ffc')]"
                }
            }
        },
        {
            "policyDefinitionReferenceId": "Set Security Contact",
            "policyDefinitionId": "/providers/Microsoft.Management/managementGroups/Global/providers/Microsoft.Authorization/policyDefinitions/SetSecurityContact",
            "parameters": {}
        },
        {
            "policyDefinitionReferenceId": "Enable Azure Defender",
            "policyDefinitionId": "/providers/Microsoft.Management/managementGroups/Global/providers/Microsoft.Authorization/policyDefinitions/EnableAzureDefender",
            "parameters": {}
        },
        {
            "policyDefinitionReferenceId": "Enable vulnerability assessment in SQL Server",
            "policyDefinitionId": "/providers/Microsoft.Management/managementGroups/Global/providers/Microsoft.Authorization/policyDefinitions/EnablevulassssmentSQLServer",
            "parameters": {
                "effect": {
                    "value": "[parameters('EnablevulassssmentSQLServer-effect')]"
                }
            },
            "groupNames": []
        }
    ]
}