{
    "name": "SetNamingConventionInitiative",
    "displayName": "Set Naming Convention Initiative Definition",
    "description": "This initiative definition contains naming convention policies for multiple groups of resources",
    "metadata": {
        "category": "NamingStandards"
    },
    "parameters": {
        "effect": {
            "type": "String",
            "metadata": {
                "displayName": "Effect",
                "description": "Enable or disable the execution of the policy"
            },
            "allowedValues": [
                "Audit", "Disabled", "Deny"
            ],
            "defaultValue": "Audit"
        },
        "enValues": {
            "type": "array",
            "allowedValues": [
                "pr", "pp", "dv", "qa", "ff", "ut"
            ],
            "defaultValue": [
                "pr", "pp", "dv", "qa", "ff", "ut"
            ],
            "metadata": {
                "displayName": "Allowed environment values for Virtual Machines",
                "description": "List of <en> values that are allowed."
            }
        },
        "envValues": {
            "type": "array",
            "allowedValues": [
                "prd",
                "prod",
                "pd",
                "dev",
                "qua",
                "fof",
                "uat",
                "npd",
                "qa"
            ],
            "metadata": {
                "displayName": "Allowed environment values",
                "description": "List of <env> values that are allowed."
            }
        },
        "vmRegionValues": {
            "type": "array",
            "allowedValues": [
                "use", "usc", "uks", "ukw"
            ],
            "defaultValue": [
                "use", "usc", "uks", "ukw"
            ],
            "metadata": {
                "displayName": "Allowed VM region values",
                "description": "List of VM <region> values that are allowed."
            }
        },
        "regionValues": {
            "type": "array",
            "allowedValues": [
                "eus2",
                "cus",
                "wcus",
                "uks",
                "ukw"
            ],
            "metadata": {
                "displayName": "Allowed region values",
                "description": "List of <region> values that are allowed."
            }
        },
        "resourceValues": {
            "type": "array",
            "allowedValues": [
                "alert",
                "aa",
                "avail",
                "asg",
                "agw",
                "bp",
                "probe",
                "routingRule",
                "httpsListener",
                "adb",
                "adf",
                "disk",
                "evh",
                "ehns",
                "erc",
                "vgw",
                "pip",
                "azfw",
                "kv",
                "log",
                "nic",
                "nsg",
                "rsv",
                "rg",
                "route",
                "sqldb",
                "sql",
                "st",
                "stf",
                "stb",
                "snet",
                "vnet",
                "peer",
                "func",
                "csdb",
                "pgdb",
                "app",
                "apia",
                "appi",
                "logic",
                "synw",
                "pview",
                "mlw",
                "appcs",
                "cospos",
                "amg",
                "sbns",
                "sbq",
                "sbt",
                "sbts",
                "wps",
                "apim",
                "srch",
                "map",
                "iot",
                "ca",
                "cae",
                "ntf",
                "ntfns"
            ],
            "metadata": {
                "displayName": "Allowed resource values",
                "description": "List of resource values that are allowed."
            }
        },
        "resourceProviders": {
            "type": "array",
            "allowedValues": [
                "Microsoft.AlertsManagement/alerts",
                "Microsoft.Automation/automationAccounts",
                "Microsoft.Compute/availabilitySets",
                "Microsoft.Databricks/workspaces",
                "Microsoft.DataFactory/factories",
                "Microsoft.DBforPostgreSQL/servers",
                "Microsoft.DocumentDB/databaseAccounts",
                "Microsoft.EventHub/namespaces",
                "Microsoft.EventHub/namespaces/eventhubs",
                "Microsoft.KeyVault/vaults",
                "Microsoft.Network/applicationGateways",
                "Microsoft.Network/expressRouteCircuits",
                "Microsoft.Network/expressRouteGateways",
                "Microsoft.Network/expressRouteGateways/publicIPAddresses",
                "Microsoft.Network/expressRouteCircuits",
                "Microsoft.Network/routeTables",
                "Microsoft.Network/virtualNetworks",
                "Microsoft.Network/virtualNetworks/subnets",
                "Microsoft.Purview/accounts",
                "Microsoft.OperationalInsights/workspaces",
                "Microsoft.RecoveryServices/vaults",
                "Microsoft.Resources/resourceGroups",
                "Microsoft.Resources/subscriptions/resourceGroups",
                "Microsoft.Sql/servers",
                "Microsoft.Sql/servers/databases",
                "Microsoft.Web/serverfarms",
                "Microsoft.Synapse/workspaces",
                "Microsoft.AppConfiguration/configurationStores",
                "Microsoft.DBforPostgreSQL/serverGroupsv2",
                "Microsoft.Dashboard/grafana",
                "Microsoft.ServiceBus/namespaces",
                "Microsoft.ServiceBus/namespaces/queues",
                "Microsoft.ServiceBus/namespaces/topics",
                "Microsoft.ServiceBus/namespaces/topics/subscriptions",
                "Microsoft.SignalRService/webPubSub",
                "Microsoft.ApiManagement/service",
                "Microsoft.Maps/accounts",
                "Microsoft.Search/searchServices",
                "Microsoft.Devices/IotHubs",
                "Microsoft.App/containerapps",
                "Microsoft.App/managedEnvironments",
                "Microsoft.NotificationHubs/namespaces",
                "Microsoft.NotificationHubs/notificationHubs"

            ],
            "metadata": {
                "displayName": "Allowed resource provider values",
                "description": "List of resourceProvider values that are allowed."
            }
        },
        "diskNICProviders": {
            "type": "array",
            "allowedValues": [
                "Microsoft.Compute/disks", "Microsoft.Network/networkInterfaces"
            ],
            "defaultValue": [
                "Microsoft.Compute/disks", "Microsoft.Network/networkInterfaces"
            ],
            "metadata": {
                "displayName": "Allowed Disk and NIC Provider values",
                "description": "List of Disk and NIC Provider values that are allowed."
            }
        },
        "routeASGProviders": {
            "type": "array",
            "allowedValues": [
                "Microsoft.Network/routeTables/routes", "Microsoft.Network/applicationSecurityGroups"
            ],
            "defaultValue": [
                "Microsoft.Network/routeTables/routes", "Microsoft.Network/applicationSecurityGroups"
            ],
            "metadata": {
                "displayName": "Allowed resource provider values",
                "description": "List of resourceProvider values that are allowed."
            }
        },
        "asgRouteValues": {
            "type": "array",
            "allowedValues": [
                "asg", "route"
            ],
            "defaultValue": [
                "asg", "route"
            ],
            "metadata": {
                "displayName": "Allowed resource values for App Security Group and Route Table/Routes",
                "description": "List of resource values for App Security Group and Route Table/Routes."
            }
        },
        "appResourceValues": {
            "type": "array",
            "allowedValues": [
                "func", "app", "apia", "logic"
            ],
            "defaultValue": [
                "func", "app", "apia", "logic"
            ],
            "metadata": {
                "displayName": "Allowed App Resource Values",
                "description": "List of <appResourceValues> values that are allowed."
            }
        },
        "storageProviders": {
            "type": "array",
            "allowedValues": [
                "Microsoft.Storage/storageAccounts",
                "Microsoft.Batch/batchAccounts"
                
            ],
            "defaultValue": [
                "Microsoft.Storage/storageAccounts",
                "Microsoft.Batch/batchAccounts"
            ],
            "metadata": {
                "displayName": "Allowed resource provider values for Storage accounts and Batch Accounts",
                "description": "List of resourceProvider values for  Storage accounts and Batch Accounts."
            }
        },
        "cogServicesResourceValues": {
            "type": "array",
            "allowedValues": [
                "oai", "lang", "spch", "trsl"
            ],
            "defaultValue": [
                "oai", "lang", "spch", "trsl"
            ],
            "metadata": {
                "displayName": "Allowed Cognitive Service Resource Values",
                "description": "List of <cogServicesResourceValues> values that are allowed."
            }
        },      
        
            "aderesourceValues": {
            "type": "array",
            "allowedValues": [
                "dec"  
            ],
            "defaultValue": [
                "dec"
            ],
            "metadata": {
                "displayName": "Allowed resource values",
                "description": "List of resource values that are allowed."
            }
        },

        "aderesourceProviders": {
            "type": "array",
            "allowedValues": [
                "Microsoft.Kusto/clusters"
            ],
            "defaultValue": [
                "Microsoft.Kusto/clusters"
            ],
            "metadata": {
                "displayName": "Allowed resource provider values",
                "description": "List of resourceProvider values that are allowed."
            }
        }

    },
    "policyDefinitions": [
        {
            "policyDefinitionReferenceId": "Setting the naming standard for multiple resources",
            "policyDefinitionId": "/providers/Microsoft.Management/managementGroups/Global/providers/Microsoft.Authorization/policyDefinitions/SetNamingConvention",
            "parameters": {
                "effect": {
                    "value": "[parameters('effect')]"
                },
                "envValues": {
                    "value": "[parameters('envValues')]"
                },
                "regionValues": {
                    "value": "[parameters('regionValues')]"
                },
                "resourceProviders": {
                    "value": "[parameters('resourceProviders')]"
                },
                "resourceValues": {
                    "value": "[parameters('resourceValues')]"
                }
            }
        },
        {
            "policyDefinitionReferenceId": "Setting the naming standard for Virtual Machines",
            "policyDefinitionId": "/providers/Microsoft.Management/managementGroups/Global/providers/Microsoft.Authorization/policyDefinitions/SetNamingConventionVM",
            "parameters": {
                "effect": {
                    "value": "[parameters('effect')]"
                },

                "regionValues": {
                    "value": "[parameters('vmRegionValues')]"
                },
                "enValues": {
                    "value": "[parameters('enValues')]"
                }
            }
        },
        {
            "policyDefinitionReferenceId": "Setting the naming standard for Network Interfaces and Disks",
            "policyDefinitionId": "/providers/Microsoft.Management/managementGroups/Global/providers/Microsoft.Authorization/policyDefinitions/SetNamingConventionNIC",
            "parameters": {
                "effect": {
                    "value": "[parameters('effect')]"
                },
                "diskNICProviders": {
                    "value": "[parameters('diskNICProviders')]"
                }
            }
        },
        {
            "policyDefinitionReferenceId": "Setting the naming standard for Public IPs",
            "policyDefinitionId": "/providers/Microsoft.Management/managementGroups/Global/providers/Microsoft.Authorization/policyDefinitions/SetNamingConventionPIP",
            "parameters": {
                "effect": {
                    "value": "[parameters('effect')]"
                },
                "envValues": {
                    "value": "[parameters('envValues')]"
                }
            }
        }, {
            "policyDefinitionReferenceId": "Setting the naming standard for Azure Firewalls",
            "policyDefinitionId": "/providers/Microsoft.Management/managementGroups/Global/providers/Microsoft.Authorization/policyDefinitions/SetNamingConventionFW",
            "parameters": {
                "effect": {
                    "value": "[parameters('effect')]"
                },
                "regionValues": {
                    "value": "[parameters('regionValues')]"
                },
                "envValues": {
                    "value": "[parameters('envValues')]"
                }
            }
        }, {
            "policyDefinitionReferenceId": "Setting the naming standard for Route Names and Application Security Groups",
            "policyDefinitionId": "/providers/Microsoft.Management/managementGroups/Global/providers/Microsoft.Authorization/policyDefinitions/SetNamingConventionASG",
            "parameters": {
                "effect": {
                    "value": "[parameters('effect')]"
                },
                "regionValues": {
                    "value": "[parameters('regionValues')]"
                },
                "envValues": {
                    "value": "[parameters('envValues')]"
                },
                "asgRouteValues": {
                    "value": "[parameters('asgRouteValues')]"
                },
                "routeASGProviders": {
                    "value": "[parameters('routeASGProviders')]"
                }
            }
        }, {
            "policyDefinitionReferenceId": "Setting the naming standard for Storage Accounts",
            "policyDefinitionId": "/providers/Microsoft.Management/managementGroups/Global/providers/Microsoft.Authorization/policyDefinitions/SetNamingConventionSA",
            "parameters": {
                "effect": {
                    "value": "[parameters('effect')]"
                },
                "storageProviders": {
                    "value": "[parameters('storageProviders')]"
                }
            }
        }, {
            "policyDefinitionReferenceId": "Setting the naming standard for Data Lake Storage",
            "policyDefinitionId": "/providers/Microsoft.Management/managementGroups/Global/providers/Microsoft.Authorization/policyDefinitions/SetNamingConventionDL",
            "parameters": {
                "effect": {
                    "value": "[parameters('effect')]"
                }
            }
        }, {
            "policyDefinitionReferenceId": "Setting the naming standard for Function Apps",
            "policyDefinitionId": "/providers/Microsoft.Management/managementGroups/Global/providers/Microsoft.Authorization/policyDefinitions/SetNamingConventionApSrv",
            "parameters": {
                "effect": {
                    "value": "[parameters('effect')]"
                },
                "regionValues": {
                    "value": "[parameters('regionValues')]"
                },
                "envValues": {
                    "value": "[parameters('envValues')]"
                },
                "appResourceValues": {
                    "value": "[parameters('appResourceValues')]"
                }
            }
        },
        {
            "policyDefinitionReferenceId": "Setting the naming standard for Cognitive Services",
            "policyDefinitionId": "/providers/Microsoft.Management/managementGroups/Global/providers/Microsoft.Authorization/policyDefinitions/SetNamingConventionCogSrv",
            "parameters": {
                "effect": {
                    "value": "[parameters('effect')]"
                },
                "regionValues": {
                    "value": "[parameters('regionValues')]"
                },
                "envValues": {
                    "value": "[parameters('envValues')]"
                },
                "cogServicesResourceValues": {
                    "value": "[parameters('cogServicesResourceValues')]"
                }
            }
        },
        {
            "policyDefinitionReferenceId": "Setting the naming standard for Data Explorer",
            "policyDefinitionId": "/providers/Microsoft.Management/managementGroups/Global/providers/Microsoft.Authorization/policyDefinitions/SetNamingConventionADE",
            "parameters": {
                "effect": {
                    "value": "[parameters('effect')]"
                },
                "regionValues": {
                    "value": "[parameters('regionValues')]"
                },
                "envValues": {
                    "value": "[parameters('envValues')]"
                },
                "aderesourceValues": {
                    "value": "[parameters('aderesourceValues')]"
                },
                "aderesourceProviders": {
                    "value": "[parameters('aderesourceProviders')]"
                }
            }
        }
    ]
}
