{
    "name": "SQLSecurityInitiativeDefinition",
    "displayName": "SQL Security Initiative Definition",
    "description": "This initiative definition contains multiple SQL security policies",
    "metadata": {
        "category": "Azure SQL",
        "version": "1.0.0"
    },
    "parameters": {
        "SQLDatabaseMinimalTLS": {
            "type": "string",
            "metadata": {
                "displayName": "Azure SQL Database should have the minimal TLS version of 1.2"
            },
            "defaultValue": "Audit",
            "allowedValues": [
                "Audit",
                "Disabled",
                "Deny"
            ]
        },
        "SQLDatabaseMinimalTLSDeny": {
            "type": "string",
            "metadata": {
                "displayName": "Azure SQL Database should have the minimal TLS version of 1.2"
            },
            "defaultValue": "Deny",
            "allowedValues": [
                "Audit",
                "Disabled",
                "Deny"
            ]
        }
        
       
    },
    "policyDefinitions": [
        {
            "policyDefinitionReferenceId": "Deploy Threat Detection on SQL Servers",
            "policyDefinitionId": "/providers/Microsoft.Authorization/policyDefinitions/36d49e87-48c4-4f2e-beed-ba4ed02b71f5",
            "parameters": {}
        },
        {
            "policyDefinitionReferenceId": "Azure SQL Database should have the minimal TLS version of 1.2",
            "policyDefinitionId": "/providers/Microsoft.Management/managementGroups/Global/providers/Microsoft.Authorization/policyDefinitions/SQLDatabaseMinimalTLS",
            "parameters": {
                "effect": {
                    "value": "[parameters('SQLDatabaseMinimalTLS')]"
                }
            }
        },
        {
            "policyDefinitionReferenceId": "Azure SQL Database should have the minimal TLS version of 1.1",
            "policyDefinitionId": "/providers/Microsoft.Management/managementGroups/Global/providers/Microsoft.Authorization/policyDefinitions/SQLDatabaseMinimalTLSDeny",
            "parameters": {
                "effect": {
                    "value": "[parameters('SQLDatabaseMinimalTLSDeny')]"
                }
            }
        },
        {
            "policyDefinitionReferenceId": "Audit SQL DB transparent data encryption",
            "policyDefinitionId": "/providers/Microsoft.Management/managementGroups/Global/providers/Microsoft.Authorization/policyDefinitions/SQLDBAuditTDE",
            "parameters": {}
            
        },
        {
            "policyDefinitionReferenceId": "Deploy SQL DB transparent data encryption",
            "policyDefinitionId": "/providers/Microsoft.Authorization/policyDefinitions/86a912f6-9a06-4e26-b447-11b16ba8659f",
            "parameters": {}
        },
        {
            "policyDefinitionReferenceId": "Public network access on Azure SQL Database Audit",
            "policyDefinitionId": "/providers/Microsoft.Authorization/policyDefinitions/1b8ca024-1d5c-4dec-8995-b1a932b41780",
            "parameters": {
                "effect": {
                    "value": "Deny"
                }
            }
        }
    ]
}