{
    "name": "StorageInitiativeDefinition",
    "displayName": "Storage Initiative Definition",
    "description": "This initiative definition contains multiple storage account audit policies",
    "metadata": {
        "category": "Azure Storage",
        "version": "1.0.0"
    },
    "parameters": {
        "37e0d2fe-28a5-43d6-a273-67d37d1f5606": {
            "type": "string",
            "metadata": {
                "displayName": "Storage accounts should be migrated to new Azure Resource Manager resources"
            },
            "defaultValue": "Deny",
            "allowedValues": [
                "Audit",
                "Deny",
                "Disabled"
            ]
        },
        "4fa4b6c0-31ca-4c0d-b10d-24b96f62a751": {
            "type": "string",
            "metadata": {
                "displayName": "Storage account public access should be disallowed"
            },
            "defaultValue": "audit",
            "allowedValues": [
                "audit",
                "deny",
                "disabled"
            ]
        },
        "404c3081-a854-4457-ae30-26a93ef643f9": {
            "type": "string",
            "metadata": {
                "displayName": "Secure transfer to storage accounts should be enabled"
            },
            "defaultValue": "Deny",
            "allowedValues": [
                "Audit",
                "Deny",
                "Disabled"
            ]
        },
        "34c877ad-507e-4c82-993e-3452a6e0ad3c": {
            "type": "string",
            "metadata": {
                "displayName": "Storage accounts should restrict network access"
            },
            "defaultValue": "Audit",
            "allowedValues": [
                "Audit",
                "Deny",
                "Disabled"
            ]
        },
        "6edd7eda-6dd8-40f7-810d-67160c639cd9": {
            "type": "string",
            "metadata": {
                "displayName": "Storage account should use a private link connection"
            },
            "defaultValue": "AuditIfNotExists",
            "allowedValues": [
                "AuditIfNotExists",
                "Disabled"
            ]
        }
    },
    "policyDefinitions": [
        {
            "policyDefinitionReferenceId": "Storage accounts should be migrated to new Azure Resource Manager resources",
            "policyDefinitionId": "/providers/Microsoft.Authorization/policyDefinitions/37e0d2fe-28a5-43d6-a273-67d37d1f5606",
            "parameters": {
                "effect": {
                    "value": "[parameters('37e0d2fe-28a5-43d6-a273-67d37d1f5606')]"
                }
            },
            "groupNames": []
        },
        {
            "policyDefinitionReferenceId": "[Preview]: Storage account public access should be disallowed",
            "policyDefinitionId": "/providers/Microsoft.Authorization/policyDefinitions/4fa4b6c0-31ca-4c0d-b10d-24b96f62a751",
            "parameters": {
                "effect": {
                    "value": "[parameters('4fa4b6c0-31ca-4c0d-b10d-24b96f62a751')]"
                }
            },
            "groupNames": []
        },
        {
            "policyDefinitionReferenceId": "Secure transfer to storage accounts should be enabled",
            "policyDefinitionId": "/providers/Microsoft.Authorization/policyDefinitions/404c3081-a854-4457-ae30-26a93ef643f9",
            "parameters": {
                "effect": {
                    "value": "[parameters('404c3081-a854-4457-ae30-26a93ef643f9')]"
                }
            },
            "groupNames": []
        },
        {
            "policyDefinitionReferenceId": "Storage accounts should restrict network access",
            "policyDefinitionId": "/providers/Microsoft.Authorization/policyDefinitions/34c877ad-507e-4c82-993e-3452a6e0ad3c",
            "parameters": {
                "effect": {
                    "value": "[parameters('34c877ad-507e-4c82-993e-3452a6e0ad3c')]"
                }
            },
            "groupNames": []
        },
        {
            "policyDefinitionReferenceId": "Storage account should use a private link connection",
            "policyDefinitionId": "/providers/Microsoft.Authorization/policyDefinitions/6edd7eda-6dd8-40f7-810d-67160c639cd9",
            "parameters": {
                "effect": {
                    "value": "[parameters('6edd7eda-6dd8-40f7-810d-67160c639cd9')]"
                }
            },
            "groupNames": []
        }
    ]
}