{
    "name": "WebPubSubInitiativeDef",
    "displayName": "Web PubSub Service Initiative",
    "description":  "Web PubSub Service Initiative contains five policies",
    "metadata": {
      "category": "Azure Web PubSub Service",
      "version": "1.0.0"
    },
  "parameters": {
        "eb907f70-7514-460d-92b3-a5ae93b4f917": {
            "type": "string",
            "metadata": {
              "displayName": "Azure Web PubSub Service should use private link"
            },   
            "defaultValue": "Disabled",         
            "allowedValues": [
                "Audit",
                "Disabled"
              ]
          },
          "82909236-25f3-46a6-841c-fe1020f95ae1": {
            "type": "string",
            "metadata": {
              "displayName": "Azure Web PubSub Service should use a SKU that supports private link"
            },   
            "defaultValue": "Deny",         
            "allowedValues": [
                "Audit",
                "Deny",
                "Disabled"
              ]
          }
    }, 
    "policyDefinitions": [
      {
        "policyDefinitionReferenceId": "Azure Web PubSub Service should use private link",
        "policyDefinitionId": "/providers/Microsoft.Authorization/policyDefinitions/eb907f70-7514-460d-92b3-a5ae93b4f917",
        "parameters": {
           "effect": {
              "value": "[parameters('eb907f70-7514-460d-92b3-a5ae93b4f917')]"
          }
        },
        "groupNames": []
      },
      {
        "policyDefinitionReferenceId": "Azure Web PubSub Service should use a SKU that supports private link",
        "policyDefinitionId": "/providers/Microsoft.Authorization/policyDefinitions/82909236-25f3-46a6-841c-fe1020f95ae1",
        "parameters": {
           "effect": {
              "value": "[parameters('82909236-25f3-46a6-841c-fe1020f95ae1')]"
          }
        },
        "groupNames": []
      }
        ]
  }