{
    "root": {
      "scope": "/providers/Microsoft.Management/managementGroups/Global",
      "scopeDisplayName": "Global",
      "policyAssignments": [
        {
          "name": "auditCustomRBACUsageAssignment",
          "displayName": "Audit usage of custom RBAC rules - Assignment",
          "description": "Audit built-in roles such as 'Owner, Contributor, Reader' instead of custom RBAC roles, which are error prone. Using custom roles is treated as an exception and requires a rigorous review and threat modeling.",
          "definitionId": "/providers/Microsoft.Authorization/policyDefinitions/a451c1ef-c6ca-483d-87ed-f49761e3ffb5",
          "definitionDisplayName": "Audit usage of custom RBAC rules",
          "notScopes": [],
          "enforcementMode": "Default",
          "parameters": {
            "effect": "Audit"
          },
          "managedIdentity": {
            "assignIdentity": false,
            "location": "eastus2"
          }
        },
        {
          "name": "auditIfNotExistsAlertForPoliciesWrite",
          "displayName": "An activity log alert should exist for Policies Write operation - Assignment",
          "description": "This policy audits specific Security operations with no activity log alerts configured.",
          "definitionId": "/providers/Microsoft.Authorization/policyDefinitions/3b980d31-7904-4bb7-8575-5665739a8052",
          "definitionDisplayName": "An activity log alert should exist for specific Security operations",
          "notScopes": [],
          "enforcementMode": "Default",
          "parameters": {
            "effect": "AuditIfNotExists",
            "operationName": "Microsoft.Security/policies/write"
          },
          "managedIdentity": {
            "assignIdentity": false,
            "location": "eastus2"
          }
        },
        {
          "name": "auditIfNotExistsAlertForSecuritySolutionsWrite",
          "displayName": "An activity log alert should exist for Security Solutions Write operation - Assignment",
          "description": "This policy audits specific Security operations with no activity log alerts configured.",
          "definitionId": "/providers/Microsoft.Authorization/policyDefinitions/3b980d31-7904-4bb7-8575-5665739a8052",
          "definitionDisplayName": "An activity log alert should exist for specific Security operations",
          "notScopes": [],
          "enforcementMode": "Default",
          "parameters": {
            "effect": "AuditIfNotExists",
            "operationName": "Microsoft.Security/securitySolutions/write"
          },
          "managedIdentity": {
            "assignIdentity": false,
            "location": "eastus2"
          }
        },
        {
          "name": "auditIfNotExistsAlertForSecuritySolutionsDelete",
          "displayName": "An activity log alert should exist for Security Solutions Delete operation - Assignment",
          "description": "This policy audits specific Security operations with no activity log alerts configured.",
          "definitionId": "/providers/Microsoft.Authorization/policyDefinitions/3b980d31-7904-4bb7-8575-5665739a8052",
          "definitionDisplayName": "An activity log alert should exist for specific Security operations",
          "notScopes": [],
          "enforcementMode": "Default",
          "parameters": {
            "effect": "AuditIfNotExists",
            "operationName": "Microsoft.Security/securitySolutions/delete"
          },
          "managedIdentity": {
            "assignIdentity": false,
            "location": "eastus2"
          }
        },
        {
          "name": "auditIfNotExistsAlertForSQLFirewallRulesWrite",
          "displayName": "An activity log alert should exist for SQL Firewall Rules Write operation - Assignment",
          "description": "This policy audits specific Administrative operations with no activity log alerts configured.",
          "definitionId": "/providers/Microsoft.Authorization/policyDefinitions/b954148f-4c11-4c38-8221-be76711e194a",
          "definitionDisplayName": "This policy audits specific Administrative operations with no activity log alerts configured",
          "notScopes": [],
          "enforcementMode": "Default",
          "parameters": {
            "effect": "AuditIfNotExists",
            "operationName": "Microsoft.Sql/servers/firewallRules/write"
          },
          "managedIdentity": {
            "assignIdentity": false,
            "location": "eastus2"
          }
        },
        {
          "name": "auditIfNotExistsAlertForSQLFirewallRulesDelete",
          "displayName": "An activity log alert should exist for SQL Firewall Rules Delete operation - Assignment",
          "description": "This policy audits specific Administrative operations with no activity log alerts configured.",
          "definitionId": "/providers/Microsoft.Authorization/policyDefinitions/b954148f-4c11-4c38-8221-be76711e194a",
          "definitionDisplayName": "This policy audits specific Administrative operations with no activity log alerts configured",
          "notScopes": [],
          "enforcementMode": "Default",
          "parameters": {
            "effect": "AuditIfNotExists",
            "operationName": "Microsoft.Sql/servers/firewallRules/delete"
          },
          "managedIdentity": {
            "assignIdentity": false,
            "location": "eastus2"
          }
        },
        {
          "name": "auditIfNotExistsAlertForNSGWrite",
          "displayName": "An activity log alert should exist for NSG Write operation - Assignment",
          "description": "This policy audits specific Administrative operations with no activity log alerts configured.",
          "definitionId": "/providers/Microsoft.Authorization/policyDefinitions/b954148f-4c11-4c38-8221-be76711e194a",
          "definitionDisplayName": "This policy audits specific Administrative operations with no activity log alerts configured",
          "notScopes": [],
          "enforcementMode": "Default",
          "parameters": {
            "effect": "AuditIfNotExists",
            "operationName": "Microsoft.Network/networkSecurityGroups/write"
          },
          "managedIdentity": {
            "assignIdentity": false,
            "location": "eastus2"
          }
        },
        {
          "name": "auditIfNotExistsAlertForNSGDelete",
          "displayName": "An activity log alert should exist for NSG Delete operation - Assignment",
          "description": "This policy audits specific Administrative operations with no activity log alerts configured.",
          "definitionId": "/providers/Microsoft.Authorization/policyDefinitions/b954148f-4c11-4c38-8221-be76711e194a",
          "definitionDisplayName": "This policy audits specific Administrative operations with no activity log alerts configured",
          "notScopes": [],
          "enforcementMode": "Default",
          "parameters": {
            "effect": "AuditIfNotExists",
            "operationName": "Microsoft.Network/networkSecurityGroups/delete"
          },
          "managedIdentity": {
            "assignIdentity": false,
            "location": "eastus2"
          }
        },
        {
          "name": "auditIfNotExistsAlertForNSGSecurityRuleWrite",
          "displayName": "An activity log alert should exist for NSG Security Rule Write operation - Assignment",
          "description": "This policy audits specific Administrative operations with no activity log alerts configured.",
          "definitionId": "/providers/Microsoft.Authorization/policyDefinitions/b954148f-4c11-4c38-8221-be76711e194a",
          "definitionDisplayName": "This policy audits specific Administrative operations with no activity log alerts configured",
          "notScopes": [],
          "enforcementMode": "Default",
          "parameters": {
            "effect": "AuditIfNotExists",
            "operationName": "Microsoft.Network/networkSecurityGroups/securityRules/write"
          },
          "managedIdentity": {
            "assignIdentity": false,
            "location": "eastus2"
          }
        },
        {
          "name": "auditIfNotExistsAlertForNSGSecurityRuleDelete",
          "displayName": "An activity log alert should exist for NSG Security Rule Delete operation - Assignment",
          "description": "This policy audits specific Administrative operations with no activity log alerts configured.",
          "definitionId": "/providers/Microsoft.Authorization/policyDefinitions/b954148f-4c11-4c38-8221-be76711e194a",
          "definitionDisplayName": "This policy audits specific Administrative operations with no activity log alerts configured",
          "notScopes": [],
          "enforcementMode": "Default",
          "parameters": {
            "effect": "AuditIfNotExists",
            "operationName": "Microsoft.Network/networkSecurityGroups/securityRules/delete"
          },
          "managedIdentity": {
            "assignIdentity": false,
            "location": "eastus2"
          }
        },
        {
          "name": "auditIfNotExistsAlertForPolicyAssignmentWrite",
          "displayName": "An activity log alert should exist for Policy Assignment Write operation - Assignment",
          "description": "This assignment audits specific Policy operations with no activity log alerts configured.",
          "definitionId": "/providers/Microsoft.Authorization/policyDefinitions/c5447c04-a4d7-4ba8-a263-c9ee321a6858",
          "definitionDisplayName": "This policy audits specific Policy operations with no activity log alerts configured", 
          "notScopes": [],
          "enforcementMode": "Default",
          "parameters": {
            "effect": "AuditIfNotExists",
            "operationName": "Microsoft.Authorization/policyAssignments/write"
          },
          "managedIdentity": {
            "assignIdentity": false,
            "location": "eastus2"
          }
        },
        {
          "name": "auditIfNotExistsAlertForPolicyAssignmentDelete",
          "displayName": "An activity log alert should exist for Policy Assignment Delete operation - Assignment",
          "description": "This assignment audits specific Policy operations with no activity log alerts configured.",
          "definitionId": "/providers/Microsoft.Authorization/policyDefinitions/c5447c04-a4d7-4ba8-a263-c9ee321a6858",
          "definitionDisplayName": "This policy audits specific Policy operations with no activity log alerts configured", 
          "notScopes": [],
          "enforcementMode": "Default",
          "parameters": {
            "effect": "AuditIfNotExists",
            "operationName": "Microsoft.Authorization/policyAssignments/delete"
          },
          "managedIdentity": {
            "assignIdentity": false,
            "location": "eastus2"
          }
        },
        {
          "name": "appendOwnerNameTagFromRG",
          "displayName": "Assignment to append OwnerName tag from the resource group",
          "description": "This assignment appends the specified tag with its value from the resource group when any resource which is missing this tag is created or updated. Does not modify the tags of resources created before this policy was applied until those resources are changed.",
          "definitionId": "/providers/Microsoft.Authorization/policyDefinitions/TaggingInitiativeDefinition",
          "definitionDisplayName": "Append a tag and its value from the resource group", 
          "notScopes": [],
          "enforcementMode": "Default",
          "parameters": {
            "9ea02ca2-71db-412d-8b00-7c7ca9fcd32d": "OwnerName"
          },
          "managedIdentity": {
            "assignIdentity": false,
            "location": "eastus2"
          }
        }
      ],
      "policySetAssignments": [
          {
          "name": "appendDivisionTagFromRG",
          "displayName": "Assignment to append Division tag from the resource group",
          "description": "This assignment appends the specified tag with its value from the resource group when any resource which is missing this tag is created or updated. Does not modify the tags of resources created before this policy was applied until those resources are changed.",
          "definitionId": "/providers/Microsoft.Management/managementGroups/Global/providers/Microsoft.Authorization/policySetDefinitions/TaggingInitiativeDefinition",
          "definitionDisplayName": "Append a tag and its value from the resource group", 
          "notScopes": [],
          "enforcementMode": "Default",
          "parameters": {
            "9ea02ca2-71db-412d-8b00-7c7ca9fcd32d": "Division"
          },
          "managedIdentity": {
            "assignIdentity": false,
            "location": "eastus2"
          }
        },
        {
          "name": "appendDepartmentTagFromRG",
          "displayName": "Assignment to append Department tag from the resource group",
          "description": "This assignment appends the specified tag with its value from the resource group when any resource which is missing this tag is created or updated. Does not modify the tags of resources created before this policy was applied until those resources are changed.",
          "definitionId": "/providers/Microsoft.Management/managementGroups/Global/providers/Microsoft.Authorization/policySetDefinitions/TaggingInitiativeDefinition",
          "definitionDisplayName": "Append a tag and its value from the resource group", 
          "notScopes": [],
          "enforcementMode": "Default",
          "parameters": {
            "9ea02ca2-71db-412d-8b00-7c7ca9fcd32d": "Department"
          },
          "managedIdentity": {
            "assignIdentity": false,
            "location": "eastus2"
          }
        },
        {
          "name": "appendMetalBandTagFromRG",
          "displayName": "Assignment to append MetalBand tag from the resource group",
          "description": "This assignment appends the specified tag with its value from the resource group when any resource which is missing this tag is created or updated. Does not modify the tags of resources created before this policy was applied until those resources are changed.",
          "definitionId": "/providers/Microsoft.Management/managementGroups/Global/providers/Microsoft.Authorization/policySetDefinitions/TaggingInitiativeDefinition",
          "definitionDisplayName": "Append a tag and its value from the resource group", 
          "notScopes": [],
          "enforcementMode": "Default",
          "parameters": {
            "9ea02ca2-71db-412d-8b00-7c7ca9fcd32d": "MetalBand"
          },
          "managedIdentity": {
            "assignIdentity": false,
            "location": "eastus2"
          }
        },
        {
          "name": "appendProjectNameTagFromRG",
          "displayName": "Assignment to append ProjectName tag from the resource group",
          "description": "This assignment appends the specified tag with its value from the resource group when any resource which is missing this tag is created or updated. Does not modify the tags of resources created before this policy was applied until those resources are changed.",
          "definitionId": "/providers/Microsoft.Management/managementGroups/Global/providers/Microsoft.Authorization/policySetDefinitions/TaggingInitiativeDefinition",
          "definitionDisplayName": "Append a tag and its value from the resource group", 
          "notScopes": [],
          "enforcementMode": "Default",
          "parameters": {
            "9ea02ca2-71db-412d-8b00-7c7ca9fcd32d": "ProjectName"
          },
          "managedIdentity": {
            "assignIdentity": false,
            "location": "eastus2"
          }
        },
        {
          "name": "appendEnvironmentTagFromRG",
          "displayName": "Assignment to append Environment tag from the resource group",
          "description": "This assignment appends the specified tag with its value from the resource group when any resource which is missing this tag is created or updated. Does not modify the tags of resources created before this policy was applied until those resources are changed.",
          "definitionId": "/providers/Microsoft.Management/managementGroups/Global/providers/Microsoft.Authorization/policySetDefinitions/TaggingInitiativeDefinition",
          "definitionDisplayName": "Append a tag and its value from the resource group", 
          "notScopes": [],
          "enforcementMode": "Default",
          "parameters": {
            "9ea02ca2-71db-412d-8b00-7c7ca9fcd32d": "Environment"
          },
          "managedIdentity": {
            "assignIdentity": false,
            "location": "eastus2"
          }
        },
        {
          "name": "appendContactNameTagFromRG",
          "displayName": "Assignment to append ContactName tag from the resource group",
          "description": "This assignment appends the specified tag with its value from the resource group when any resource which is missing this tag is created or updated. Does not modify the tags of resources created before this policy was applied until those resources are changed.",
          "definitionId": "/providers/Microsoft.Management/managementGroups/Global/providers/Microsoft.Authorization/policySetDefinitions/TaggingInitiativeDefinition",
          "definitionDisplayName": "Append a tag and its value from the resource group", 
          "notScopes": [],
          "enforcementMode": "Default",
          "parameters": {
            "9ea02ca2-71db-412d-8b00-7c7ca9fcd32d": "ContactName"
          },
          "managedIdentity": {
            "assignIdentity": false,
            "location": "eastus2"
          }
        },
        {
          "name": "appendContactEmailTagFromRG",
          "displayName": "Assignment to append ContactEmail tag from the resource group",
          "description": "This assignment appends the specified tag with its value from the resource group when any resource which is missing this tag is created or updated. Does not modify the tags of resources created before this policy was applied until those resources are changed.",
          "definitionId": "/providers/Microsoft.Management/managementGroups/Global/providers/Microsoft.Authorization/policySetDefinitions/TaggingInitiativeDefinition",
          "definitionDisplayName": "Append a tag and its value from the resource group", 
          "notScopes": [],
          "enforcementMode": "Default",
          "parameters": {
            "9ea02ca2-71db-412d-8b00-7c7ca9fcd32d": "ContactEmail"
          },
          "managedIdentity": {
            "assignIdentity": false,
            "location": "eastus2"
          }
        },
        {
          "name": "appendManagedByVendorTagFromRG",
          "displayName": "Assignment to append ManagedByVendor tag from the resource group",
          "description": "This assignment appends the specified tag with its value from the resource group when any resource which is missing this tag is created or updated. Does not modify the tags of resources created before this policy was applied until those resources are changed.",
          "definitionId": "/providers/Microsoft.Management/managementGroups/Global/providers/Microsoft.Authorization/policySetDefinitions/TaggingInitiativeDefinition",
          "definitionDisplayName": "Append a tag and its value from the resource group", 
          "notScopes": [],
          "enforcementMode": "Default",
          "parameters": {
            "9ea02ca2-71db-412d-8b00-7c7ca9fcd32d": "ManagedByVendor"
          },
          "managedIdentity": {
            "assignIdentity": false,
            "location": "eastus2"
          }
        },
        {
          "name": "appendCostCenterTagFromRG",
          "displayName": "Assignment to append CostCenter tag from the resource group",
          "description": "This assignment appends the specified tag with its value from the resource group when any resource which is missing this tag is created or updated. Does not modify the tags of resources created before this policy was applied until those resources are changed.",
          "definitionId": "/providers/Microsoft.Management/managementGroups/Global/providers/Microsoft.Authorization/policySetDefinitions/TaggingInitiativeDefinition",
          "definitionDisplayName": "Append a tag and its value from the resource group", 
          "notScopes": [],
          "enforcementMode": "Default",
          "parameters": {
            "9ea02ca2-71db-412d-8b00-7c7ca9fcd32d": "CostCenter"
          },
          "managedIdentity": {
            "assignIdentity": false,
            "location": "eastus2"
          }
        },
        {
          "name": "appendRTBTagFromRG",
          "displayName": "Assignment to append RTB tag from the resource group",
          "description": "This assignment appends the specified tag with its value from the resource group when any resource which is missing this tag is created or updated. Does not modify the tags of resources created before this policy was applied until those resources are changed.",
          "definitionId": "/providers/Microsoft.Management/managementGroups/Global/providers/Microsoft.Authorization/policySetDefinitions/TaggingInitiativeDefinition",
          "definitionDisplayName": "Append a tag and its value from the resource group", 
          "notScopes": [],
          "enforcementMode": "Default",
          "parameters": {
            "9ea02ca2-71db-412d-8b00-7c7ca9fcd32d": "RTB"
          },
          "managedIdentity": {
            "assignIdentity": false,
            "location": "eastus2"
          }
        },
        {
          "name": "appendINVPTagFromRG",
          "displayName": "Assignment to append INVP tag from the resource group",
          "description": "This assignment appends the specified tag with its value from the resource group when any resource which is missing this tag is created or updated. Does not modify the tags of resources created before this policy was applied until those resources are changed.",
          "definitionId": "/providers/Microsoft.Management/managementGroups/Global/providers/Microsoft.Authorization/policySetDefinitions/TaggingInitiativeDefinition",
          "definitionDisplayName": "Append a tag and its value from the resource group", 
          "notScopes": [],
          "enforcementMode": "Default",
          "parameters": {
            "9ea02ca2-71db-412d-8b00-7c7ca9fcd32d": "INVP"
          },
          "managedIdentity": {
            "assignIdentity": false,
            "location": "eastus2"
          }
        },
        {
          "name": "appendRequestorTagFromRG",
          "displayName": "Assignment to append Requestor tag from the resource group",
          "description": "This assignment appends the specified tag with its value from the resource group when any resource which is missing this tag is created or updated. Does not modify the tags of resources created before this policy was applied until those resources are changed.",
          "definitionId": "/providers/Microsoft.Management/managementGroups/Global/providers/Microsoft.Authorization/policySetDefinitions/TaggingInitiativeDefinition",
          "definitionDisplayName": "Append a tag and its value from the resource group", 
          "notScopes": [],
          "enforcementMode": "Default",
          "parameters": {
            "9ea02ca2-71db-412d-8b00-7c7ca9fcd32d": "Requestor"
          },
          "managedIdentity": {
            "assignIdentity": false,
            "location": "eastus2"
          }
        },
        {
          "name": "appendBuildDateTagFromRG",
          "displayName": "Assignment to append BuildDate tag from the resource group",
          "description": "This assignment appends the specified tag with its value from the resource group when any resource which is missing this tag is created or updated. Does not modify the tags of resources created before this policy was applied until those resources are changed.",
          "definitionId": "/providers/Microsoft.Management/managementGroups/Global/providers/Microsoft.Authorization/policySetDefinitions/TaggingInitiativeDefinition",
          "definitionDisplayName": "Append a tag and its value from the resource group", 
          "notScopes": [],
          "enforcementMode": "Default",
          "parameters": {
            "9ea02ca2-71db-412d-8b00-7c7ca9fcd32d": "BuildDate"
          },
          "managedIdentity": {
            "assignIdentity": false,
            "location": "eastus2"
          }
        },
        {
          "name": "appendExpiryStatusTagFromRG",
          "displayName": "Assignment to append ExpiryStatus tag from the resource group",
          "description": "This assignment appends the specified tag with its value from the resource group when any resource which is missing this tag is created or updated. Does not modify the tags of resources created before this policy was applied until those resources are changed.",
          "definitionId": "/providers/Microsoft.Management/managementGroups/Global/providers/Microsoft.Authorization/policySetDefinitions/TaggingInitiativeDefinition",
          "definitionDisplayName": "Append a tag and its value from the resource group", 
          "notScopes": [],
          "enforcementMode": "Default",
          "parameters": {
            "9ea02ca2-71db-412d-8b00-7c7ca9fcd32d": "ExpiryStatus"
          },
          "managedIdentity": {
            "assignIdentity": false,
            "location": "eastus2"
          }
        },
        {
          "name": "subscriptionInitiativeDefinitionAssignment",
          "displayName": "Subscription Initiative Definition - Assignment",
          "description": "Assignment for Subscription Initiative Definition.",
          "definitionId": "/providers/Microsoft.Authorization/policySetDefinitions/subscriptionInitiativeDefinition",
          "definitionDisplayName": "Subscription Initiative Definition",
          "notScopes": [],
          "enforcementMode": "Default",
          "parameters": {
            "10ee2ea2-fb4d-45b8-a7e9-a2e770044cd9": "Audit",
            "09024ccc-0c5f-475e-9457-b7c0d9ed487b": "AuditIfNotExists"
          },
          "managedIdentity": {
            "assignIdentity": false,
            "location": "eastus2"
          }
        },
        {
          "name": "notificationsInitiativeDefinitionAssignment",
          "displayName": "Notifications Initiative Definition - Assignment",
          "description": "Assignment for Notifications Initiative Definition.",
          "definitionId": "/providers/Microsoft.Authorization/policySetDefinitions/notificationsInitiativeDefinition",
          "definitionDisplayName": "Notifications Initiative Definition",
          "notScopes": [],
          "enforcementMode": "Default",
          "parameters": {
            "6e2593d9-add6-4083-9c9b-4b7d2188c899": "AuditIfNotExists",
            "0b15565f-aa9e-48ba-8619-45960f2c314d": "AuditIfNotExists"
          },
          "managedIdentity": {
            "assignIdentity": false,
            "location": "eastus2"
          }
        },
        {
          "name": "securityInitiativeDefinitionAssignment",
          "displayName": "Security Initiative Definition - Assignment",
          "description": "Assignment for Security Initiative Definition.",
          "definitionId": "/providers/Microsoft.Authorization/policySetDefinitions/securityInitiativeDefinition",
          "definitionDisplayName": "Security Initiative Definition",
          "notScopes": [],
          "enforcementMode": "Default",
          "parameters": {
            "4f4f78b8-e367-4b10-a341-d9a4ad5cf1c7": "AuditIfNotExists",
            "a1181c5f-672a-477a-979a-7d58aa086233": "Audit"
          },
          "managedIdentity": {
            "assignIdentity": false,
            "location": "eastus2"
          }
        },
        {
          "name": "backupInitiativeDefinitionAssignment",
          "displayName": "Backup Initiative Definition - Assignment",
          "description": "Assignment for Backup Initiative Definition.",
          "definitionId": "/providers/Microsoft.Authorization/policySetDefinitions/BackupInitiativeDefinition",
          "definitionDisplayName": "Backup Initiative Definition",
          "notScopes": [],
          "enforcementMode": "Default",
          "parameters": {
            "013e242c-8828-4970-87b3-ab247555486d": "AuditIfNotExists"
          },
          "managedIdentity": {
            "assignIdentity": false,
            "location": "eastus2"
          }
        },
        {
          "name": "monitorInitiativeDefinitionAssignment",
          "displayName": "Monitor Initiative Definition - Assignment",
          "description": "Assignment for Monitor Initiative Definition.",
          "definitionId": "/providers/Microsoft.Authorization/policySetDefinitions/MonitorInitiativeDefinition",
          "definitionDisplayName": "Monitor Initiative Definition",
          "notScopes": [],
          "enforcementMode": "Default",
          "parameters": {
            "41388f1c-2db0-4c25-95b2-35d7f5ccbfa9": "AuditIfNotExists",
            "3e596b57-105f-48a6-be97-03e9243bad6e": "AuditIfNotExists"
          },
          "managedIdentity": {
            "assignIdentity": false,
            "location": "eastus2"
          }
        },
        {
          "name": "networkInitiativeDefinitionAssignment",
          "displayName": "Network Initiative Definition - Assignment",
          "description": "Assignment for Network Initiative Definition.",
          "definitionId": "/providers/Microsoft.Authorization/policySetDefinitions/NetworkInitiativeDefinition",
          "definitionDisplayName": "Network Initiative Definition",
          "notScopes": [],
          "enforcementMode": "Default",
          "parameters": {
            "b6e2945c-0b7b-40f5-9233-7a5323b5cdc6-locations": ["eastus2", "centralus","uksouth","ukwest"]
          },
          "managedIdentity": {
            "assignIdentity": false,
            "location": "eastus2"
          }
        },
        {
          "name": "logsInitiativeDefinitionAssignment",
          "displayName": "Logs Initiative Definition - Assignment",
          "description": "Assignment for Logs Initiative Definition.",
          "definitionId": "/providers/Microsoft.Authorization/policySetDefinitions/LogsInitiativeDefinition",
          "definitionDisplayName": "Logs Initiative Definition",
          "notScopes": [],
          "enforcementMode": "Default",
          "parameters": {
            "1a4e592a-6a6e-44a5-9814-e36264ca96e7": "AuditIfNotExists",
            "7796937f-307b-4598-941c-67d3a05ebfe7": "AuditIfNotExists",
            "c95c74d9-38fe-4f0d-af86-0c7d626a315c-effect": "AuditIfNotExists",
            "c95c74d9-38fe-4f0d-af86-0c7d626a315c-retentionDays": "365",
            "34f95f76-5386-4de7-b824-0d8478470c9d-effect": "AuditIfNotExists",
            "34f95f76-5386-4de7-b824-0d8478470c9d-retentionDays": "365",
            "7c1b1214-f927-48bf-8882-84f0af6588b1": "AuditIfNotExists",
            "efbde977-ba53-4479-b8e9-10b957924fbf": "AuditIfNotExists",
            "a70ca396-0a34-413a-88e1-b956c1e683be": "AuditIfNotExists"
          },
          "managedIdentity": {
            "assignIdentity": false,
            "location": "eastus2"
          }
        },
        {
          "name": "auditInitiativeDefinitionAssignment",
          "displayName": "Audit Initiative Definition - Assignment",
          "description": "Assignment for Audit Initiative Definition.",
          "definitionId": "/providers/Microsoft.Authorization/policySetDefinitions/AuditInitiativeDefinition",
          "definitionDisplayName": "Audit Initiative Definition",
          "notScopes": [],
          "enforcementMode": "Default",
          "parameters": {
            "7f89b1eb-583c-429a-8828-af049802c1d9-listOfResourceTypes": ["virtualMachines", "namespaces/eventhubs"]
          },
          "managedIdentity": {
            "assignIdentity": false,
            "location": "eastus2"
          }
        }
      ],
      "children": [
        {
          "scope": "/providers/Microsoft.Management/managementGroups/Global-US",
          "scopeDisplayName": "US",
          "policyAssignments": [],
          "policySetAssignments": [            {
              "name": "AllowedLocationsDefinitionAssignment",
              "displayName": "US Allowed locations - Assignment",
              "description": "Assignment for Allowed Locations Definition.",
              "definitionId": "/providers/Microsoft.Management/managementGroups/Global/providers/Microsoft.Authorization/policySetDefinitions/AllowedLocationsDefinition",
              "definitionDisplayName": "Assignment for Allowed Locations Definition.",
              "notScopes": [],
              "enforcementMode": "Default",
              "parameters": {
                "e56962a6-4747-49cd-b67b-bf8b01975c4c": ["eastus", "eastus2", "centralus"]
              },
              "managedIdentity": {
                "assignIdentity": false,
                "location": "eastus2"
              }
            }
            ],
          "children": []
        },
        {
          "scope": "/providers/Microsoft.Management/managementGroups/Global-UK",
          "scopeDisplayName": "UK",
          "policyAssignments": [],
          "policySetAssignments": [
            {
              "name": "AllowedLocationsDefinitionAssignment",
              "displayName": "UK Allowed locations - Assignment",
              "description": "Assignment for Allowed Locations Definition.",
              "definitionId": "/providers/Microsoft.Management/managementGroups/Global/providers/Microsoft.Authorization/policySetDefinitions/AllowedLocationsDefinition",
              "definitionDisplayName": "Assignment for Allowed Locations Definition.",
              "notScopes": [],
              "enforcementMode": "Default",
              "parameters": {
                "e56962a6-4747-49cd-b67b-bf8b01975c4c": ["uksouth","ukwest"]
              },
              "managedIdentity": {
                "assignIdentity": false,
                "location": "eastus2"
              }
            }
            ],
          "children": []
        }
      ]
    }
  }
  